"seqid","source","type","start","end","score","strand","phase","attributes","longitud"
"JAJSEB010000012.1","Genbank","gene",18,527,".","-",".","ID=gene-LSM04_000567;Name=LSM04_000567;gbkey=Gene;gene_biotype=protein_coding;locus_tag=LSM04_000567;partial=true;start_range=.,18",510
"JAJSEB010000012.1","Genbank","gene",785,1078,".","+",".","ID=gene-LSM04_009643;Name=LSM04_009643;gbkey=Gene;gene_biotype=protein_coding;locus_tag=LSM04_009643",294
"JAJSEB010000012.1","Genbank","gene",2585,3743,".","-",".","ID=gene-LSM04_008966;Name=LSM04_008966;gbkey=Gene;gene_biotype=protein_coding;locus_tag=LSM04_008966",1159
"JAJSEB010000012.1","Genbank","gene",3301,3573,".","+",".","ID=gene-LSM04_006827;Name=LSM04_006827;gbkey=Gene;gene_biotype=protein_coding;locus_tag=LSM04_006827",273
"JAJSEB010000012.1","Genbank","gene",6204,7187,".","+",".","ID=gene-LSM04_003726;Name=LSM04_003726;gbkey=Gene;gene_biotype=protein_coding;locus_tag=LSM04_003726",984
"JAJSEB010000012.1","Genbank","gene",7436,8347,".","+",".","ID=gene-LSM04_007507;Name=LSM04_007507;gbkey=Gene;gene_biotype=protein_coding;locus_tag=LSM04_007507",912
"JAJSEB010000012.1","Genbank","gene",9265,9585,".","+",".","ID=gene-LSM04_002395;Name=LSM04_002395;gbkey=Gene;gene_biotype=protein_coding;locus_tag=LSM04_002395",321
"JAJSEB010000012.1","Genbank","gene",9825,11453,".","+",".","ID=gene-LSM04_001402;Name=LSM04_001402;gbkey=Gene;gene_biotype=protein_coding;locus_tag=LSM04_001402",1629
"JAJSEB010000012.1","Genbank","gene",11791,25791,".","+",".","ID=gene-LSM04_000264;Name=LSM04_000264;gbkey=Gene;gene_biotype=protein_coding;locus_tag=LSM04_000264",14001
"JAJSEB010000012.1","Genbank","gene",26238,31106,".","+",".","ID=gene-LSM04_000668;Name=LSM04_000668;gbkey=Gene;gene_biotype=protein_coding;locus_tag=LSM04_000668",4869
"JAJSEB010000012.1","Genbank","gene",31601,32442,".","+",".","ID=gene-LSM04_005525;Name=LSM04_005525;gbkey=Gene;gene_biotype=protein_coding;locus_tag=LSM04_005525",842
"JAJSEB010000012.1","Genbank","gene",32476,33075,".","+",".","ID=gene-LSM04_002508;Name=LSM04_002508;gbkey=Gene;gene_biotype=protein_coding;locus_tag=LSM04_002508",600
"JAJSEB010000012.1","Genbank","gene",33432,35138,".","+",".","ID=gene-LSM04_008706;Name=LSM04_008706;gbkey=Gene;gene_biotype=protein_coding;locus_tag=LSM04_008706",1707
"JAJSEB010000012.1","Genbank","gene",36095,38263,".","+",".","ID=gene-LSM04_000607;Name=LSM04_000607;gbkey=Gene;gene_biotype=protein_coding;locus_tag=LSM04_000607",2169
"JAJSEB010000012.1","Genbank","gene",39477,43778,".","+",".","ID=gene-LSM04_001944;Name=LSM04_001944;gbkey=Gene;gene_biotype=protein_coding;locus_tag=LSM04_001944",4302
"JAJSEB010000012.1","Genbank","gene",44732,47443,".","+",".","ID=gene-LSM04_002593;Name=LSM04_002593;gbkey=Gene;gene_biotype=protein_coding;locus_tag=LSM04_002593",2712
"JAJSEB010000012.1","Genbank","gene",49023,49439,".","+",".","ID=gene-LSM04_004328;Name=LSM04_004328;gbkey=Gene;gene_biotype=protein_coding;locus_tag=LSM04_004328",417
"JAJSEB010000012.1","Genbank","gene",50302,52002,".","+",".","ID=gene-LSM04_000204;Name=LSM04_000204;gbkey=Gene;gene_biotype=protein_coding;locus_tag=LSM04_000204",1701
"JAJSEB010000012.1","Genbank","gene",53655,54713,".","+",".","ID=gene-LSM04_000004;Name=LSM04_000004;gbkey=Gene;gene_biotype=protein_coding;locus_tag=LSM04_000004",1059
"JAJSEB010000012.1","Genbank","gene",55053,58268,".","+",".","ID=gene-LSM04_006071;Name=LSM04_006071;gbkey=Gene;gene_biotype=protein_coding;locus_tag=LSM04_006071",3216
"JAJSEB010000012.1","Genbank","gene",58620,59453,".","+",".","ID=gene-LSM04_005616;Name=LSM04_005616;gbkey=Gene;gene_biotype=protein_coding;locus_tag=LSM04_005616",834
"JAJSEB010000012.1","Genbank","gene",60075,63374,".","+",".","ID=gene-LSM04_006172;Name=LSM04_006172;gbkey=Gene;gene_biotype=protein_coding;locus_tag=LSM04_006172",3300
"JAJSEB010000012.1","Genbank","gene",65346,68105,".","+",".","ID=gene-LSM04_003388;Name=LSM04_003388;gbkey=Gene;gene_biotype=protein_coding;locus_tag=LSM04_003388",2760
"JAJSEB010000012.1","Genbank","gene",68520,69107,".","+",".","ID=gene-LSM04_000125;Name=LSM04_000125;gbkey=Gene;gene_biotype=protein_coding;locus_tag=LSM04_000125",588
"JAJSEB010000012.1","Genbank","gene",70694,72316,".","+",".","ID=gene-LSM04_002355;Name=LSM04_002355;gbkey=Gene;gene_biotype=protein_coding;locus_tag=LSM04_002355",1623
"JAJSEB010000012.1","Genbank","gene",72702,73175,".","+",".","ID=gene-LSM04_009350;Name=LSM04_009350;gbkey=Gene;gene_biotype=protein_coding;locus_tag=LSM04_009350",474
"JAJSEB010000012.1","Genbank","gene",73990,87768,".","+",".","ID=gene-LSM04_003373;Name=LSM04_003373;gbkey=Gene;gene_biotype=protein_coding;locus_tag=LSM04_003373",13779
"JAJSEB010000012.1","Genbank","gene",88218,88898,".","+",".","ID=gene-LSM04_002319;Name=LSM04_002319;gbkey=Gene;gene_biotype=protein_coding;locus_tag=LSM04_002319",681
"JAJSEB010000012.1","Genbank","gene",89556,90443,".","+",".","ID=gene-LSM04_000631;Name=LSM04_000631;gbkey=Gene;gene_biotype=protein_coding;locus_tag=LSM04_000631",888
"JAJSEB010000012.1","Genbank","gene",91294,94626,".","+",".","ID=gene-LSM04_002624;Name=LSM04_002624;gbkey=Gene;gene_biotype=protein_coding;locus_tag=LSM04_002624",3333
"JAJSEB010000012.1","Genbank","gene",95107,100476,".","+",".","ID=gene-LSM04_006580;Name=LSM04_006580;gbkey=Gene;gene_biotype=protein_coding;locus_tag=LSM04_006580",5370
"JAJSEB010000012.1","Genbank","gene",103250,104989,".","+",".","ID=gene-LSM04_006249;Name=LSM04_006249;gbkey=Gene;gene_biotype=protein_coding;locus_tag=LSM04_006249",1740
"JAJSEB010000012.1","Genbank","gene",105487,106140,".","+",".","ID=gene-LSM04_005157;Name=LSM04_005157;gbkey=Gene;gene_biotype=protein_coding;locus_tag=LSM04_005157",654
"JAJSEB010000012.1","Genbank","gene",106827,109049,".","+",".","ID=gene-LSM04_007715;Name=LSM04_007715;gbkey=Gene;gene_biotype=protein_coding;locus_tag=LSM04_007715",2223
"JAJSEB010000012.1","Genbank","gene",114069,116291,".","+",".","ID=gene-LSM04_007656;Name=LSM04_007656;gbkey=Gene;gene_biotype=protein_coding;locus_tag=LSM04_007656",2223
"JAJSEB010000012.1","Genbank","gene",116781,117707,".","+",".","ID=gene-LSM04_006824;Name=LSM04_006824;gbkey=Gene;gene_biotype=protein_coding;locus_tag=LSM04_006824",927
"JAJSEB010000012.1","Genbank","gene",118459,120246,".","+",".","ID=gene-LSM04_000444;Name=LSM04_000444;gbkey=Gene;gene_biotype=protein_coding;locus_tag=LSM04_000444",1788
"JAJSEB010000012.1","Genbank","gene",121166,123304,".","+",".","ID=gene-LSM04_007461;Name=LSM04_007461;gbkey=Gene;gene_biotype=protein_coding;locus_tag=LSM04_007461",2139
"JAJSEB010000012.1","Genbank","gene",123980,126505,".","+",".","ID=gene-LSM04_002998;Name=LSM04_002998;gbkey=Gene;gene_biotype=protein_coding;locus_tag=LSM04_002998",2526
"JAJSEB010000012.1","Genbank","gene",127322,130507,".","+",".","ID=gene-LSM04_005982;Name=LSM04_005982;gbkey=Gene;gene_biotype=protein_coding;locus_tag=LSM04_005982",3186
"JAJSEB010000012.1","Genbank","gene",131152,133773,".","+",".","ID=gene-LSM04_009667;Name=LSM04_009667;gbkey=Gene;gene_biotype=protein_coding;locus_tag=LSM04_009667",2622
"JAJSEB010000012.1","Genbank","gene",134184,135497,".","+",".","ID=gene-LSM04_003106;Name=LSM04_003106;gbkey=Gene;gene_biotype=protein_coding;locus_tag=LSM04_003106",1314
"JAJSEB010000012.1","Genbank","gene",135932,136711,".","+",".","ID=gene-LSM04_005606;Name=LSM04_005606;gbkey=Gene;gene_biotype=protein_coding;locus_tag=LSM04_005606",780
"JAJSEB010000012.1","Genbank","gene",138522,139553,".","+",".","ID=gene-LSM04_007583;Name=LSM04_007583;gbkey=Gene;gene_biotype=protein_coding;locus_tag=LSM04_007583",1032
"JAJSEB010000012.1","Genbank","gene",139599,139802,".","+",".","ID=gene-LSM04_000552;Name=LSM04_000552;gbkey=Gene;gene_biotype=protein_coding;locus_tag=LSM04_000552",204
"JAJSEB010000012.1","Genbank","gene",141755,142786,".","+",".","ID=gene-LSM04_001973;Name=LSM04_001973;gbkey=Gene;gene_biotype=protein_coding;locus_tag=LSM04_001973",1032
"JAJSEB010000012.1","Genbank","gene",142832,143035,".","+",".","ID=gene-LSM04_006657;Name=LSM04_006657;gbkey=Gene;gene_biotype=protein_coding;locus_tag=LSM04_006657",204
"JAJSEB010000012.1","Genbank","gene",144983,146262,".","+",".","ID=gene-LSM04_002627;Name=LSM04_002627;gbkey=Gene;gene_biotype=protein_coding;locus_tag=LSM04_002627",1280
"JAJSEB010000012.1","Genbank","gene",146956,148233,".","+",".","ID=gene-LSM04_003828;Name=LSM04_003828;gbkey=Gene;gene_biotype=protein_coding;locus_tag=LSM04_003828",1278
"JAJSEB010000012.1","Genbank","gene",149419,150525,".","+",".","ID=gene-LSM04_009517;Name=LSM04_009517;gbkey=Gene;gene_biotype=protein_coding;locus_tag=LSM04_009517",1107
"JAJSEB010000012.1","Genbank","gene",151336,152385,".","+",".","ID=gene-LSM04_002287;Name=LSM04_002287;gbkey=Gene;gene_biotype=protein_coding;locus_tag=LSM04_002287",1050
"JAJSEB010000012.1","Genbank","gene",153079,153621,".","+",".","ID=gene-LSM04_008949;Name=LSM04_008949;gbkey=Gene;gene_biotype=protein_coding;locus_tag=LSM04_008949",543
"JAJSEB010000012.1","Genbank","gene",153869,154921,".","+",".","ID=gene-LSM04_002960;Name=LSM04_002960;gbkey=Gene;gene_biotype=protein_coding;locus_tag=LSM04_002960",1053
"JAJSEB010000012.1","Genbank","gene",155267,156148,".","+",".","ID=gene-LSM04_009619;Name=LSM04_009619;gbkey=Gene;gene_biotype=protein_coding;locus_tag=LSM04_009619",882
"JAJSEB010000012.1","Genbank","gene",157122,158324,".","+",".","ID=gene-LSM04_001357;Name=LSM04_001357;gbkey=Gene;gene_biotype=protein_coding;locus_tag=LSM04_001357",1203
"JAJSEB010000012.1","Genbank","gene",159584,162193,".","+",".","ID=gene-LSM04_009368;Name=LSM04_009368;gbkey=Gene;gene_biotype=protein_coding;locus_tag=LSM04_009368",2610
"JAJSEB010000012.1","Genbank","gene",163209,163676,".","+",".","ID=gene-LSM04_006782;Name=LSM04_006782;gbkey=Gene;gene_biotype=protein_coding;locus_tag=LSM04_006782",468
"JAJSEB010000012.1","Genbank","gene",164733,164972,".","+",".","ID=gene-LSM04_001667;Name=LSM04_001667;gbkey=Gene;gene_biotype=protein_coding;locus_tag=LSM04_001667",240
"JAJSEB010000012.1","Genbank","gene",166296,167609,".","+",".","ID=gene-LSM04_000323;Name=LSM04_000323;gbkey=Gene;gene_biotype=protein_coding;locus_tag=LSM04_000323",1314
"JAJSEB010000012.1","Genbank","gene",170382,171203,".","+",".","ID=gene-LSM04_000342;Name=LSM04_000342;gbkey=Gene;gene_biotype=protein_coding;locus_tag=LSM04_000342",822
"JAJSEB010000012.1","Genbank","gene",171505,172890,".","+",".","ID=gene-LSM04_007332;Name=LSM04_007332;gbkey=Gene;gene_biotype=protein_coding;locus_tag=LSM04_007332",1386
"JAJSEB010000012.1","Genbank","gene",174606,175190,".","+",".","ID=gene-LSM04_001228;Name=LSM04_001228;gbkey=Gene;gene_biotype=protein_coding;locus_tag=LSM04_001228",585
"JAJSEB010000012.1","Genbank","gene",175212,175955,".","+",".","ID=gene-LSM04_001987;Name=LSM04_001987;gbkey=Gene;gene_biotype=protein_coding;locus_tag=LSM04_001987",744
"JAJSEB010000012.1","Genbank","gene",177359,177916,".","+",".","ID=gene-LSM04_003366;Name=LSM04_003366;gbkey=Gene;gene_biotype=protein_coding;locus_tag=LSM04_003366",558
"JAJSEB010000012.1","Genbank","gene",178389,178757,".","+",".","ID=gene-LSM04_002964;Name=LSM04_002964;gbkey=Gene;gene_biotype=protein_coding;locus_tag=LSM04_002964",369
"JAJSEB010000012.1","Genbank","gene",180393,182270,".","+",".","ID=gene-LSM04_003368;Name=LSM04_003368;gbkey=Gene;gene_biotype=protein_coding;locus_tag=LSM04_003368",1878
"JAJSEB010000012.1","Genbank","gene",183851,184204,".","+",".","ID=gene-LSM04_007835;Name=LSM04_007835;gbkey=Gene;gene_biotype=protein_coding;locus_tag=LSM04_007835",354
"JAJSEB010000012.1","Genbank","gene",184903,186639,".","+",".","ID=gene-LSM04_001639;Name=LSM04_001639;gbkey=Gene;gene_biotype=protein_coding;locus_tag=LSM04_001639",1737
"JAJSEB010000012.1","Genbank","gene",187142,187714,".","+",".","ID=gene-LSM04_009149;Name=LSM04_009149;gbkey=Gene;gene_biotype=protein_coding;locus_tag=LSM04_009149",573
"JAJSEB010000012.1","Genbank","gene",188391,189566,".","+",".","ID=gene-LSM04_001970;Name=LSM04_001970;gbkey=Gene;gene_biotype=protein_coding;locus_tag=LSM04_001970",1176
"JAJSEB010000012.1","Genbank","gene",190051,191733,".","+",".","ID=gene-LSM04_007841;Name=LSM04_007841;gbkey=Gene;gene_biotype=protein_coding;locus_tag=LSM04_007841",1683
"JAJSEB010000012.1","Genbank","gene",192394,192627,".","+",".","ID=gene-LSM04_002857;Name=LSM04_002857;gbkey=Gene;gene_biotype=protein_coding;locus_tag=LSM04_002857",234
"JAJSEB010000012.1","Genbank","gene",193232,194758,".","+",".","ID=gene-LSM04_002802;Name=LSM04_002802;gbkey=Gene;gene_biotype=protein_coding;locus_tag=LSM04_002802",1527
"JAJSEB010000012.1","Genbank","gene",196529,198565,".","+",".","ID=gene-LSM04_001458;Name=LSM04_001458;gbkey=Gene;gene_biotype=protein_coding;locus_tag=LSM04_001458",2037
"JAJSEB010000012.1","Genbank","gene",201198,204428,".","+",".","ID=gene-LSM04_000667;Name=LSM04_000667;gbkey=Gene;gene_biotype=protein_coding;locus_tag=LSM04_000667",3231
"JAJSEB010000012.1","Genbank","gene",204822,205181,".","+",".","ID=gene-LSM04_007956;Name=LSM04_007956;gbkey=Gene;gene_biotype=protein_coding;locus_tag=LSM04_007956",360
"JAJSEB010000012.1","Genbank","gene",205751,207064,".","+",".","ID=gene-LSM04_007212;Name=LSM04_007212;gbkey=Gene;gene_biotype=protein_coding;locus_tag=LSM04_007212",1314
"JAJSEB010000012.1","Genbank","gene",208080,211778,".","+",".","ID=gene-LSM04_005547;Name=LSM04_005547;gbkey=Gene;gene_biotype=protein_coding;locus_tag=LSM04_005547",3699
"JAJSEB010000012.1","Genbank","gene",213682,214686,".","+",".","ID=gene-LSM04_002502;Name=LSM04_002502;gbkey=Gene;gene_biotype=protein_coding;locus_tag=LSM04_002502",1005
"JAJSEB010000012.1","Genbank","gene",216255,217991,".","+",".","ID=gene-LSM04_002616;Name=LSM04_002616;gbkey=Gene;gene_biotype=protein_coding;locus_tag=LSM04_002616",1737
"JAJSEB010000012.1","Genbank","gene",219172,220041,".","+",".","ID=gene-LSM04_005497;Name=LSM04_005497;gbkey=Gene;gene_biotype=protein_coding;locus_tag=LSM04_005497",870
"JAJSEB010000012.1","Genbank","gene",220552,225165,".","+",".","ID=gene-LSM04_000472;Name=LSM04_000472;gbkey=Gene;gene_biotype=protein_coding;locus_tag=LSM04_000472",4614
"JAJSEB010000012.1","Genbank","gene",225647,226657,".","+",".","ID=gene-LSM04_003850;Name=LSM04_003850;gbkey=Gene;gene_biotype=protein_coding;locus_tag=LSM04_003850",1011
"JAJSEB010000012.1","Genbank","gene",227418,230390,".","+",".","ID=gene-LSM04_000374;Name=LSM04_000374;gbkey=Gene;gene_biotype=protein_coding;locus_tag=LSM04_000374",2973
"JAJSEB010000012.1","Genbank","gene",234289,235110,".","+",".","ID=gene-LSM04_005153;Name=LSM04_005153;gbkey=Gene;gene_biotype=protein_coding;locus_tag=LSM04_005153",822
"JAJSEB010000012.1","Genbank","gene",235479,236774,".","+",".","ID=gene-LSM04_004088;Name=LSM04_004088;gbkey=Gene;gene_biotype=protein_coding;locus_tag=LSM04_004088",1296
"JAJSEB010000012.1","Genbank","gene",237557,239092,".","+",".","ID=gene-LSM04_001247;Name=LSM04_001247;gbkey=Gene;gene_biotype=protein_coding;locus_tag=LSM04_001247",1536
"JAJSEB010000012.1","Genbank","gene",239929,244788,".","+",".","ID=gene-LSM04_004965;Name=LSM04_004965;gbkey=Gene;gene_biotype=protein_coding;locus_tag=LSM04_004965",4860
"JAJSEB010000012.1","Genbank","gene",245567,247453,".","+",".","ID=gene-LSM04_009703;Name=LSM04_009703;gbkey=Gene;gene_biotype=protein_coding;locus_tag=LSM04_009703",1887
"JAJSEB010000012.1","Genbank","gene",248516,250282,".","+",".","ID=gene-LSM04_009045;Name=LSM04_009045;gbkey=Gene;gene_biotype=protein_coding;locus_tag=LSM04_009045",1767
"JAJSEB010000012.1","Genbank","gene",251432,252667,".","+",".","ID=gene-LSM04_002306;Name=LSM04_002306;gbkey=Gene;gene_biotype=protein_coding;locus_tag=LSM04_002306",1236
"JAJSEB010000012.1","Genbank","gene",253301,255373,".","+",".","ID=gene-LSM04_009713;Name=LSM04_009713;gbkey=Gene;gene_biotype=protein_coding;locus_tag=LSM04_009713",2073
"JAJSEB010000012.1","Genbank","gene",255942,256769,".","+",".","ID=gene-LSM04_001098;Name=LSM04_001098;gbkey=Gene;gene_biotype=protein_coding;locus_tag=LSM04_001098",828
"JAJSEB010000012.1","Genbank","gene",257497,260763,".","+",".","ID=gene-LSM04_008811;Name=LSM04_008811;gbkey=Gene;gene_biotype=protein_coding;locus_tag=LSM04_008811",3267
"JAJSEB010000012.1","Genbank","gene",261700,263607,".","+",".","ID=gene-LSM04_006065;Name=LSM04_006065;gbkey=Gene;gene_biotype=protein_coding;locus_tag=LSM04_006065",1908
"JAJSEB010000012.1","Genbank","gene",264711,265937,".","+",".","ID=gene-LSM04_009296;Name=LSM04_009296;gbkey=Gene;gene_biotype=protein_coding;locus_tag=LSM04_009296",1227
"JAJSEB010000012.1","Genbank","gene",266521,267483,".","+",".","ID=gene-LSM04_009283;Name=LSM04_009283;gbkey=Gene;gene_biotype=protein_coding;locus_tag=LSM04_009283",963
"JAJSEB010000012.1","Genbank","gene",267942,269075,".","+",".","ID=gene-LSM04_004673;Name=LSM04_004673;gbkey=Gene;gene_biotype=protein_coding;locus_tag=LSM04_004673",1134
"JAJSEB010000012.1","Genbank","gene",269508,271892,".","+",".","ID=gene-LSM04_009194;Name=LSM04_009194;gbkey=Gene;gene_biotype=protein_coding;locus_tag=LSM04_009194",2385
"JAJSEB010000012.1","Genbank","gene",272621,275017,".","+",".","ID=gene-LSM04_004122;Name=LSM04_004122;gbkey=Gene;gene_biotype=protein_coding;locus_tag=LSM04_004122",2397
"JAJSEB010000012.1","Genbank","gene",277421,278989,".","+",".","ID=gene-LSM04_006875;Name=LSM04_006875;gbkey=Gene;gene_biotype=protein_coding;locus_tag=LSM04_006875",1569
"JAJSEB010000012.1","Genbank","gene",279720,280673,".","+",".","ID=gene-LSM04_003292;Name=LSM04_003292;gbkey=Gene;gene_biotype=protein_coding;locus_tag=LSM04_003292",954
"JAJSEB010000012.1","Genbank","gene",281229,282989,".","+",".","ID=gene-LSM04_005048;Name=LSM04_005048;gbkey=Gene;gene_biotype=protein_coding;locus_tag=LSM04_005048",1761
"JAJSEB010000012.1","Genbank","gene",283999,286344,".","+",".","ID=gene-LSM04_007939;Name=LSM04_007939;gbkey=Gene;gene_biotype=protein_coding;locus_tag=LSM04_007939",2346
"JAJSEB010000012.1","Genbank","gene",287702,291325,".","+",".","ID=gene-LSM04_001287;Name=LSM04_001287;gbkey=Gene;gene_biotype=protein_coding;locus_tag=LSM04_001287",3624
"JAJSEB010000012.1","Genbank","gene",291869,292537,".","+",".","ID=gene-LSM04_008342;Name=LSM04_008342;gbkey=Gene;gene_biotype=protein_coding;locus_tag=LSM04_008342",669
"JAJSEB010000012.1","Genbank","gene",293595,299120,".","+",".","ID=gene-LSM04_005794;Name=LSM04_005794;gbkey=Gene;gene_biotype=protein_coding;locus_tag=LSM04_005794",5526
"JAJSEB010000012.1","Genbank","gene",300772,302103,".","+",".","ID=gene-LSM04_005071;Name=LSM04_005071;gbkey=Gene;gene_biotype=protein_coding;locus_tag=LSM04_005071",1332
"JAJSEB010000012.1","Genbank","gene",303775,305772,".","+",".","ID=gene-LSM04_003634;Name=LSM04_003634;gbkey=Gene;gene_biotype=protein_coding;locus_tag=LSM04_003634",1998
"JAJSEB010000012.1","Genbank","gene",306368,308056,".","+",".","ID=gene-LSM04_003771;Name=LSM04_003771;gbkey=Gene;gene_biotype=protein_coding;locus_tag=LSM04_003771",1689
"JAJSEB010000012.1","Genbank","gene",308777,310579,".","+",".","ID=gene-LSM04_004282;Name=LSM04_004282;gbkey=Gene;gene_biotype=protein_coding;locus_tag=LSM04_004282",1803
"JAJSEB010000012.1","Genbank","gene",311225,315172,".","+",".","ID=gene-LSM04_000798;Name=LSM04_000798;gbkey=Gene;gene_biotype=protein_coding;locus_tag=LSM04_000798",3948
"JAJSEB010000012.1","Genbank","gene",315571,317463,".","+",".","ID=gene-LSM04_006315;Name=LSM04_006315;gbkey=Gene;gene_biotype=protein_coding;locus_tag=LSM04_006315",1893
"JAJSEB010000012.1","Genbank","gene",317860,318471,".","+",".","ID=gene-LSM04_001964;Name=LSM04_001964;gbkey=Gene;gene_biotype=protein_coding;locus_tag=LSM04_001964",612
"JAJSEB010000012.1","Genbank","gene",318804,320810,".","+",".","ID=gene-LSM04_002331;Name=LSM04_002331;gbkey=Gene;gene_biotype=protein_coding;locus_tag=LSM04_002331",2007
"JAJSEB010000012.1","Genbank","gene",323212,324843,".","-",".","ID=gene-LSM04_004150;Name=LSM04_004150;gbkey=Gene;gene_biotype=protein_coding;locus_tag=LSM04_004150",1632
"JAJSEB010000012.1","Genbank","gene",325956,327614,".","-",".","ID=gene-LSM04_001888;Name=LSM04_001888;gbkey=Gene;gene_biotype=protein_coding;locus_tag=LSM04_001888",1659
"JAJSEB010000012.1","Genbank","gene",328345,330108,".","-",".","ID=gene-LSM04_002826;Name=LSM04_002826;gbkey=Gene;gene_biotype=protein_coding;locus_tag=LSM04_002826",1764
"JAJSEB010000012.1","Genbank","gene",331913,333817,".","-",".","ID=gene-LSM04_002729;Name=LSM04_002729;gbkey=Gene;gene_biotype=protein_coding;locus_tag=LSM04_002729",1905
"JAJSEB010000012.1","Genbank","gene",335165,336439,".","-",".","ID=gene-LSM04_000191;Name=LSM04_000191;gbkey=Gene;gene_biotype=protein_coding;locus_tag=LSM04_000191",1275
"JAJSEB010000012.1","Genbank","gene",337267,340926,".","-",".","ID=gene-LSM04_001298;Name=LSM04_001298;gbkey=Gene;gene_biotype=protein_coding;locus_tag=LSM04_001298",3660
"JAJSEB010000012.1","Genbank","gene",341532,345245,".","-",".","ID=gene-LSM04_002242;Name=LSM04_002242;gbkey=Gene;gene_biotype=protein_coding;locus_tag=LSM04_002242",3714
"JAJSEB010000012.1","Genbank","gene",345761,348085,".","-",".","ID=gene-LSM04_003332;Name=LSM04_003332;gbkey=Gene;gene_biotype=protein_coding;locus_tag=LSM04_003332",2325
"JAJSEB010000012.1","Genbank","gene",348655,349407,".","-",".","ID=gene-LSM04_009618;Name=LSM04_009618;gbkey=Gene;gene_biotype=protein_coding;locus_tag=LSM04_009618",753
"JAJSEB010000012.1","Genbank","gene",349765,350604,".","-",".","ID=gene-LSM04_008156;Name=LSM04_008156;gbkey=Gene;gene_biotype=protein_coding;locus_tag=LSM04_008156",840
"JAJSEB010000012.1","Genbank","gene",351250,351846,".","-",".","ID=gene-LSM04_003241;Name=LSM04_003241;gbkey=Gene;gene_biotype=protein_coding;locus_tag=LSM04_003241",597
"JAJSEB010000012.1","Genbank","gene",352369,353103,".","-",".","ID=gene-LSM04_003844;Name=LSM04_003844;gbkey=Gene;gene_biotype=protein_coding;locus_tag=LSM04_003844",735
"JAJSEB010000012.1","Genbank","gene",353502,355154,".","-",".","ID=gene-LSM04_000560;Name=LSM04_000560;gbkey=Gene;gene_biotype=protein_coding;locus_tag=LSM04_000560",1653
"JAJSEB010000012.1","Genbank","gene",355569,356405,".","-",".","ID=gene-LSM04_004863;Name=LSM04_004863;gbkey=Gene;gene_biotype=protein_coding;locus_tag=LSM04_004863",837
"JAJSEB010000012.1","Genbank","gene",358482,362840,".","-",".","ID=gene-LSM04_004408;Name=LSM04_004408;gbkey=Gene;gene_biotype=protein_coding;locus_tag=LSM04_004408",4359
"JAJSEB010000012.1","Genbank","gene",364482,364907,".","-",".","ID=gene-LSM04_003414;Name=LSM04_003414;gbkey=Gene;gene_biotype=protein_coding;locus_tag=LSM04_003414",426
"JAJSEB010000012.1","Genbank","gene",365530,366111,".","-",".","ID=gene-LSM04_007065;Name=LSM04_007065;gbkey=Gene;gene_biotype=protein_coding;locus_tag=LSM04_007065",582
"JAJSEB010000012.1","Genbank","gene",367110,368738,".","-",".","ID=gene-LSM04_006717;Name=LSM04_006717;gbkey=Gene;gene_biotype=protein_coding;locus_tag=LSM04_006717",1629
"JAJSEB010000012.1","Genbank","gene",369443,370051,".","-",".","ID=gene-LSM04_005333;Name=LSM04_005333;gbkey=Gene;gene_biotype=protein_coding;locus_tag=LSM04_005333",609
"JAJSEB010000012.1","Genbank","gene",370487,373627,".","-",".","ID=gene-LSM04_005483;Name=LSM04_005483;gbkey=Gene;gene_biotype=protein_coding;locus_tag=LSM04_005483",3141
"JAJSEB010000012.1","Genbank","gene",374415,376178,".","-",".","ID=gene-LSM04_007082;Name=LSM04_007082;gbkey=Gene;gene_biotype=protein_coding;locus_tag=LSM04_007082",1764
"JAJSEB010000012.1","Genbank","gene",377062,377886,".","-",".","ID=gene-LSM04_002523;Name=LSM04_002523;gbkey=Gene;gene_biotype=protein_coding;locus_tag=LSM04_002523",825
"JAJSEB010000012.1","Genbank","gene",378317,379057,".","-",".","ID=gene-LSM04_003913;Name=LSM04_003913;gbkey=Gene;gene_biotype=protein_coding;locus_tag=LSM04_003913",741
"JAJSEB010000012.1","Genbank","gene",379537,386193,".","-",".","ID=gene-LSM04_009381;Name=LSM04_009381;gbkey=Gene;gene_biotype=protein_coding;locus_tag=LSM04_009381",6657
"JAJSEB010000012.1","Genbank","gene",386796,388244,".","-",".","ID=gene-LSM04_002371;Name=LSM04_002371;gbkey=Gene;gene_biotype=protein_coding;locus_tag=LSM04_002371",1449
"JAJSEB010000012.1","Genbank","gene",388876,391179,".","-",".","ID=gene-LSM04_008150;Name=LSM04_008150;gbkey=Gene;gene_biotype=protein_coding;locus_tag=LSM04_008150",2304
"JAJSEB010000012.1","Genbank","gene",391610,393382,".","-",".","ID=gene-LSM04_004999;Name=LSM04_004999;gbkey=Gene;gene_biotype=protein_coding;locus_tag=LSM04_004999",1773
"JAJSEB010000012.1","Genbank","gene",395042,396709,".","-",".","ID=gene-LSM04_009015;Name=LSM04_009015;gbkey=Gene;gene_biotype=protein_coding;locus_tag=LSM04_009015",1668
"JAJSEB010000012.1","Genbank","gene",397749,400097,".","-",".","ID=gene-LSM04_005630;Name=LSM04_005630;gbkey=Gene;gene_biotype=protein_coding;locus_tag=LSM04_005630",2349
"JAJSEB010000012.1","Genbank","gene",400671,401240,".","-",".","ID=gene-LSM04_005752;Name=LSM04_005752;gbkey=Gene;gene_biotype=protein_coding;locus_tag=LSM04_005752",570
"JAJSEB010000012.1","Genbank","gene",401357,403018,".","-",".","ID=gene-LSM04_008610;Name=LSM04_008610;gbkey=Gene;gene_biotype=protein_coding;locus_tag=LSM04_008610",1662
"JAJSEB010000012.1","Genbank","gene",403597,404589,".","-",".","ID=gene-LSM04_006737;Name=LSM04_006737;gbkey=Gene;gene_biotype=protein_coding;locus_tag=LSM04_006737",993
"JAJSEB010000012.1","Genbank","gene",404893,405243,".","+",".","ID=gene-LSM04_000228;Name=LSM04_000228;gbkey=Gene;gene_biotype=protein_coding;locus_tag=LSM04_000228",351
"JAJSEB010000012.1","Genbank","gene",405287,406005,".","-",".","ID=gene-LSM04_007193;Name=LSM04_007193;gbkey=Gene;gene_biotype=protein_coding;locus_tag=LSM04_007193",719
"JAJSEB010000012.1","Genbank","gene",408906,410082,".","+",".","ID=gene-LSM04_000459;Name=LSM04_000459;gbkey=Gene;gene_biotype=protein_coding;locus_tag=LSM04_000459",1177
"JAJSEB010000012.1","Genbank","gene",422282,422707,".","+",".","ID=gene-LSM04_002183;Name=LSM04_002183;gbkey=Gene;gene_biotype=protein_coding;locus_tag=LSM04_002183",426
"JAJSEB010000012.1","Genbank","gene",424336,424686,".","+",".","ID=gene-LSM04_004916;Name=LSM04_004916;gbkey=Gene;gene_biotype=protein_coding;locus_tag=LSM04_004916",351
"JAJSEB010000012.1","Genbank","gene",425010,425387,".","+",".","ID=gene-LSM04_000737;Name=LSM04_000737;gbkey=Gene;gene_biotype=protein_coding;locus_tag=LSM04_000737",378
"JAJSEB010000012.1","Genbank","gene",425723,429007,".","+",".","ID=gene-LSM04_004305;Name=LSM04_004305;gbkey=Gene;gene_biotype=protein_coding;locus_tag=LSM04_004305",3285
"JAJSEB010000012.1","Genbank","gene",429385,431163,".","+",".","ID=gene-LSM04_007313;Name=LSM04_007313;gbkey=Gene;gene_biotype=protein_coding;locus_tag=LSM04_007313",1779
"JAJSEB010000012.1","Genbank","gene",431815,433815,".","+",".","ID=gene-LSM04_001564;Name=LSM04_001564;gbkey=Gene;gene_biotype=protein_coding;locus_tag=LSM04_001564",2001
"JAJSEB010000012.1","Genbank","gene",434189,436999,".","+",".","ID=gene-LSM04_006374;Name=LSM04_006374;gbkey=Gene;gene_biotype=protein_coding;locus_tag=LSM04_006374",2811
"JAJSEB010000012.1","Genbank","gene",437324,442705,".","+",".","ID=gene-LSM04_006828;Name=LSM04_006828;gbkey=Gene;gene_biotype=protein_coding;locus_tag=LSM04_006828",5382
"JAJSEB010000012.1","Genbank","gene",443296,447624,".","+",".","ID=gene-LSM04_005160;Name=LSM04_005160;gbkey=Gene;gene_biotype=protein_coding;locus_tag=LSM04_005160",4329
"JAJSEB010000012.1","Genbank","gene",448157,448930,".","+",".","ID=gene-LSM04_003394;Name=LSM04_003394;gbkey=Gene;gene_biotype=protein_coding;locus_tag=LSM04_003394",774
"JAJSEB010000012.1","Genbank","gene",449336,450793,".","+",".","ID=gene-LSM04_003427;Name=LSM04_003427;gbkey=Gene;gene_biotype=protein_coding;locus_tag=LSM04_003427",1458
"JAJSEB010000012.1","Genbank","gene",451585,452484,".","+",".","ID=gene-LSM04_005723;Name=LSM04_005723;gbkey=Gene;gene_biotype=protein_coding;locus_tag=LSM04_005723",900
"JAJSEB010000012.1","Genbank","gene",453088,454074,".","+",".","ID=gene-LSM04_002143;Name=LSM04_002143;gbkey=Gene;gene_biotype=protein_coding;locus_tag=LSM04_002143",987
"JAJSEB010000012.1","Genbank","gene",454652,456958,".","+",".","ID=gene-LSM04_006928;Name=LSM04_006928;gbkey=Gene;gene_biotype=protein_coding;locus_tag=LSM04_006928",2307
"JAJSEB010000012.1","Genbank","gene",457612,458259,".","+",".","ID=gene-LSM04_003783;Name=LSM04_003783;gbkey=Gene;gene_biotype=protein_coding;locus_tag=LSM04_003783",648
"JAJSEB010000012.1","Genbank","gene",458742,459353,".","+",".","ID=gene-LSM04_007401;Name=LSM04_007401;gbkey=Gene;gene_biotype=protein_coding;locus_tag=LSM04_007401",612
"JAJSEB010000012.1","Genbank","gene",460336,461241,".","+",".","ID=gene-LSM04_004880;Name=LSM04_004880;gbkey=Gene;gene_biotype=protein_coding;locus_tag=LSM04_004880",906
"JAJSEB010000012.1","Genbank","gene",461668,463461,".","+",".","ID=gene-LSM04_001344;Name=LSM04_001344;gbkey=Gene;gene_biotype=protein_coding;locus_tag=LSM04_001344",1794
"JAJSEB010000012.1","Genbank","gene",464078,465583,".","+",".","ID=gene-LSM04_004560;Name=LSM04_004560;gbkey=Gene;gene_biotype=protein_coding;locus_tag=LSM04_004560",1506
"JAJSEB010000012.1","Genbank","gene",467386,467969,".","+",".","ID=gene-LSM04_007570;Name=LSM04_007570;gbkey=Gene;gene_biotype=protein_coding;locus_tag=LSM04_007570",584
"JAJSEB010000012.1","Genbank","gene",468497,469204,".","+",".","ID=gene-LSM04_008832;Name=LSM04_008832;gbkey=Gene;gene_biotype=protein_coding;locus_tag=LSM04_008832",708
"JAJSEB010000012.1","Genbank","gene",469295,470221,".","+",".","ID=gene-LSM04_006834;Name=LSM04_006834;gbkey=Gene;gene_biotype=protein_coding;locus_tag=LSM04_006834",927
"JAJSEB010000012.1","Genbank","gene",470627,471988,".","+",".","ID=gene-LSM04_006404;Name=LSM04_006404;gbkey=Gene;gene_biotype=protein_coding;locus_tag=LSM04_006404",1362
"JAJSEB010000012.1","Genbank","gene",472259,475609,".","+",".","ID=gene-LSM04_001156;Name=LSM04_001156;gbkey=Gene;gene_biotype=protein_coding;locus_tag=LSM04_001156",3351
"JAJSEB010000012.1","Genbank","gene",475940,476728,".","+",".","ID=gene-LSM04_000241;Name=LSM04_000241;gbkey=Gene;gene_biotype=protein_coding;locus_tag=LSM04_000241",789
"JAJSEB010000012.1","Genbank","gene",477303,479240,".","+",".","ID=gene-LSM04_000597;Name=LSM04_000597;gbkey=Gene;gene_biotype=protein_coding;locus_tag=LSM04_000597",1938
"JAJSEB010000012.1","Genbank","gene",479783,480124,".","+",".","ID=gene-LSM04_002025;Name=LSM04_002025;gbkey=Gene;gene_biotype=protein_coding;locus_tag=LSM04_002025",342
"JAJSEB010000012.1","Genbank","gene",480728,481747,".","+",".","ID=gene-LSM04_008555;Name=LSM04_008555;gbkey=Gene;gene_biotype=protein_coding;locus_tag=LSM04_008555",1020
"JAJSEB010000012.1","Genbank","gene",482026,482919,".","+",".","ID=gene-LSM04_003030;Name=LSM04_003030;gbkey=Gene;gene_biotype=protein_coding;locus_tag=LSM04_003030",894
"JAJSEB010000012.1","Genbank","gene",483234,487436,".","+",".","ID=gene-LSM04_003717;Name=LSM04_003717;gbkey=Gene;gene_biotype=protein_coding;locus_tag=LSM04_003717",4203
"JAJSEB010000012.1","Genbank","gene",487843,488676,".","+",".","ID=gene-LSM04_007428;Name=LSM04_007428;gbkey=Gene;gene_biotype=protein_coding;locus_tag=LSM04_007428",834
"JAJSEB010000012.1","Genbank","gene",489115,490686,".","+",".","ID=gene-LSM04_000487;Name=LSM04_000487;gbkey=Gene;gene_biotype=protein_coding;locus_tag=LSM04_000487",1572
"JAJSEB010000012.1","Genbank","gene",490974,491585,".","+",".","ID=gene-LSM04_003884;Name=LSM04_003884;gbkey=Gene;gene_biotype=protein_coding;locus_tag=LSM04_003884",612
"JAJSEB010000012.1","Genbank","gene",491914,493542,".","+",".","ID=gene-LSM04_004106;Name=LSM04_004106;gbkey=Gene;gene_biotype=protein_coding;locus_tag=LSM04_004106",1629
"JAJSEB010000012.1","Genbank","gene",493888,495429,".","+",".","ID=gene-LSM04_006403;Name=LSM04_006403;gbkey=Gene;gene_biotype=protein_coding;locus_tag=LSM04_006403",1542
"JAJSEB010000016.1","Genbank","gene",1775,2038,".","-",".","ID=gene-LSM04_007409;Name=LSM04_007409;gbkey=Gene;gene_biotype=protein_coding;locus_tag=LSM04_007409",264
"JAJSEB010000016.1","Genbank","gene",2650,5118,".","-",".","ID=gene-LSM04_001428;Name=LSM04_001428;gbkey=Gene;gene_biotype=protein_coding;locus_tag=LSM04_001428",2469
"JAJSEB010000016.1","Genbank","gene",5383,5592,".","-",".","ID=gene-LSM04_002677;Name=LSM04_002677;gbkey=Gene;gene_biotype=protein_coding;locus_tag=LSM04_002677",210
"JAJSEB010000016.1","Genbank","gene",5890,6768,".","-",".","ID=gene-LSM04_007858;Name=LSM04_007858;gbkey=Gene;gene_biotype=protein_coding;locus_tag=LSM04_007858",879
"JAJSEB010000016.1","Genbank","gene",7575,8723,".","-",".","ID=gene-LSM04_004667;Name=LSM04_004667;gbkey=Gene;gene_biotype=protein_coding;locus_tag=LSM04_004667",1149
"JAJSEB010000016.1","Genbank","gene",9036,10562,".","-",".","ID=gene-LSM04_001664;Name=LSM04_001664;gbkey=Gene;gene_biotype=protein_coding;locus_tag=LSM04_001664",1527
"JAJSEB010000016.1","Genbank","gene",10877,12625,".","-",".","ID=gene-LSM04_000428;Name=LSM04_000428;gbkey=Gene;gene_biotype=protein_coding;locus_tag=LSM04_000428",1749
"JAJSEB010000016.1","Genbank","gene",13102,14838,".","-",".","ID=gene-LSM04_000151;Name=LSM04_000151;gbkey=Gene;gene_biotype=protein_coding;locus_tag=LSM04_000151",1737
"JAJSEB010000016.1","Genbank","gene",15496,15753,".","-",".","ID=gene-LSM04_007556;Name=LSM04_007556;gbkey=Gene;gene_biotype=protein_coding;locus_tag=LSM04_007556",258
"JAJSEB010000016.1","Genbank","gene",15994,18114,".","-",".","ID=gene-LSM04_005173;Name=LSM04_005173;gbkey=Gene;gene_biotype=protein_coding;locus_tag=LSM04_005173",2121
"JAJSEB010000016.1","Genbank","gene",18268,18762,".","-",".","ID=gene-LSM04_004574;Name=LSM04_004574;gbkey=Gene;gene_biotype=protein_coding;locus_tag=LSM04_004574",495
"JAJSEB010000016.1","Genbank","gene",19000,20883,".","-",".","ID=gene-LSM04_004358;Name=LSM04_004358;gbkey=Gene;gene_biotype=protein_coding;locus_tag=LSM04_004358",1884
"JAJSEB010000016.1","Genbank","gene",21306,21698,".","-",".","ID=gene-LSM04_000592;Name=LSM04_000592;gbkey=Gene;gene_biotype=protein_coding;locus_tag=LSM04_000592",393
"JAJSEB010000016.1","Genbank","gene",22175,23038,".","-",".","ID=gene-LSM04_004968;Name=LSM04_004968;gbkey=Gene;gene_biotype=protein_coding;locus_tag=LSM04_004968",864
"JAJSEB010000016.1","Genbank","gene",24154,24888,".","-",".","ID=gene-LSM04_000079;Name=LSM04_000079;gbkey=Gene;gene_biotype=protein_coding;locus_tag=LSM04_000079",735
"JAJSEB010000016.1","Genbank","gene",25573,26577,".","-",".","ID=gene-LSM04_008913;Name=LSM04_008913;gbkey=Gene;gene_biotype=protein_coding;locus_tag=LSM04_008913",1005
"JAJSEB010000016.1","Genbank","gene",26826,28451,".","-",".","ID=gene-LSM04_006791;Name=LSM04_006791;gbkey=Gene;gene_biotype=protein_coding;locus_tag=LSM04_006791",1626
"JAJSEB010000016.1","Genbank","gene",28943,29485,".","-",".","ID=gene-LSM04_008268;Name=LSM04_008268;gbkey=Gene;gene_biotype=protein_coding;locus_tag=LSM04_008268",543
"JAJSEB010000016.1","Genbank","gene",30422,31135,".","-",".","ID=gene-LSM04_008964;Name=LSM04_008964;gbkey=Gene;gene_biotype=protein_coding;locus_tag=LSM04_008964",714
"JAJSEB010000016.1","Genbank","gene",31481,32599,".","-",".","ID=gene-LSM04_006451;Name=LSM04_006451;gbkey=Gene;gene_biotype=protein_coding;locus_tag=LSM04_006451",1119
"JAJSEB010000016.1","Genbank","gene",32888,34342,".","-",".","ID=gene-LSM04_008833;Name=LSM04_008833;gbkey=Gene;gene_biotype=protein_coding;locus_tag=LSM04_008833",1455
"JAJSEB010000016.1","Genbank","gene",34954,35808,".","-",".","ID=gene-LSM04_004706;Name=LSM04_004706;gbkey=Gene;gene_biotype=protein_coding;locus_tag=LSM04_004706",855
"JAJSEB010000016.1","Genbank","gene",36188,37207,".","-",".","ID=gene-LSM04_005487;Name=LSM04_005487;gbkey=Gene;gene_biotype=protein_coding;locus_tag=LSM04_005487",1020
"JAJSEB010000016.1","Genbank","gene",37505,38071,".","-",".","ID=gene-LSM04_001954;Name=LSM04_001954;gbkey=Gene;gene_biotype=protein_coding;locus_tag=LSM04_001954",567
"JAJSEB010000016.1","Genbank","gene",38474,39655,".","-",".","ID=gene-LSM04_008044;Name=LSM04_008044;gbkey=Gene;gene_biotype=protein_coding;locus_tag=LSM04_008044",1182
"JAJSEB010000016.1","Genbank","gene",39950,41035,".","-",".","ID=gene-LSM04_002929;Name=LSM04_002929;gbkey=Gene;gene_biotype=protein_coding;locus_tag=LSM04_002929",1086
"JAJSEB010000016.1","Genbank","gene",43040,45643,".","-",".","ID=gene-LSM04_007824;Name=LSM04_007824;gbkey=Gene;gene_biotype=protein_coding;locus_tag=LSM04_007824",2604
"JAJSEB010000016.1","Genbank","gene",46824,47270,".","-",".","ID=gene-LSM04_005368;Name=LSM04_005368;gbkey=Gene;gene_biotype=protein_coding;locus_tag=LSM04_005368",447
"JAJSEB010000016.1","Genbank","gene",48535,49869,".","+",".","ID=gene-LSM04_002783;Name=LSM04_002783;gbkey=Gene;gene_biotype=protein_coding;locus_tag=LSM04_002783",1335
"JAJSEB010000016.1","Genbank","gene",50201,50923,".","+",".","ID=gene-LSM04_006360;Name=LSM04_006360;gbkey=Gene;gene_biotype=protein_coding;locus_tag=LSM04_006360",723
"JAJSEB010000016.1","Genbank","gene",51048,52037,".","+",".","ID=gene-LSM04_005154;Name=LSM04_005154;gbkey=Gene;gene_biotype=protein_coding;locus_tag=LSM04_005154",990
"JAJSEB010000016.1","Genbank","gene",52266,53342,".","+",".","ID=gene-LSM04_004625;Name=LSM04_004625;gbkey=Gene;gene_biotype=protein_coding;locus_tag=LSM04_004625",1077
"JAJSEB010000016.1","Genbank","gene",53842,55185,".","+",".","ID=gene-LSM04_004496;Name=LSM04_004496;gbkey=Gene;gene_biotype=protein_coding;locus_tag=LSM04_004496",1344
"JAJSEB010000016.1","Genbank","gene",55785,59870,".","+",".","ID=gene-LSM04_008401;Name=LSM04_008401;gbkey=Gene;gene_biotype=protein_coding;locus_tag=LSM04_008401",4086
"JAJSEB010000016.1","Genbank","gene",60443,74344,".","+",".","ID=gene-LSM04_008343;Name=LSM04_008343;gbkey=Gene;gene_biotype=protein_coding;locus_tag=LSM04_008343",13902
"JAJSEB010000016.1","Genbank","gene",75036,75542,".","+",".","ID=gene-LSM04_008172;Name=LSM04_008172;gbkey=Gene;gene_biotype=protein_coding;locus_tag=LSM04_008172",507
"JAJSEB010000016.1","Genbank","gene",76084,77580,".","+",".","ID=gene-LSM04_006493;Name=LSM04_006493;gbkey=Gene;gene_biotype=protein_coding;locus_tag=LSM04_006493",1497
"JAJSEB010000016.1","Genbank","gene",78432,79685,".","+",".","ID=gene-LSM04_009603;Name=LSM04_009603;gbkey=Gene;gene_biotype=protein_coding;locus_tag=LSM04_009603",1254
"JAJSEB010000016.1","Genbank","gene",81126,81335,".","+",".","ID=gene-LSM04_002019;Name=LSM04_002019;gbkey=Gene;gene_biotype=protein_coding;locus_tag=LSM04_002019",210
"JAJSEB010000016.1","Genbank","gene",82030,83277,".","+",".","ID=gene-LSM04_002942;Name=LSM04_002942;gbkey=Gene;gene_biotype=protein_coding;locus_tag=LSM04_002942",1248
"JAJSEB010000016.1","Genbank","gene",83694,85844,".","+",".","ID=gene-LSM04_008064;Name=LSM04_008064;gbkey=Gene;gene_biotype=protein_coding;locus_tag=LSM04_008064",2151
"JAJSEB010000016.1","Genbank","gene",86271,88364,".","+",".","ID=gene-LSM04_007633;Name=LSM04_007633;gbkey=Gene;gene_biotype=protein_coding;locus_tag=LSM04_007633",2094
"JAJSEB010000016.1","Genbank","gene",88910,90631,".","+",".","ID=gene-LSM04_008157;Name=LSM04_008157;gbkey=Gene;gene_biotype=protein_coding;locus_tag=LSM04_008157",1722
"JAJSEB010000016.1","Genbank","gene",91305,91841,".","+",".","ID=gene-LSM04_003691;Name=LSM04_003691;gbkey=Gene;gene_biotype=protein_coding;locus_tag=LSM04_003691",537
"JAJSEB010000016.1","Genbank","gene",92367,94901,".","+",".","ID=gene-LSM04_001720;Name=LSM04_001720;gbkey=Gene;gene_biotype=protein_coding;locus_tag=LSM04_001720",2535
"JAJSEB010000016.1","Genbank","gene",96542,98620,".","+",".","ID=gene-LSM04_008685;Name=LSM04_008685;gbkey=Gene;gene_biotype=protein_coding;locus_tag=LSM04_008685",2079
"JAJSEB010000016.1","Genbank","gene",99145,100308,".","+",".","ID=gene-LSM04_000133;Name=LSM04_000133;gbkey=Gene;gene_biotype=protein_coding;locus_tag=LSM04_000133",1164
"JAJSEB010000016.1","Genbank","gene",101736,102080,".","+",".","ID=gene-LSM04_004144;Name=LSM04_004144;gbkey=Gene;gene_biotype=protein_coding;locus_tag=LSM04_004144",345
"JAJSEB010000016.1","Genbank","gene",102988,104691,".","-",".","ID=gene-LSM04_006378;Name=LSM04_006378;gbkey=Gene;gene_biotype=protein_coding;locus_tag=LSM04_006378",1704
"JAJSEB010000016.1","Genbank","gene",105073,106377,".","-",".","ID=gene-LSM04_005262;Name=LSM04_005262;gbkey=Gene;gene_biotype=protein_coding;locus_tag=LSM04_005262",1305
"JAJSEB010000016.1","Genbank","gene",107376,108587,".","-",".","ID=gene-LSM04_008712;Name=LSM04_008712;gbkey=Gene;gene_biotype=protein_coding;locus_tag=LSM04_008712",1212
"JAJSEB010000016.1","Genbank","gene",109490,112033,".","-",".","ID=gene-LSM04_001625;Name=LSM04_001625;gbkey=Gene;gene_biotype=protein_coding;locus_tag=LSM04_001625",2544
"JAJSEB010000016.1","Genbank","gene",112929,114116,".","-",".","ID=gene-LSM04_006089;Name=LSM04_006089;gbkey=Gene;gene_biotype=protein_coding;locus_tag=LSM04_006089",1188
"JAJSEB010000016.1","Genbank","gene",115339,120747,".","-",".","ID=gene-LSM04_009122;Name=LSM04_009122;gbkey=Gene;gene_biotype=protein_coding;locus_tag=LSM04_009122",5409
"JAJSEB010000016.1","Genbank","gene",121061,128034,".","-",".","ID=gene-LSM04_006178;Name=LSM04_006178;gbkey=Gene;gene_biotype=protein_coding;locus_tag=LSM04_006178",6974
"JAJSEB010000016.1","Genbank","gene",132130,132627,".","-",".","ID=gene-LSM04_002731;Name=LSM04_002731;gbkey=Gene;gene_biotype=protein_coding;locus_tag=LSM04_002731",498
"JAJSEB010000016.1","Genbank","gene",134185,134682,".","-",".","ID=gene-LSM04_008936;Name=LSM04_008936;gbkey=Gene;gene_biotype=protein_coding;locus_tag=LSM04_008936",498
"JAJSEB010000016.1","Genbank","gene",135614,136585,".","-",".","ID=gene-LSM04_002608;Name=LSM04_002608;gbkey=Gene;gene_biotype=protein_coding;locus_tag=LSM04_002608",972
"JAJSEB010000016.1","Genbank","gene",137382,138818,".","-",".","ID=gene-LSM04_006104;Name=LSM04_006104;gbkey=Gene;gene_biotype=protein_coding;locus_tag=LSM04_006104",1437
"JAJSEB010000016.1","Genbank","gene",140199,141770,".","-",".","ID=gene-LSM04_008910;Name=LSM04_008910;gbkey=Gene;gene_biotype=protein_coding;locus_tag=LSM04_008910",1572
"JAJSEB010000016.1","Genbank","gene",142534,142866,".","-",".","ID=gene-LSM04_000145;Name=LSM04_000145;gbkey=Gene;gene_biotype=protein_coding;locus_tag=LSM04_000145",333
"JAJSEB010000016.1","Genbank","gene",143679,146342,".","-",".","ID=gene-LSM04_008331;Name=LSM04_008331;gbkey=Gene;gene_biotype=protein_coding;locus_tag=LSM04_008331",2664
"JAJSEB010000016.1","Genbank","gene",146595,148601,".","-",".","ID=gene-LSM04_003719;Name=LSM04_003719;gbkey=Gene;gene_biotype=protein_coding;locus_tag=LSM04_003719",2007
"JAJSEB010000016.1","Genbank","gene",149119,153819,".","-",".","ID=gene-LSM04_003711;Name=LSM04_003711;gbkey=Gene;gene_biotype=protein_coding;locus_tag=LSM04_003711",4701
"JAJSEB010000016.1","Genbank","gene",154200,157973,".","-",".","ID=gene-LSM04_004498;Name=LSM04_004498;gbkey=Gene;gene_biotype=protein_coding;locus_tag=LSM04_004498",3774
"JAJSEB010000016.1","Genbank","gene",158388,163178,".","-",".","ID=gene-LSM04_004362;Name=LSM04_004362;gbkey=Gene;gene_biotype=protein_coding;locus_tag=LSM04_004362",4791
"JAJSEB010000016.1","Genbank","gene",165564,167171,".","-",".","ID=gene-LSM04_005439;Name=LSM04_005439;gbkey=Gene;gene_biotype=protein_coding;locus_tag=LSM04_005439",1608
"JAJSEB010000016.1","Genbank","gene",167746,170784,".","-",".","ID=gene-LSM04_004354;Name=LSM04_004354;gbkey=Gene;gene_biotype=protein_coding;locus_tag=LSM04_004354",3039
"JAJSEB010000016.1","Genbank","gene",171768,173003,".","-",".","ID=gene-LSM04_003894;Name=LSM04_003894;gbkey=Gene;gene_biotype=protein_coding;locus_tag=LSM04_003894",1236
"JAJSEB010000016.1","Genbank","gene",173540,175138,".","-",".","ID=gene-LSM04_007718;Name=LSM04_007718;gbkey=Gene;gene_biotype=protein_coding;locus_tag=LSM04_007718",1599
"JAJSEB010000016.1","Genbank","gene",175487,176095,".","-",".","ID=gene-LSM04_005280;Name=LSM04_005280;gbkey=Gene;gene_biotype=protein_coding;locus_tag=LSM04_005280",609
"JAJSEB010000016.1","Genbank","gene",176508,177188,".","-",".","ID=gene-LSM04_009424;Name=LSM04_009424;gbkey=Gene;gene_biotype=protein_coding;locus_tag=LSM04_009424",681
"JAJSEB010000016.1","Genbank","gene",177722,177976,".","-",".","ID=gene-LSM04_006648;Name=LSM04_006648;gbkey=Gene;gene_biotype=protein_coding;locus_tag=LSM04_006648",255
"JAJSEB010000016.1","Genbank","gene",179146,180138,".","-",".","ID=gene-LSM04_006068;Name=LSM04_006068;gbkey=Gene;gene_biotype=protein_coding;locus_tag=LSM04_006068",993
"JAJSEB010000016.1","Genbank","gene",181007,184159,".","-",".","ID=gene-LSM04_004075;Name=LSM04_004075;gbkey=Gene;gene_biotype=protein_coding;locus_tag=LSM04_004075",3153
"JAJSEB010000016.1","Genbank","gene",184356,186164,".","-",".","ID=gene-LSM04_004794;Name=LSM04_004794;gbkey=Gene;gene_biotype=protein_coding;locus_tag=LSM04_004794",1809
"JAJSEB010000016.1","Genbank","gene",187799,190894,".","-",".","ID=gene-LSM04_002716;Name=LSM04_002716;gbkey=Gene;gene_biotype=protein_coding;locus_tag=LSM04_002716",3096
"JAJSEB010000016.1","Genbank","gene",192322,195198,".","-",".","ID=gene-LSM04_008116;Name=LSM04_008116;gbkey=Gene;gene_biotype=protein_coding;locus_tag=LSM04_008116",2877
"JAJSEB010000016.1","Genbank","gene",195829,203672,".","-",".","ID=gene-LSM04_004244;Name=LSM04_004244;gbkey=Gene;gene_biotype=protein_coding;locus_tag=LSM04_004244",7844
"JAJSEB010000016.1","Genbank","gene",197356,197595,".","+",".","ID=gene-LSM04_008307;Name=LSM04_008307;gbkey=Gene;gene_biotype=protein_coding;locus_tag=LSM04_008307",240
"JAJSEB010000016.1","Genbank","gene",204733,207285,".","-",".","ID=gene-LSM04_007159;Name=LSM04_007159;gbkey=Gene;gene_biotype=protein_coding;locus_tag=LSM04_007159",2553
"JAJSEB010000016.1","Genbank","gene",207950,209125,".","-",".","ID=gene-LSM04_008722;Name=LSM04_008722;gbkey=Gene;gene_biotype=protein_coding;locus_tag=LSM04_008722",1176
"JAJSEB010000016.1","Genbank","gene",209577,210344,".","-",".","ID=gene-LSM04_005838;Name=LSM04_005838;gbkey=Gene;gene_biotype=protein_coding;locus_tag=LSM04_005838",768
"JAJSEB010000016.1","Genbank","gene",211099,211956,".","-",".","ID=gene-LSM04_003077;Name=LSM04_003077;gbkey=Gene;gene_biotype=protein_coding;locus_tag=LSM04_003077",858
"JAJSEB010000016.1","Genbank","gene",212350,213807,".","-",".","ID=gene-LSM04_000468;Name=LSM04_000468;gbkey=Gene;gene_biotype=protein_coding;locus_tag=LSM04_000468",1458
"JAJSEB010000016.1","Genbank","gene",214381,216117,".","-",".","ID=gene-LSM04_000366;Name=LSM04_000366;gbkey=Gene;gene_biotype=protein_coding;locus_tag=LSM04_000366",1737
"JAJSEB010000016.1","Genbank","gene",217903,218556,".","-",".","ID=gene-LSM04_004711;Name=LSM04_004711;gbkey=Gene;gene_biotype=protein_coding;locus_tag=LSM04_004711",654
"JAJSEB010000016.1","Genbank","gene",219804,221375,".","-",".","ID=gene-LSM04_009559;Name=LSM04_009559;gbkey=Gene;gene_biotype=protein_coding;locus_tag=LSM04_009559",1572
"JAJSEB010000016.1","Genbank","gene",222011,223183,".","-",".","ID=gene-LSM04_000572;Name=LSM04_000572;gbkey=Gene;gene_biotype=protein_coding;locus_tag=LSM04_000572",1173
"JAJSEB010000016.1","Genbank","gene",224082,224846,".","-",".","ID=gene-LSM04_003785;Name=LSM04_003785;gbkey=Gene;gene_biotype=protein_coding;locus_tag=LSM04_003785",765
"JAJSEB010000016.1","Genbank","gene",225318,225581,".","-",".","ID=gene-LSM04_000068;Name=LSM04_000068;gbkey=Gene;gene_biotype=protein_coding;locus_tag=LSM04_000068",264
"JAJSEB010000016.1","Genbank","gene",226029,226787,".","-",".","ID=gene-LSM04_006280;Name=LSM04_006280;gbkey=Gene;gene_biotype=protein_coding;locus_tag=LSM04_006280",759
"JAJSEB010000016.1","Genbank","gene",227062,228405,".","-",".","ID=gene-LSM04_004428;Name=LSM04_004428;gbkey=Gene;gene_biotype=protein_coding;locus_tag=LSM04_004428",1344
"JAJSEB010000016.1","Genbank","gene",228819,231170,".","-",".","ID=gene-LSM04_006163;Name=LSM04_006163;gbkey=Gene;gene_biotype=protein_coding;locus_tag=LSM04_006163",2352
"JAJSEB010000016.1","Genbank","gene",231533,232537,".","-",".","ID=gene-LSM04_005249;Name=LSM04_005249;gbkey=Gene;gene_biotype=protein_coding;locus_tag=LSM04_005249",1005
"JAJSEB010000016.1","Genbank","gene",237749,238021,".","-",".","ID=gene-LSM04_000375;Name=LSM04_000375;gbkey=Gene;gene_biotype=protein_coding;locus_tag=LSM04_000375",273
"JAJSEB010000016.1","Genbank","gene",239006,240146,".","+",".","ID=gene-LSM04_008594;Name=LSM04_008594;gbkey=Gene;gene_biotype=protein_coding;locus_tag=LSM04_008594",1141
"JAJSEB010000016.1","Genbank","gene",240180,240446,".","-",".","ID=gene-LSM04_002554;Name=LSM04_002554;gbkey=Gene;gene_biotype=protein_coding;locus_tag=LSM04_002554",267
"JAJSEB010000016.1","Genbank","gene",240362,241284,".","+",".","ID=gene-LSM04_000639;Name=LSM04_000639;gbkey=Gene;gene_biotype=protein_coding;locus_tag=LSM04_000639",923
"JAJSEB010000016.1","Genbank","gene",241580,242309,".","-",".","ID=gene-LSM04_009184;Name=LSM04_009184;gbkey=Gene;gene_biotype=protein_coding;locus_tag=LSM04_009184",730
"JAJSEB010000016.1","Genbank","gene",242324,242686,".","+",".","ID=gene-LSM04_002269;Name=LSM04_002269;gbkey=Gene;gene_biotype=protein_coding;locus_tag=LSM04_002269",363
"JAJSEB010000016.1","Genbank","gene",244043,245383,".","+",".","ID=gene-LSM04_000972;Name=LSM04_000972;gbkey=Gene;gene_biotype=protein_coding;locus_tag=LSM04_000972",1341
"JAJSEB010000016.1","Genbank","gene",246910,247943,".","-",".","ID=gene-LSM04_002612;Name=LSM04_002612;gbkey=Gene;gene_biotype=protein_coding;locus_tag=LSM04_002612",1034
"JAJSEB010000016.1","Genbank","gene",248002,248406,".","+",".","ID=gene-LSM04_001252;Name=LSM04_001252;gbkey=Gene;gene_biotype=protein_coding;locus_tag=LSM04_001252",405
"JAJSEB010000016.1","Genbank","gene",249270,250172,".","-",".","ID=gene-LSM04_001759;Name=LSM04_001759;gbkey=Gene;gene_biotype=protein_coding;locus_tag=LSM04_001759",903
"JAJSEB010000016.1","Genbank","gene",250539,253625,".","-",".","ID=gene-LSM04_006479;Name=LSM04_006479;gbkey=Gene;gene_biotype=protein_coding;locus_tag=LSM04_006479",3087
"JAJSEB010000016.1","Genbank","gene",254004,255836,".","-",".","ID=gene-LSM04_006845;Name=LSM04_006845;gbkey=Gene;gene_biotype=protein_coding;locus_tag=LSM04_006845",1833
"JAJSEB010000016.1","Genbank","gene",256028,257224,".","-",".","ID=gene-LSM04_000976;Name=LSM04_000976;gbkey=Gene;gene_biotype=protein_coding;locus_tag=LSM04_000976",1197
"JAJSEB010000016.1","Genbank","gene",257585,258322,".","-",".","ID=gene-LSM04_001885;Name=LSM04_001885;gbkey=Gene;gene_biotype=protein_coding;locus_tag=LSM04_001885",738
"JAJSEB010000016.1","Genbank","gene",259313,261082,".","-",".","ID=gene-LSM04_004575;Name=LSM04_004575;gbkey=Gene;gene_biotype=protein_coding;locus_tag=LSM04_004575",1770
"JAJSEB010000016.1","Genbank","gene",261609,263342,".","-",".","ID=gene-LSM04_001700;Name=LSM04_001700;gbkey=Gene;gene_biotype=protein_coding;locus_tag=LSM04_001700",1734
"JAJSEB010000016.1","Genbank","gene",263812,265332,".","-",".","ID=gene-LSM04_003530;Name=LSM04_003530;gbkey=Gene;gene_biotype=protein_coding;locus_tag=LSM04_003530",1521
"JAJSEB010000016.1","Genbank","gene",265948,267963,".","-",".","ID=gene-LSM04_002586;Name=LSM04_002586;gbkey=Gene;gene_biotype=protein_coding;locus_tag=LSM04_002586",2016
"JAJSEB010000016.1","Genbank","gene",268803,269117,".","-",".","ID=gene-LSM04_004037;Name=LSM04_004037;gbkey=Gene;gene_biotype=protein_coding;locus_tag=LSM04_004037",315
"JAJSEB010000016.1","Genbank","gene",269848,272151,".","-",".","ID=gene-LSM04_000302;Name=LSM04_000302;gbkey=Gene;gene_biotype=protein_coding;locus_tag=LSM04_000302",2304
"JAJSEB010000016.1","Genbank","gene",273100,278709,".","-",".","ID=gene-LSM04_002309;Name=LSM04_002309;gbkey=Gene;gene_biotype=protein_coding;locus_tag=LSM04_002309",5610
"JAJSEB010000016.1","Genbank","gene",280010,281398,".","-",".","ID=gene-LSM04_005041;Name=LSM04_005041;gbkey=Gene;gene_biotype=protein_coding;locus_tag=LSM04_005041",1389
"JAJSEB010000016.1","Genbank","gene",282107,284662,".","-",".","ID=gene-LSM04_009112;Name=LSM04_009112;gbkey=Gene;gene_biotype=protein_coding;locus_tag=LSM04_009112",2556
"JAJSEB010000016.1","Genbank","gene",285236,288382,".","-",".","ID=gene-LSM04_009157;Name=LSM04_009157;gbkey=Gene;gene_biotype=protein_coding;locus_tag=LSM04_009157",3147
"JAJSEB010000016.1","Genbank","gene",289245,290291,".","-",".","ID=gene-LSM04_006776;Name=LSM04_006776;gbkey=Gene;gene_biotype=protein_coding;locus_tag=LSM04_006776",1047
"JAJSEB010000016.1","Genbank","gene",290891,291319,".","-",".","ID=gene-LSM04_002894;Name=LSM04_002894;gbkey=Gene;gene_biotype=protein_coding;locus_tag=LSM04_002894",429
"JAJSEB010000016.1","Genbank","gene",291649,292884,".","-",".","ID=gene-LSM04_004851;Name=LSM04_004851;gbkey=Gene;gene_biotype=protein_coding;locus_tag=LSM04_004851",1236
"JAJSEB010000016.1","Genbank","gene",294434,296221,".","-",".","ID=gene-LSM04_003765;Name=LSM04_003765;gbkey=Gene;gene_biotype=protein_coding;locus_tag=LSM04_003765",1788
"JAJSEB010000016.1","Genbank","gene",296962,297270,".","-",".","ID=gene-LSM04_006411;Name=LSM04_006411;gbkey=Gene;gene_biotype=protein_coding;locus_tag=LSM04_006411",309
"JAJSEB010000016.1","Genbank","gene",297883,298581,".","-",".","ID=gene-LSM04_002341;Name=LSM04_002341;gbkey=Gene;gene_biotype=protein_coding;locus_tag=LSM04_002341",699
"JAJSEB010000016.1","Genbank","gene",299344,301398,".","-",".","ID=gene-LSM04_009362;Name=LSM04_009362;gbkey=Gene;gene_biotype=protein_coding;locus_tag=LSM04_009362",2055
"JAJSEB010000016.1","Genbank","gene",301949,302551,".","-",".","ID=gene-LSM04_003282;Name=LSM04_003282;gbkey=Gene;gene_biotype=protein_coding;locus_tag=LSM04_003282",603
"JAJSEB010000016.1","Genbank","gene",302958,303764,".","-",".","ID=gene-LSM04_005221;Name=LSM04_005221;gbkey=Gene;gene_biotype=protein_coding;locus_tag=LSM04_005221",807
"JAJSEB010000016.1","Genbank","gene",304267,307317,".","-",".","ID=gene-LSM04_000003;Name=LSM04_000003;gbkey=Gene;gene_biotype=protein_coding;locus_tag=LSM04_000003",3051
"JAJSEB010000016.1","Genbank","gene",307992,308378,".","-",".","ID=gene-LSM04_000767;Name=LSM04_000767;gbkey=Gene;gene_biotype=protein_coding;locus_tag=LSM04_000767",387
"JAJSEB010000016.1","Genbank","gene",310640,311683,".","-",".","ID=gene-LSM04_008761;Name=LSM04_008761;gbkey=Gene;gene_biotype=protein_coding;locus_tag=LSM04_008761",1044
"JAJSEB010000016.1","Genbank","gene",312160,316656,".","-",".","ID=gene-LSM04_000006;Name=LSM04_000006;gbkey=Gene;gene_biotype=protein_coding;locus_tag=LSM04_000006",4497
"JAJSEB010000016.1","Genbank","gene",317235,318155,".","-",".","ID=gene-LSM04_001702;Name=LSM04_001702;gbkey=Gene;gene_biotype=protein_coding;locus_tag=LSM04_001702",921
"JAJSEB010000016.1","Genbank","gene",318923,319786,".","-",".","ID=gene-LSM04_008101;Name=LSM04_008101;gbkey=Gene;gene_biotype=protein_coding;locus_tag=LSM04_008101",864
"JAJSEB010000016.1","Genbank","gene",321727,322137,".","-",".","ID=gene-LSM04_008275;Name=LSM04_008275;gbkey=Gene;gene_biotype=protein_coding;locus_tag=LSM04_008275",411
"JAJSEB010000016.1","Genbank","gene",322760,324205,".","-",".","ID=gene-LSM04_005971;Name=LSM04_005971;gbkey=Gene;gene_biotype=protein_coding;locus_tag=LSM04_005971",1446
"JAJSEB010000016.1","Genbank","gene",325450,326343,".","-",".","ID=gene-LSM04_001748;Name=LSM04_001748;gbkey=Gene;gene_biotype=protein_coding;locus_tag=LSM04_001748",894
"JAJSEB010000016.1","Genbank","gene",328345,330078,".","-",".","ID=gene-LSM04_007675;Name=LSM04_007675;gbkey=Gene;gene_biotype=protein_coding;locus_tag=LSM04_007675",1734
"JAJSEB010000016.1","Genbank","gene",331454,334093,".","-",".","ID=gene-LSM04_008699;Name=LSM04_008699;gbkey=Gene;gene_biotype=protein_coding;locus_tag=LSM04_008699",2640
"JAJSEB010000016.1","Genbank","gene",334696,335580,".","-",".","ID=gene-LSM04_000911;Name=LSM04_000911;gbkey=Gene;gene_biotype=protein_coding;locus_tag=LSM04_000911",885
"JAJSEB010000016.1","Genbank","gene",335974,336852,".","-",".","ID=gene-LSM04_006109;Name=LSM04_006109;gbkey=Gene;gene_biotype=protein_coding;locus_tag=LSM04_006109",879
"JAJSEB010000016.1","Genbank","gene",337161,339350,".","-",".","ID=gene-LSM04_006366;Name=LSM04_006366;gbkey=Gene;gene_biotype=protein_coding;locus_tag=LSM04_006366",2190
"JAJSEB010000016.1","Genbank","gene",340071,340919,".","-",".","ID=gene-LSM04_002374;Name=LSM04_002374;gbkey=Gene;gene_biotype=protein_coding;locus_tag=LSM04_002374",849
"JAJSEB010000016.1","Genbank","gene",346910,349948,".","-",".","ID=gene-LSM04_004728;Name=LSM04_004728;gbkey=Gene;gene_biotype=protein_coding;locus_tag=LSM04_004728",3039
"JAJSEB010000016.1","Genbank","gene",353727,355703,".","-",".","ID=gene-LSM04_001202;Name=LSM04_001202;gbkey=Gene;gene_biotype=protein_coding;locus_tag=LSM04_001202",1977
"JAJSEB010000016.1","Genbank","gene",357111,359099,".","-",".","ID=gene-LSM04_007766;Name=LSM04_007766;gbkey=Gene;gene_biotype=protein_coding;locus_tag=LSM04_007766",1989
"JAJSEB010000016.1","Genbank","gene",359909,361360,".","-",".","ID=gene-LSM04_008686;Name=LSM04_008686;gbkey=Gene;gene_biotype=protein_coding;locus_tag=LSM04_008686",1452
"JAJSEB010000016.1","Genbank","gene",361902,363341,".","-",".","ID=gene-LSM04_009018;Name=LSM04_009018;gbkey=Gene;gene_biotype=protein_coding;locus_tag=LSM04_009018",1440
"JAJSEB010000016.1","Genbank","gene",363540,364568,".","-",".","ID=gene-LSM04_001473;Name=LSM04_001473;gbkey=Gene;gene_biotype=protein_coding;locus_tag=LSM04_001473",1029
"JAJSEB010000016.1","Genbank","gene",365008,366323,".","-",".","ID=gene-LSM04_003513;Name=LSM04_003513;gbkey=Gene;gene_biotype=protein_coding;locus_tag=LSM04_003513",1316
"JAJSEB010000016.1","Genbank","gene",366748,367137,".","-",".","ID=gene-LSM04_003226;Name=LSM04_003226;gbkey=Gene;gene_biotype=protein_coding;locus_tag=LSM04_003226",390
"JAJSEB010000016.1","Genbank","gene",367952,369469,".","-",".","ID=gene-LSM04_005165;Name=LSM04_005165;gbkey=Gene;gene_biotype=protein_coding;locus_tag=LSM04_005165",1518
"JAJSEB010000016.1","Genbank","gene",369812,370264,".","-",".","ID=gene-LSM04_006337;Name=LSM04_006337;gbkey=Gene;gene_biotype=protein_coding;locus_tag=LSM04_006337",453
"JAJSEB010000016.1","Genbank","gene",370784,371758,".","-",".","ID=gene-LSM04_004752;Name=LSM04_004752;gbkey=Gene;gene_biotype=protein_coding;locus_tag=LSM04_004752",975
"JAJSEB010000016.1","Genbank","gene",372046,372921,".","-",".","ID=gene-LSM04_002180;Name=LSM04_002180;gbkey=Gene;gene_biotype=protein_coding;locus_tag=LSM04_002180",876
"JAJSEB010000016.1","Genbank","gene",373690,375177,".","-",".","ID=gene-LSM04_005408;Name=LSM04_005408;gbkey=Gene;gene_biotype=protein_coding;locus_tag=LSM04_005408",1488
"JAJSEB010000016.1","Genbank","gene",377257,379287,".","-",".","ID=gene-LSM04_003400;Name=LSM04_003400;gbkey=Gene;gene_biotype=protein_coding;locus_tag=LSM04_003400",2031
"JAJSEB010000016.1","Genbank","gene",379844,380524,".","-",".","ID=gene-LSM04_005346;Name=LSM04_005346;gbkey=Gene;gene_biotype=protein_coding;locus_tag=LSM04_005346",681
"JAJSEB010000016.1","Genbank","gene",381005,382756,".","-",".","ID=gene-LSM04_001707;Name=LSM04_001707;gbkey=Gene;gene_biotype=protein_coding;locus_tag=LSM04_001707",1752
"JAJSEB010000016.1","Genbank","gene",383778,386009,".","-",".","ID=gene-LSM04_002709;Name=LSM04_002709;gbkey=Gene;gene_biotype=protein_coding;locus_tag=LSM04_002709",2232
"JAJSEB010000016.1","Genbank","gene",386706,387071,".","-",".","ID=gene-LSM04_000575;Name=LSM04_000575;gbkey=Gene;gene_biotype=protein_coding;locus_tag=LSM04_000575",366
"JAJSEB010000016.1","Genbank","gene",388308,391685,".","-",".","ID=gene-LSM04_008634;Name=LSM04_008634;gbkey=Gene;gene_biotype=protein_coding;locus_tag=LSM04_008634",3378
"JAJSEB010000016.1","Genbank","gene",392927,397411,".","-",".","ID=gene-LSM04_005278;Name=LSM04_005278;gbkey=Gene;gene_biotype=protein_coding;locus_tag=LSM04_005278",4485
"JAJSEB010000016.1","Genbank","gene",399167,400654,".","-",".","ID=gene-LSM04_000654;Name=LSM04_000654;gbkey=Gene;gene_biotype=protein_coding;locus_tag=LSM04_000654",1488
"JAJSEB010000016.1","Genbank","gene",401326,405549,".","-",".","ID=gene-LSM04_007994;Name=LSM04_007994;gbkey=Gene;gene_biotype=protein_coding;locus_tag=LSM04_007994",4224
"JAJSEB010000016.1","Genbank","gene",406189,406485,".","-",".","ID=gene-LSM04_008487;Name=LSM04_008487;gbkey=Gene;gene_biotype=protein_coding;locus_tag=LSM04_008487",297
"JAJSEB010000016.1","Genbank","gene",406498,407024,".","-",".","ID=gene-LSM04_004873;Name=LSM04_004873;gbkey=Gene;gene_biotype=protein_coding;locus_tag=LSM04_004873",527
"JAJSEB010000016.1","Genbank","gene",407416,408198,".","-",".","ID=gene-LSM04_005505;Name=LSM04_005505;gbkey=Gene;gene_biotype=protein_coding;locus_tag=LSM04_005505",783
"JAJSEB010000016.1","Genbank","gene",408791,409087,".","-",".","ID=gene-LSM04_000886;Name=LSM04_000886;gbkey=Gene;gene_biotype=protein_coding;locus_tag=LSM04_000886",297
"JAJSEB010000016.1","Genbank","gene",409100,409626,".","-",".","ID=gene-LSM04_004737;Name=LSM04_004737;gbkey=Gene;gene_biotype=protein_coding;locus_tag=LSM04_004737",527
"JAJSEB010000016.1","Genbank","gene",410085,411902,".","-",".","ID=gene-LSM04_007095;Name=LSM04_007095;gbkey=Gene;gene_biotype=protein_coding;locus_tag=LSM04_007095",1818
"JAJSEB010000016.1","Genbank","gene",413011,413919,".","-",".","ID=gene-LSM04_000096;Name=LSM04_000096;gbkey=Gene;gene_biotype=protein_coding;locus_tag=LSM04_000096",909
"JAJSEB010000016.1","Genbank","gene",415642,416862,".","-",".","ID=gene-LSM04_001711;Name=LSM04_001711;gbkey=Gene;gene_biotype=protein_coding;locus_tag=LSM04_001711",1221
"JAJSEB010000016.1","Genbank","gene",417703,418848,".","-",".","ID=gene-LSM04_001105;Name=LSM04_001105;gbkey=Gene;gene_biotype=protein_coding;locus_tag=LSM04_001105",1146
"JAJSEB010000016.1","Genbank","gene",419115,419369,".","-",".","ID=gene-LSM04_004817;Name=LSM04_004817;gbkey=Gene;gene_biotype=protein_coding;locus_tag=LSM04_004817",255
"JAJSEB010000016.1","Genbank","gene",419899,422175,".","-",".","ID=gene-LSM04_001337;Name=LSM04_001337;gbkey=Gene;gene_biotype=protein_coding;locus_tag=LSM04_001337",2277
"JAJSEB010000016.1","Genbank","gene",422619,425573,".","-",".","ID=gene-LSM04_009651;Name=LSM04_009651;gbkey=Gene;gene_biotype=protein_coding;locus_tag=LSM04_009651",2955
"JAJSEB010000016.1","Genbank","gene",426251,427453,".","-",".","ID=gene-LSM04_006931;Name=LSM04_006931;gbkey=Gene;gene_biotype=protein_coding;locus_tag=LSM04_006931",1203
"JAJSEB010000016.1","Genbank","gene",427831,429231,".","-",".","ID=gene-LSM04_008565;Name=LSM04_008565;gbkey=Gene;gene_biotype=protein_coding;locus_tag=LSM04_008565",1401
"JAJSEB010000016.1","Genbank","gene",429521,432208,".","-",".","ID=gene-LSM04_009310;Name=LSM04_009310;gbkey=Gene;gene_biotype=protein_coding;locus_tag=LSM04_009310",2688
"JAJSEB010000016.1","Genbank","gene",432853,433323,".","-",".","ID=gene-LSM04_005152;Name=LSM04_005152;gbkey=Gene;gene_biotype=protein_coding;locus_tag=LSM04_005152",471
"JAJSEB010000016.1","Genbank","gene",433809,434549,".","-",".","ID=gene-LSM04_004165;Name=LSM04_004165;gbkey=Gene;gene_biotype=protein_coding;locus_tag=LSM04_004165",741
"JAJSEB010000016.1","Genbank","gene",434956,436011,".","-",".","ID=gene-LSM04_008227;Name=LSM04_008227;gbkey=Gene;gene_biotype=protein_coding;locus_tag=LSM04_008227",1056
"JAJSEB010000016.1","Genbank","gene",436414,438198,".","-",".","ID=gene-LSM04_005969;Name=LSM04_005969;gbkey=Gene;gene_biotype=protein_coding;locus_tag=LSM04_005969",1785
"JAJSEB010000016.1","Genbank","gene",438531,439208,".","-",".","ID=gene-LSM04_004642;Name=LSM04_004642;gbkey=Gene;gene_biotype=protein_coding;locus_tag=LSM04_004642",678
"JAJSEB010000016.1","Genbank","gene",440230,441141,".","-",".","ID=gene-LSM04_001673;Name=LSM04_001673;gbkey=Gene;gene_biotype=protein_coding;locus_tag=LSM04_001673",912
"JAJSEB010000016.1","Genbank","gene",441419,442630,".","-",".","ID=gene-LSM04_004132;Name=LSM04_004132;gbkey=Gene;gene_biotype=protein_coding;locus_tag=LSM04_004132",1212
"JAJSEB010000016.1","Genbank","gene",442852,443781,".","-",".","ID=gene-LSM04_009013;Name=LSM04_009013;gbkey=Gene;gene_biotype=protein_coding;locus_tag=LSM04_009013",930
"JAJSEB010000016.1","Genbank","gene",444011,444724,".","-",".","ID=gene-LSM04_008662;Name=LSM04_008662;gbkey=Gene;gene_biotype=protein_coding;locus_tag=LSM04_008662",714
"JAJSEB010000016.1","Genbank","gene",445344,446669,".","+",".","ID=gene-LSM04_008305;Name=LSM04_008305;gbkey=Gene;gene_biotype=protein_coding;locus_tag=LSM04_008305",1326
"JAJSEB010000016.1","Genbank","gene",446930,448738,".","+",".","ID=gene-LSM04_005697;Name=LSM04_005697;gbkey=Gene;gene_biotype=protein_coding;locus_tag=LSM04_005697",1809
"JAJSEB010000016.1","Genbank","gene",448964,450067,".","+",".","ID=gene-LSM04_008525;Name=LSM04_008525;gbkey=Gene;gene_biotype=protein_coding;locus_tag=LSM04_008525",1104
"JAJSEB010000016.1","Genbank","gene",450394,450945,".","+",".","ID=gene-LSM04_005501;Name=LSM04_005501;gbkey=Gene;gene_biotype=protein_coding;locus_tag=LSM04_005501",552
"JAJSEB010000016.1","Genbank","gene",451413,452318,".","+",".","ID=gene-LSM04_005518;Name=LSM04_005518;gbkey=Gene;gene_biotype=protein_coding;locus_tag=LSM04_005518",906
"JAJSEB010000016.1","Genbank","gene",452860,454188,".","+",".","ID=gene-LSM04_000019;Name=LSM04_000019;gbkey=Gene;gene_biotype=protein_coding;locus_tag=LSM04_000019",1329
"JAJSEB010000016.1","Genbank","gene",454483,455889,".","+",".","ID=gene-LSM04_008729;Name=LSM04_008729;gbkey=Gene;gene_biotype=protein_coding;locus_tag=LSM04_008729",1407
"JAJSEB010000016.1","Genbank","gene",456314,458149,".","+",".","ID=gene-LSM04_008117;Name=LSM04_008117;gbkey=Gene;gene_biotype=protein_coding;locus_tag=LSM04_008117",1836
"JAJSEB010000016.1","Genbank","gene",458495,459490,".","+",".","ID=gene-LSM04_006085;Name=LSM04_006085;gbkey=Gene;gene_biotype=protein_coding;locus_tag=LSM04_006085",996
"JAJSEB010000016.1","Genbank","gene",459938,460495,".","+",".","ID=gene-LSM04_005994;Name=LSM04_005994;gbkey=Gene;gene_biotype=protein_coding;locus_tag=LSM04_005994",558
"JAJSEB010000016.1","Genbank","gene",460789,462219,".","+",".","ID=gene-LSM04_006779;Name=LSM04_006779;gbkey=Gene;gene_biotype=protein_coding;locus_tag=LSM04_006779",1431
"JAJSEB010000016.1","Genbank","gene",462384,462797,".","+",".","ID=gene-LSM04_004846;Name=LSM04_004846;gbkey=Gene;gene_biotype=protein_coding;locus_tag=LSM04_004846",414
"JAJSEB010000016.1","Genbank","gene",463116,463457,".","+",".","ID=gene-LSM04_004332;Name=LSM04_004332;gbkey=Gene;gene_biotype=protein_coding;locus_tag=LSM04_004332",342
"JAJSEB010000016.1","Genbank","gene",463814,465127,".","+",".","ID=gene-LSM04_001120;Name=LSM04_001120;gbkey=Gene;gene_biotype=protein_coding;locus_tag=LSM04_001120",1314
"JAJSEB010000016.1","Genbank","gene",465547,466461,".","+",".","ID=gene-LSM04_005383;Name=LSM04_005383;gbkey=Gene;gene_biotype=protein_coding;locus_tag=LSM04_005383",915
"JAJSEB010000016.1","Genbank","gene",466893,467810,".","+",".","ID=gene-LSM04_001717;Name=LSM04_001717;gbkey=Gene;gene_biotype=protein_coding;locus_tag=LSM04_001717",918
"JAJSEB010000016.1","Genbank","gene",468241,469272,".","+",".","ID=gene-LSM04_005239;Name=LSM04_005239;gbkey=Gene;gene_biotype=protein_coding;locus_tag=LSM04_005239",1032
"JAJSEB010000016.1","Genbank","gene",469540,470279,".","+",".","ID=gene-LSM04_003680;Name=LSM04_003680;gbkey=Gene;gene_biotype=protein_coding;locus_tag=LSM04_003680",740
"JAJSEB010000016.1","Genbank","gene",470604,472289,".","+",".","ID=gene-LSM04_001269;Name=LSM04_001269;gbkey=Gene;gene_biotype=protein_coding;locus_tag=LSM04_001269",1686
"JAJSEB010000016.1","Genbank","gene",472633,473037,".","+",".","ID=gene-LSM04_003024;Name=LSM04_003024;gbkey=Gene;gene_biotype=protein_coding;locus_tag=LSM04_003024",405
"JAJSEB010000016.1","Genbank","gene",473288,476062,".","+",".","ID=gene-LSM04_005464;Name=LSM04_005464;gbkey=Gene;gene_biotype=protein_coding;locus_tag=LSM04_005464",2775
"JAJSEB010000016.1","Genbank","gene",476467,477642,".","+",".","ID=gene-LSM04_007746;Name=LSM04_007746;gbkey=Gene;gene_biotype=protein_coding;locus_tag=LSM04_007746",1176
"JAJSEB010000016.1","Genbank","gene",478430,479494,".","+",".","ID=gene-LSM04_006895;Name=LSM04_006895;gbkey=Gene;gene_biotype=protein_coding;locus_tag=LSM04_006895",1065
"JAJSEB010000016.1","Genbank","gene",479740,481563,".","+",".","ID=gene-LSM04_004859;Name=LSM04_004859;gbkey=Gene;gene_biotype=protein_coding;locus_tag=LSM04_004859",1824
"JAJSEB010000016.1","Genbank","gene",482551,482913,".","+",".","ID=gene-LSM04_002848;Name=LSM04_002848;gbkey=Gene;gene_biotype=protein_coding;locus_tag=LSM04_002848",363
"JAJSEB010000016.1","Genbank","gene",483896,486052,".","+",".","ID=gene-LSM04_006322;Name=LSM04_006322;gbkey=Gene;gene_biotype=protein_coding;locus_tag=LSM04_006322",2157
"JAJSEB010000016.1","Genbank","gene",486284,487051,".","+",".","ID=gene-LSM04_008639;Name=LSM04_008639;gbkey=Gene;gene_biotype=protein_coding;locus_tag=LSM04_008639",768
"JAJSEB010000016.1","Genbank","gene",487280,490357,".","+",".","ID=gene-LSM04_005543;Name=LSM04_005543;gbkey=Gene;gene_biotype=protein_coding;locus_tag=LSM04_005543",3078
"JAJSEB010000016.1","Genbank","gene",491231,491506,".","-",".","ID=gene-LSM04_003413;Name=LSM04_003413;gbkey=Gene;gene_biotype=protein_coding;locus_tag=LSM04_003413",276
"JAJSEB010000016.1","Genbank","gene",499217,499676,".","+",".","ID=gene-LSM04_001271;Name=LSM04_001271;gbkey=Gene;gene_biotype=protein_coding;locus_tag=LSM04_001271",460
"JAJSEB010000016.1","Genbank","gene",504964,505398,".","+",".","ID=gene-LSM04_008800;Name=LSM04_008800;gbkey=Gene;gene_biotype=protein_coding;locus_tag=LSM04_008800",435
"JAJSEB010000020.1","Genbank","gene",1831,4224,".","-",".","ID=gene-LSM04_007483;Name=LSM04_007483;gbkey=Gene;gene_biotype=protein_coding;locus_tag=LSM04_007483",2394
"JAJSEB010000020.1","Genbank","gene",4633,6045,".","-",".","ID=gene-LSM04_003533;Name=LSM04_003533;gbkey=Gene;gene_biotype=protein_coding;locus_tag=LSM04_003533",1413
"JAJSEB010000020.1","Genbank","gene",6503,7894,".","-",".","ID=gene-LSM04_004742;Name=LSM04_004742;gbkey=Gene;gene_biotype=protein_coding;locus_tag=LSM04_004742",1392
"JAJSEB010000020.1","Genbank","gene",8385,10238,".","-",".","ID=gene-LSM04_006329;Name=LSM04_006329;gbkey=Gene;gene_biotype=protein_coding;locus_tag=LSM04_006329",1854
"JAJSEB010000020.1","Genbank","gene",10506,13493,".","-",".","ID=gene-LSM04_000353;Name=LSM04_000353;gbkey=Gene;gene_biotype=protein_coding;locus_tag=LSM04_000353",2988
"JAJSEB010000020.1","Genbank","gene",13958,16864,".","-",".","ID=gene-LSM04_005090;Name=LSM04_005090;gbkey=Gene;gene_biotype=protein_coding;locus_tag=LSM04_005090",2907
"JAJSEB010000020.1","Genbank","gene",17206,17673,".","-",".","ID=gene-LSM04_002993;Name=LSM04_002993;gbkey=Gene;gene_biotype=protein_coding;locus_tag=LSM04_002993",468
"JAJSEB010000020.1","Genbank","gene",17942,19882,".","-",".","ID=gene-LSM04_003621;Name=LSM04_003621;gbkey=Gene;gene_biotype=protein_coding;locus_tag=LSM04_003621",1941
"JAJSEB010000020.1","Genbank","gene",20254,20931,".","-",".","ID=gene-LSM04_004512;Name=LSM04_004512;gbkey=Gene;gene_biotype=protein_coding;locus_tag=LSM04_004512",678
"JAJSEB010000020.1","Genbank","gene",21312,22175,".","-",".","ID=gene-LSM04_003459;Name=LSM04_003459;gbkey=Gene;gene_biotype=protein_coding;locus_tag=LSM04_003459",864
"JAJSEB010000020.1","Genbank","gene",22599,23576,".","-",".","ID=gene-LSM04_005981;Name=LSM04_005981;gbkey=Gene;gene_biotype=protein_coding;locus_tag=LSM04_005981",978
"JAJSEB010000020.1","Genbank","gene",24652,25623,".","-",".","ID=gene-LSM04_009500;Name=LSM04_009500;gbkey=Gene;gene_biotype=protein_coding;locus_tag=LSM04_009500",972
"JAJSEB010000020.1","Genbank","gene",26290,27282,".","-",".","ID=gene-LSM04_008962;Name=LSM04_008962;gbkey=Gene;gene_biotype=protein_coding;locus_tag=LSM04_008962",993
"JAJSEB010000020.1","Genbank","gene",27458,28282,".","-",".","ID=gene-LSM04_009165;Name=LSM04_009165;gbkey=Gene;gene_biotype=protein_coding;locus_tag=LSM04_009165",825
"JAJSEB010000020.1","Genbank","gene",29831,31963,".","-",".","ID=gene-LSM04_006173;Name=LSM04_006173;gbkey=Gene;gene_biotype=protein_coding;locus_tag=LSM04_006173",2133
"JAJSEB010000020.1","Genbank","gene",33310,36999,".","-",".","ID=gene-LSM04_008768;Name=LSM04_008768;gbkey=Gene;gene_biotype=protein_coding;locus_tag=LSM04_008768",3690
"JAJSEB010000020.1","Genbank","gene",38383,40914,".","-",".","ID=gene-LSM04_005805;Name=LSM04_005805;gbkey=Gene;gene_biotype=protein_coding;locus_tag=LSM04_005805",2532
"JAJSEB010000020.1","Genbank","gene",41916,42830,".","-",".","ID=gene-LSM04_004209;Name=LSM04_004209;gbkey=Gene;gene_biotype=protein_coding;locus_tag=LSM04_004209",915
"JAJSEB010000020.1","Genbank","gene",43683,44384,".","-",".","ID=gene-LSM04_008705;Name=LSM04_008705;gbkey=Gene;gene_biotype=protein_coding;locus_tag=LSM04_008705",702
"JAJSEB010000020.1","Genbank","gene",44428,45319,".","-",".","ID=gene-LSM04_003490;Name=LSM04_003490;gbkey=Gene;gene_biotype=protein_coding;locus_tag=LSM04_003490",892
"JAJSEB010000020.1","Genbank","gene",45432,45707,".","+",".","ID=gene-LSM04_002409;Name=LSM04_002409;gbkey=Gene;gene_biotype=protein_coding;locus_tag=LSM04_002409",276
"JAJSEB010000020.1","Genbank","gene",46386,50885,".","-",".","ID=gene-LSM04_003286;Name=LSM04_003286;gbkey=Gene;gene_biotype=protein_coding;locus_tag=LSM04_003286",4500
"JAJSEB010000020.1","Genbank","gene",51327,52887,".","-",".","ID=gene-LSM04_009166;Name=LSM04_009166;gbkey=Gene;gene_biotype=protein_coding;locus_tag=LSM04_009166",1561
"JAJSEB010000020.1","Genbank","gene",53797,55152,".","-",".","ID=gene-LSM04_001606;Name=LSM04_001606;gbkey=Gene;gene_biotype=protein_coding;locus_tag=LSM04_001606",1356
"JAJSEB010000020.1","Genbank","gene",55865,59332,".","-",".","ID=gene-LSM04_001979;Name=LSM04_001979;gbkey=Gene;gene_biotype=protein_coding;locus_tag=LSM04_001979",3468
"JAJSEB010000020.1","Genbank","gene",60069,63065,".","-",".","ID=gene-LSM04_001441;Name=LSM04_001441;gbkey=Gene;gene_biotype=protein_coding;locus_tag=LSM04_001441",2997
"JAJSEB010000020.1","Genbank","gene",63409,65544,".","-",".","ID=gene-LSM04_009558;Name=LSM04_009558;gbkey=Gene;gene_biotype=protein_coding;locus_tag=LSM04_009558",2136
"JAJSEB010000020.1","Genbank","gene",65922,66746,".","-",".","ID=gene-LSM04_007190;Name=LSM04_007190;gbkey=Gene;gene_biotype=protein_coding;locus_tag=LSM04_007190",825
"JAJSEB010000020.1","Genbank","gene",67759,69720,".","-",".","ID=gene-LSM04_002779;Name=LSM04_002779;gbkey=Gene;gene_biotype=protein_coding;locus_tag=LSM04_002779",1962
"JAJSEB010000020.1","Genbank","gene",70194,72350,".","-",".","ID=gene-LSM04_004007;Name=LSM04_004007;gbkey=Gene;gene_biotype=protein_coding;locus_tag=LSM04_004007",2157
"JAJSEB010000020.1","Genbank","gene",72831,75524,".","-",".","ID=gene-LSM04_009617;Name=LSM04_009617;gbkey=Gene;gene_biotype=protein_coding;locus_tag=LSM04_009617",2694
"JAJSEB010000020.1","Genbank","gene",76113,78212,".","-",".","ID=gene-LSM04_004320;Name=LSM04_004320;gbkey=Gene;gene_biotype=protein_coding;locus_tag=LSM04_004320",2100
"JAJSEB010000020.1","Genbank","gene",78509,78905,".","-",".","ID=gene-LSM04_000504;Name=LSM04_000504;gbkey=Gene;gene_biotype=protein_coding;locus_tag=LSM04_000504",397
"JAJSEB010000020.1","Genbank","gene",81207,85952,".","-",".","ID=gene-LSM04_003948;Name=LSM04_003948;gbkey=Gene;gene_biotype=protein_coding;locus_tag=LSM04_003948",4746
"JAJSEB010000020.1","Genbank","gene",88714,90684,".","-",".","ID=gene-LSM04_001725;Name=LSM04_001725;gbkey=Gene;gene_biotype=protein_coding;locus_tag=LSM04_001725",1971
"JAJSEB010000020.1","Genbank","gene",92510,94342,".","-",".","ID=gene-LSM04_004092;Name=LSM04_004092;gbkey=Gene;gene_biotype=protein_coding;locus_tag=LSM04_004092",1833
"JAJSEB010000020.1","Genbank","gene",95004,97076,".","-",".","ID=gene-LSM04_006020;Name=LSM04_006020;gbkey=Gene;gene_biotype=protein_coding;locus_tag=LSM04_006020",2073
"JAJSEB010000020.1","Genbank","gene",98167,99444,".","-",".","ID=gene-LSM04_001666;Name=LSM04_001666;gbkey=Gene;gene_biotype=protein_coding;locus_tag=LSM04_001666",1278
"JAJSEB010000020.1","Genbank","gene",101071,101955,".","-",".","ID=gene-LSM04_005839;Name=LSM04_005839;gbkey=Gene;gene_biotype=protein_coding;locus_tag=LSM04_005839",885
"JAJSEB010000020.1","Genbank","gene",102044,102382,".","-",".","ID=gene-LSM04_008553;Name=LSM04_008553;gbkey=Gene;gene_biotype=protein_coding;locus_tag=LSM04_008553",339
"JAJSEB010000020.1","Genbank","gene",102792,104159,".","-",".","ID=gene-LSM04_001932;Name=LSM04_001932;gbkey=Gene;gene_biotype=protein_coding;locus_tag=LSM04_001932",1368
"JAJSEB010000020.1","Genbank","gene",105313,105642,".","-",".","ID=gene-LSM04_000381;Name=LSM04_000381;gbkey=Gene;gene_biotype=protein_coding;locus_tag=LSM04_000381",330
"JAJSEB010000020.1","Genbank","gene",106303,108504,".","-",".","ID=gene-LSM04_003255;Name=LSM04_003255;gbkey=Gene;gene_biotype=protein_coding;locus_tag=LSM04_003255",2202
"JAJSEB010000020.1","Genbank","gene",109111,109605,".","-",".","ID=gene-LSM04_006932;Name=LSM04_006932;gbkey=Gene;gene_biotype=protein_coding;locus_tag=LSM04_006932",495
"JAJSEB010000020.1","Genbank","gene",110181,111401,".","-",".","ID=gene-LSM04_007241;Name=LSM04_007241;gbkey=Gene;gene_biotype=protein_coding;locus_tag=LSM04_007241",1221
"JAJSEB010000020.1","Genbank","gene",112167,113654,".","-",".","ID=gene-LSM04_008502;Name=LSM04_008502;gbkey=Gene;gene_biotype=protein_coding;locus_tag=LSM04_008502",1488
"JAJSEB010000020.1","Genbank","gene",115002,116015,".","-",".","ID=gene-LSM04_009087;Name=LSM04_009087;gbkey=Gene;gene_biotype=protein_coding;locus_tag=LSM04_009087",1014
"JAJSEB010000020.1","Genbank","gene",118300,121104,".","-",".","ID=gene-LSM04_005519;Name=LSM04_005519;gbkey=Gene;gene_biotype=protein_coding;locus_tag=LSM04_005519",2805
"JAJSEB010000020.1","Genbank","gene",123444,125786,".","-",".","ID=gene-LSM04_008081;Name=LSM04_008081;gbkey=Gene;gene_biotype=protein_coding;locus_tag=LSM04_008081",2343
"JAJSEB010000020.1","Genbank","gene",127340,129589,".","-",".","ID=gene-LSM04_002967;Name=LSM04_002967;gbkey=Gene;gene_biotype=protein_coding;locus_tag=LSM04_002967",2250
"JAJSEB010000020.1","Genbank","gene",131084,132785,".","-",".","ID=gene-LSM04_006972;Name=LSM04_006972;gbkey=Gene;gene_biotype=protein_coding;locus_tag=LSM04_006972",1702
"JAJSEB010000020.1","Genbank","gene",133247,133591,".","+",".","ID=gene-LSM04_006901;Name=LSM04_006901;gbkey=Gene;gene_biotype=protein_coding;locus_tag=LSM04_006901",345
"JAJSEB010000020.1","Genbank","gene",134550,136052,".","-",".","ID=gene-LSM04_005297;Name=LSM04_005297;gbkey=Gene;gene_biotype=protein_coding;locus_tag=LSM04_005297",1503
"JAJSEB010000020.1","Genbank","gene",136497,139112,".","-",".","ID=gene-LSM04_001015;Name=LSM04_001015;gbkey=Gene;gene_biotype=protein_coding;locus_tag=LSM04_001015",2616
"JAJSEB010000020.1","Genbank","gene",140004,142643,".","-",".","ID=gene-LSM04_009200;Name=LSM04_009200;gbkey=Gene;gene_biotype=protein_coding;locus_tag=LSM04_009200",2640
"JAJSEB010000020.1","Genbank","gene",143549,145336,".","-",".","ID=gene-LSM04_006417;Name=LSM04_006417;gbkey=Gene;gene_biotype=protein_coding;locus_tag=LSM04_006417",1788
"JAJSEB010000020.1","Genbank","gene",147674,153055,".","-",".","ID=gene-LSM04_001096;Name=LSM04_001096;gbkey=Gene;gene_biotype=protein_coding;locus_tag=LSM04_001096",5382
"JAJSEB010000020.1","Genbank","gene",153973,157509,".","-",".","ID=gene-LSM04_007474;Name=LSM04_007474;gbkey=Gene;gene_biotype=protein_coding;locus_tag=LSM04_007474",3537
"JAJSEB010000020.1","Genbank","gene",158084,158614,".","+",".","ID=gene-LSM04_001948;Name=LSM04_001948;gbkey=Gene;gene_biotype=protein_coding;locus_tag=LSM04_001948",531
"JAJSEB010000020.1","Genbank","gene",158775,160649,".","-",".","ID=gene-LSM04_000630;Name=LSM04_000630;gbkey=Gene;gene_biotype=protein_coding;locus_tag=LSM04_000630",1875
"JAJSEB010000020.1","Genbank","gene",161391,163214,".","-",".","ID=gene-LSM04_001543;Name=LSM04_001543;gbkey=Gene;gene_biotype=protein_coding;locus_tag=LSM04_001543",1824
"JAJSEB010000020.1","Genbank","gene",163459,163860,".","-",".","ID=gene-LSM04_002772;Name=LSM04_002772;gbkey=Gene;gene_biotype=protein_coding;locus_tag=LSM04_002772",402
"JAJSEB010000020.1","Genbank","gene",164005,164370,".","-",".","ID=gene-LSM04_000661;Name=LSM04_000661;gbkey=Gene;gene_biotype=protein_coding;locus_tag=LSM04_000661",366
"JAJSEB010000020.1","Genbank","gene",164575,165141,".","-",".","ID=gene-LSM04_002649;Name=LSM04_002649;gbkey=Gene;gene_biotype=protein_coding;locus_tag=LSM04_002649",567
"JAJSEB010000020.1","Genbank","gene",165230,165655,".","+",".","ID=gene-LSM04_001716;Name=LSM04_001716;gbkey=Gene;gene_biotype=protein_coding;locus_tag=LSM04_001716",426
"JAJSEB010000020.1","Genbank","gene",171545,171877,".","-",".","ID=gene-LSM04_008688;Name=LSM04_008688;gbkey=Gene;gene_biotype=protein_coding;locus_tag=LSM04_008688",333
"JAJSEB010000020.1","Genbank","gene",174131,175071,".","+",".","ID=gene-LSM04_002911;Name=LSM04_002911;gbkey=Gene;gene_biotype=protein_coding;locus_tag=LSM04_002911",941
"JAJSEB010000020.1","Genbank","gene",175110,175364,".","-",".","ID=gene-LSM04_004910;Name=LSM04_004910;gbkey=Gene;gene_biotype=protein_coding;locus_tag=LSM04_004910",255
"JAJSEB010000020.1","Genbank","gene",175764,176516,".","-",".","ID=gene-LSM04_000161;Name=LSM04_000161;gbkey=Gene;gene_biotype=protein_coding;locus_tag=LSM04_000161",753
"JAJSEB010000020.1","Genbank","gene",176870,177169,".","-",".","ID=gene-LSM04_006838;Name=LSM04_006838;gbkey=Gene;gene_biotype=protein_coding;locus_tag=LSM04_006838",300
"JAJSEB010000020.1","Genbank","gene",177352,177953,".","+",".","ID=gene-LSM04_004627;Name=LSM04_004627;gbkey=Gene;gene_biotype=protein_coding;locus_tag=LSM04_004627",602
"JAJSEB010000020.1","Genbank","gene",177984,178988,".","-",".","ID=gene-LSM04_000762;Name=LSM04_000762;gbkey=Gene;gene_biotype=protein_coding;locus_tag=LSM04_000762",1005
"JAJSEB010000020.1","Genbank","gene",179568,180107,".","+",".","ID=gene-LSM04_000153;Name=LSM04_000153;gbkey=Gene;gene_biotype=protein_coding;locus_tag=LSM04_000153",540
"JAJSEB010000020.1","Genbank","gene",180258,181412,".","-",".","ID=gene-LSM04_005899;Name=LSM04_005899;gbkey=Gene;gene_biotype=protein_coding;locus_tag=LSM04_005899",1155
"JAJSEB010000020.1","Genbank","gene",181549,182128,".","-",".","ID=gene-LSM04_007136;Name=LSM04_007136;gbkey=Gene;gene_biotype=protein_coding;locus_tag=LSM04_007136",580
"JAJSEB010000020.1","Genbank","gene",182872,184694,".","-",".","ID=gene-LSM04_009482;Name=LSM04_009482;gbkey=Gene;gene_biotype=protein_coding;locus_tag=LSM04_009482",1823
"JAJSEB010000020.1","Genbank","gene",184939,185340,".","-",".","ID=gene-LSM04_006098;Name=LSM04_006098;gbkey=Gene;gene_biotype=protein_coding;locus_tag=LSM04_006098",402
"JAJSEB010000020.1","Genbank","gene",185484,185849,".","-",".","ID=gene-LSM04_005764;Name=LSM04_005764;gbkey=Gene;gene_biotype=protein_coding;locus_tag=LSM04_005764",366
"JAJSEB010000020.1","Genbank","gene",186051,186614,".","-",".","ID=gene-LSM04_003676;Name=LSM04_003676;gbkey=Gene;gene_biotype=protein_coding;locus_tag=LSM04_003676",564
"JAJSEB010000020.1","Genbank","gene",186908,187387,".","+",".","ID=gene-LSM04_008126;Name=LSM04_008126;gbkey=Gene;gene_biotype=protein_coding;locus_tag=LSM04_008126",480
"JAJSEB010000020.1","Genbank","gene",193013,193345,".","-",".","ID=gene-LSM04_008395;Name=LSM04_008395;gbkey=Gene;gene_biotype=protein_coding;locus_tag=LSM04_008395",333
"JAJSEB010000020.1","Genbank","gene",203996,204706,".","-",".","ID=gene-LSM04_008522;Name=LSM04_008522;gbkey=Gene;gene_biotype=protein_coding;locus_tag=LSM04_008522",711
"JAJSEB010000020.1","Genbank","gene",205882,206346,".","+",".","ID=gene-LSM04_007836;Name=LSM04_007836;gbkey=Gene;gene_biotype=protein_coding;locus_tag=LSM04_007836",465
"JAJSEB010000020.1","Genbank","gene",206354,207366,".","+",".","ID=gene-LSM04_009247;Name=LSM04_009247;gbkey=Gene;gene_biotype=protein_coding;locus_tag=LSM04_009247",1013
"JAJSEB010000020.1","Genbank","gene",207796,208555,".","-",".","ID=gene-LSM04_003498;Name=LSM04_003498;gbkey=Gene;gene_biotype=protein_coding;locus_tag=LSM04_003498",760
"JAJSEB010000020.1","Genbank","gene",210406,213111,".","+",".","ID=gene-LSM04_004182;Name=LSM04_004182;gbkey=Gene;gene_biotype=protein_coding;locus_tag=LSM04_004182",2706
"JAJSEB010000020.1","Genbank","gene",213594,214829,".","+",".","ID=gene-LSM04_003248;Name=LSM04_003248;gbkey=Gene;gene_biotype=protein_coding;locus_tag=LSM04_003248",1236
"JAJSEB010000020.1","Genbank","gene",218349,219460,".","+",".","ID=gene-LSM04_003324;Name=LSM04_003324;gbkey=Gene;gene_biotype=protein_coding;locus_tag=LSM04_003324",1112
"JAJSEB010000020.1","Genbank","gene",221177,222613,".","+",".","ID=gene-LSM04_003689;Name=LSM04_003689;gbkey=Gene;gene_biotype=protein_coding;locus_tag=LSM04_003689",1437
"JAJSEB010000020.1","Genbank","gene",223426,225193,".","+",".","ID=gene-LSM04_002338;Name=LSM04_002338;gbkey=Gene;gene_biotype=protein_coding;locus_tag=LSM04_002338",1768
"JAJSEB010000020.1","Genbank","gene",225601,227826,".","+",".","ID=gene-LSM04_007260;Name=LSM04_007260;gbkey=Gene;gene_biotype=protein_coding;locus_tag=LSM04_007260",2226
"JAJSEB010000020.1","Genbank","gene",228476,229816,".","+",".","ID=gene-LSM04_001373;Name=LSM04_001373;gbkey=Gene;gene_biotype=protein_coding;locus_tag=LSM04_001373",1341
"JAJSEB010000020.1","Genbank","gene",230231,231454,".","+",".","ID=gene-LSM04_005670;Name=LSM04_005670;gbkey=Gene;gene_biotype=protein_coding;locus_tag=LSM04_005670",1224
"JAJSEB010000020.1","Genbank","gene",231878,232354,".","+",".","ID=gene-LSM04_003861;Name=LSM04_003861;gbkey=Gene;gene_biotype=protein_coding;locus_tag=LSM04_003861",477
"JAJSEB010000020.1","Genbank","gene",237188,239206,".","-",".","ID=gene-LSM04_004586;Name=LSM04_004586;gbkey=Gene;gene_biotype=protein_coding;locus_tag=LSM04_004586",2019
"JAJSEB010000020.1","Genbank","gene",239586,242555,".","-",".","ID=gene-LSM04_003895;Name=LSM04_003895;gbkey=Gene;gene_biotype=protein_coding;locus_tag=LSM04_003895",2970
"JAJSEB010000020.1","Genbank","gene",243186,245696,".","-",".","ID=gene-LSM04_006814;Name=LSM04_006814;gbkey=Gene;gene_biotype=protein_coding;locus_tag=LSM04_006814",2511
"JAJSEB010000020.1","Genbank","gene",246388,247584,".","-",".","ID=gene-LSM04_003242;Name=LSM04_003242;gbkey=Gene;gene_biotype=protein_coding;locus_tag=LSM04_003242",1197
"JAJSEB010000020.1","Genbank","gene",247915,249369,".","-",".","ID=gene-LSM04_001397;Name=LSM04_001397;gbkey=Gene;gene_biotype=protein_coding;locus_tag=LSM04_001397",1455
"JAJSEB010000020.1","Genbank","gene",250077,252440,".","-",".","ID=gene-LSM04_004267;Name=LSM04_004267;gbkey=Gene;gene_biotype=protein_coding;locus_tag=LSM04_004267",2364
"JAJSEB010000020.1","Genbank","gene",252952,254082,".","-",".","ID=gene-LSM04_001833;Name=LSM04_001833;gbkey=Gene;gene_biotype=protein_coding;locus_tag=LSM04_001833",1131
"JAJSEB010000020.1","Genbank","gene",254789,256912,".","-",".","ID=gene-LSM04_000361;Name=LSM04_000361;gbkey=Gene;gene_biotype=protein_coding;locus_tag=LSM04_000361",2124
"JAJSEB010000020.1","Genbank","gene",257760,258374,".","-",".","ID=gene-LSM04_001185;Name=LSM04_001185;gbkey=Gene;gene_biotype=protein_coding;locus_tag=LSM04_001185",615
"JAJSEB010000020.1","Genbank","gene",258624,259814,".","-",".","ID=gene-LSM04_006844;Name=LSM04_006844;gbkey=Gene;gene_biotype=protein_coding;locus_tag=LSM04_006844",1191
"JAJSEB010000020.1","Genbank","gene",273297,274745,".","-",".","ID=gene-LSM04_004523;Name=LSM04_004523;gbkey=Gene;gene_biotype=protein_coding;locus_tag=LSM04_004523",1449
"JAJSEB010000020.1","Genbank","gene",276861,279089,".","-",".","ID=gene-LSM04_004982;Name=LSM04_004982;gbkey=Gene;gene_biotype=protein_coding;locus_tag=LSM04_004982",2229
"JAJSEB010000020.1","Genbank","gene",281394,283121,".","-",".","ID=gene-LSM04_005702;Name=LSM04_005702;gbkey=Gene;gene_biotype=protein_coding;locus_tag=LSM04_005702",1728
"JAJSEB010000020.1","Genbank","gene",284528,285844,".","-",".","ID=gene-LSM04_005043;Name=LSM04_005043;gbkey=Gene;gene_biotype=protein_coding;locus_tag=LSM04_005043",1317
"JAJSEB010000020.1","Genbank","gene",286316,287210,".","-",".","ID=gene-LSM04_005600;Name=LSM04_005600;gbkey=Gene;gene_biotype=protein_coding;locus_tag=LSM04_005600",895
"JAJSEB010000020.1","Genbank","gene",287681,288547,".","-",".","ID=gene-LSM04_009708;Name=LSM04_009708;gbkey=Gene;gene_biotype=protein_coding;locus_tag=LSM04_009708",867
"JAJSEB010000020.1","Genbank","gene",289212,290441,".","-",".","ID=gene-LSM04_003835;Name=LSM04_003835;gbkey=Gene;gene_biotype=protein_coding;locus_tag=LSM04_003835",1230
"JAJSEB010000020.1","Genbank","gene",290852,291769,".","-",".","ID=gene-LSM04_001429;Name=LSM04_001429;gbkey=Gene;gene_biotype=protein_coding;locus_tag=LSM04_001429",918
"JAJSEB010000020.1","Genbank","gene",292576,293127,".","-",".","ID=gene-LSM04_007530;Name=LSM04_007530;gbkey=Gene;gene_biotype=protein_coding;locus_tag=LSM04_007530",552
"JAJSEB010000020.1","Genbank","gene",293542,297612,".","-",".","ID=gene-LSM04_008468;Name=LSM04_008468;gbkey=Gene;gene_biotype=protein_coding;locus_tag=LSM04_008468",4071
"JAJSEB010000020.1","Genbank","gene",298338,300950,".","-",".","ID=gene-LSM04_002691;Name=LSM04_002691;gbkey=Gene;gene_biotype=protein_coding;locus_tag=LSM04_002691",2613
"JAJSEB010000020.1","Genbank","gene",302647,303384,".","-",".","ID=gene-LSM04_008415;Name=LSM04_008415;gbkey=Gene;gene_biotype=protein_coding;locus_tag=LSM04_008415",738
"JAJSEB010000020.1","Genbank","gene",305462,305914,".","-",".","ID=gene-LSM04_006148;Name=LSM04_006148;gbkey=Gene;gene_biotype=protein_coding;locus_tag=LSM04_006148",453
"JAJSEB010000020.1","Genbank","gene",309027,311030,".","-",".","ID=gene-LSM04_005472;Name=LSM04_005472;gbkey=Gene;gene_biotype=protein_coding;locus_tag=LSM04_005472",2004
"JAJSEB010000020.1","Genbank","gene",312370,313629,".","-",".","ID=gene-LSM04_001437;Name=LSM04_001437;gbkey=Gene;gene_biotype=protein_coding;locus_tag=LSM04_001437",1260
"JAJSEB010000020.1","Genbank","gene",314250,314963,".","-",".","ID=gene-LSM04_009562;Name=LSM04_009562;gbkey=Gene;gene_biotype=protein_coding;locus_tag=LSM04_009562",714
"JAJSEB010000020.1","Genbank","gene",316257,319763,".","-",".","ID=gene-LSM04_001494;Name=LSM04_001494;gbkey=Gene;gene_biotype=protein_coding;locus_tag=LSM04_001494",3507
"JAJSEB010000020.1","Genbank","gene",320891,321845,".","-",".","ID=gene-LSM04_009164;Name=LSM04_009164;gbkey=Gene;gene_biotype=protein_coding;locus_tag=LSM04_009164",955
"JAJSEB010000020.1","Genbank","gene",321865,322275,".","-",".","ID=gene-LSM04_009466;Name=LSM04_009466;gbkey=Gene;gene_biotype=protein_coding;locus_tag=LSM04_009466",411
"JAJSEB010000020.1","Genbank","gene",322437,322784,".","-",".","ID=gene-LSM04_004071;Name=LSM04_004071;gbkey=Gene;gene_biotype=protein_coding;locus_tag=LSM04_004071",348
"JAJSEB010000020.1","Genbank","gene",325363,330516,".","-",".","ID=gene-LSM04_003397;Name=LSM04_003397;gbkey=Gene;gene_biotype=protein_coding;locus_tag=LSM04_003397",5154
"JAJSEB010000020.1","Genbank","gene",330895,332310,".","-",".","ID=gene-LSM04_007430;Name=LSM04_007430;gbkey=Gene;gene_biotype=protein_coding;locus_tag=LSM04_007430",1416
"JAJSEB010000020.1","Genbank","gene",333094,336621,".","-",".","ID=gene-LSM04_006983;Name=LSM04_006983;gbkey=Gene;gene_biotype=protein_coding;locus_tag=LSM04_006983",3528
"JAJSEB010000020.1","Genbank","gene",337409,339439,".","-",".","ID=gene-LSM04_003608;Name=LSM04_003608;gbkey=Gene;gene_biotype=protein_coding;locus_tag=LSM04_003608",2031
"JAJSEB010000020.1","Genbank","gene",340506,340880,".","-",".","ID=gene-LSM04_007262;Name=LSM04_007262;gbkey=Gene;gene_biotype=protein_coding;locus_tag=LSM04_007262",375
"JAJSEB010000020.1","Genbank","gene",341528,342115,".","-",".","ID=gene-LSM04_001162;Name=LSM04_001162;gbkey=Gene;gene_biotype=protein_coding;locus_tag=LSM04_001162",588
"JAJSEB010000020.1","Genbank","gene",342712,343374,".","-",".","ID=gene-LSM04_002954;Name=LSM04_002954;gbkey=Gene;gene_biotype=protein_coding;locus_tag=LSM04_002954",663
"JAJSEB010000020.1","Genbank","gene",346398,349082,".","-",".","ID=gene-LSM04_009515;Name=LSM04_009515;gbkey=Gene;gene_biotype=protein_coding;locus_tag=LSM04_009515",2685
"JAJSEB010000020.1","Genbank","gene",350443,354690,".","-",".","ID=gene-LSM04_007861;Name=LSM04_007861;gbkey=Gene;gene_biotype=protein_coding;locus_tag=LSM04_007861",4248
"JAJSEB010000020.1","Genbank","gene",356220,356882,".","-",".","ID=gene-LSM04_001942;Name=LSM04_001942;gbkey=Gene;gene_biotype=protein_coding;locus_tag=LSM04_001942",663
"JAJSEB010000020.1","Genbank","gene",358105,358713,".","-",".","ID=gene-LSM04_009727;Name=LSM04_009727;gbkey=Gene;gene_biotype=protein_coding;locus_tag=LSM04_009727",609
"JAJSEB010000020.1","Genbank","gene",359640,363134,".","-",".","ID=gene-LSM04_008270;Name=LSM04_008270;gbkey=Gene;gene_biotype=protein_coding;locus_tag=LSM04_008270",3495
"JAJSEB010000020.1","Genbank","gene",363995,368680,".","-",".","ID=gene-LSM04_004936;Name=LSM04_004936;gbkey=Gene;gene_biotype=protein_coding;locus_tag=LSM04_004936",4686
"JAJSEB010000020.1","Genbank","gene",370362,373199,".","-",".","ID=gene-LSM04_000481;Name=LSM04_000481;gbkey=Gene;gene_biotype=protein_coding;locus_tag=LSM04_000481",2838
"JAJSEB010000020.1","Genbank","gene",374510,374824,".","-",".","ID=gene-LSM04_000694;Name=LSM04_000694;gbkey=Gene;gene_biotype=protein_coding;locus_tag=LSM04_000694",315
"JAJSEB010000020.1","Genbank","gene",375453,376988,".","-",".","ID=gene-LSM04_000945;Name=LSM04_000945;gbkey=Gene;gene_biotype=protein_coding;locus_tag=LSM04_000945",1536
"JAJSEB010000020.1","Genbank","gene",378079,380016,".","-",".","ID=gene-LSM04_002821;Name=LSM04_002821;gbkey=Gene;gene_biotype=protein_coding;locus_tag=LSM04_002821",1938
"JAJSEB010000020.1","Genbank","gene",380538,381494,".","-",".","ID=gene-LSM04_008455;Name=LSM04_008455;gbkey=Gene;gene_biotype=protein_coding;locus_tag=LSM04_008455",957
"JAJSEB010000020.1","Genbank","gene",381925,382947,".","-",".","ID=gene-LSM04_009053;Name=LSM04_009053;gbkey=Gene;gene_biotype=protein_coding;locus_tag=LSM04_009053",1023
"JAJSEB010000020.1","Genbank","gene",383235,383708,".","-",".","ID=gene-LSM04_007634;Name=LSM04_007634;gbkey=Gene;gene_biotype=protein_coding;locus_tag=LSM04_007634",474
"JAJSEB010000020.1","Genbank","gene",384952,386025,".","-",".","ID=gene-LSM04_001426;Name=LSM04_001426;gbkey=Gene;gene_biotype=protein_coding;locus_tag=LSM04_001426",1074
"JAJSEB010000020.1","Genbank","gene",387351,388502,".","-",".","ID=gene-LSM04_007253;Name=LSM04_007253;gbkey=Gene;gene_biotype=protein_coding;locus_tag=LSM04_007253",1152
"JAJSEB010000020.1","Genbank","gene",389329,390699,".","-",".","ID=gene-LSM04_006543;Name=LSM04_006543;gbkey=Gene;gene_biotype=protein_coding;locus_tag=LSM04_006543",1371
"JAJSEB010000020.1","Genbank","gene",391200,394217,".","-",".","ID=gene-LSM04_006914;Name=LSM04_006914;gbkey=Gene;gene_biotype=protein_coding;locus_tag=LSM04_006914",3018
"JAJSEB010000020.1","Genbank","gene",394745,395476,".","-",".","ID=gene-LSM04_004119;Name=LSM04_004119;gbkey=Gene;gene_biotype=protein_coding;locus_tag=LSM04_004119",732
"JAJSEB010000020.1","Genbank","gene",395855,396694,".","-",".","ID=gene-LSM04_006502;Name=LSM04_006502;gbkey=Gene;gene_biotype=protein_coding;locus_tag=LSM04_006502",840
"JAJSEB010000020.1","Genbank","gene",397063,399690,".","-",".","ID=gene-LSM04_006284;Name=LSM04_006284;gbkey=Gene;gene_biotype=protein_coding;locus_tag=LSM04_006284",2628
"JAJSEB010000020.1","Genbank","gene",402927,405170,".","-",".","ID=gene-LSM04_005908;Name=LSM04_005908;gbkey=Gene;gene_biotype=protein_coding;locus_tag=LSM04_005908",2244
"JAJSEB010000020.1","Genbank","gene",406457,408553,".","-",".","ID=gene-LSM04_004929;Name=LSM04_004929;gbkey=Gene;gene_biotype=protein_coding;locus_tag=LSM04_004929",2097
"JAJSEB010000020.1","Genbank","gene",409376,409903,".","-",".","ID=gene-LSM04_009377;Name=LSM04_009377;gbkey=Gene;gene_biotype=protein_coding;locus_tag=LSM04_009377",528
"JAJSEB010000020.1","Genbank","gene",410404,411450,".","-",".","ID=gene-LSM04_003918;Name=LSM04_003918;gbkey=Gene;gene_biotype=protein_coding;locus_tag=LSM04_003918",1047
"JAJSEB010000020.1","Genbank","gene",412077,412328,".","-",".","ID=gene-LSM04_005300;Name=LSM04_005300;gbkey=Gene;gene_biotype=protein_coding;locus_tag=LSM04_005300",252
"JAJSEB010000020.1","Genbank","gene",415239,416873,".","-",".","ID=gene-LSM04_007554;Name=LSM04_007554;gbkey=Gene;gene_biotype=protein_coding;locus_tag=LSM04_007554",1635
"JAJSEB010000020.1","Genbank","gene",417366,417926,".","-",".","ID=gene-LSM04_005311;Name=LSM04_005311;gbkey=Gene;gene_biotype=protein_coding;locus_tag=LSM04_005311",561
"JAJSEB010000020.1","Genbank","gene",418285,422115,".","-",".","ID=gene-LSM04_007449;Name=LSM04_007449;gbkey=Gene;gene_biotype=protein_coding;locus_tag=LSM04_007449",3831
"JAJSEB010000020.1","Genbank","gene",422627,423721,".","-",".","ID=gene-LSM04_001490;Name=LSM04_001490;gbkey=Gene;gene_biotype=protein_coding;locus_tag=LSM04_001490",1095
"JAJSEB010000020.1","Genbank","gene",424436,425887,".","-",".","ID=gene-LSM04_006383;Name=LSM04_006383;gbkey=Gene;gene_biotype=protein_coding;locus_tag=LSM04_006383",1452
"JAJSEB010000020.1","Genbank","gene",426311,426943,".","-",".","ID=gene-LSM04_008778;Name=LSM04_008778;gbkey=Gene;gene_biotype=protein_coding;locus_tag=LSM04_008778",633
"JAJSEB010000020.1","Genbank","gene",427408,428436,".","-",".","ID=gene-LSM04_002620;Name=LSM04_002620;gbkey=Gene;gene_biotype=protein_coding;locus_tag=LSM04_002620",1029
"JAJSEB010000020.1","Genbank","gene",429424,430083,".","-",".","ID=gene-LSM04_005347;Name=LSM04_005347;gbkey=Gene;gene_biotype=protein_coding;locus_tag=LSM04_005347",660
"JAJSEB010000020.1","Genbank","gene",430558,431226,".","-",".","ID=gene-LSM04_007182;Name=LSM04_007182;gbkey=Gene;gene_biotype=protein_coding;locus_tag=LSM04_007182",669
"JAJSEB010000020.1","Genbank","gene",431571,431987,".","-",".","ID=gene-LSM04_004482;Name=LSM04_004482;gbkey=Gene;gene_biotype=protein_coding;locus_tag=LSM04_004482",417
"JAJSEB010000020.1","Genbank","gene",432429,433583,".","-",".","ID=gene-LSM04_003938;Name=LSM04_003938;gbkey=Gene;gene_biotype=protein_coding;locus_tag=LSM04_003938",1155
"JAJSEB010000020.1","Genbank","gene",433965,434540,".","-",".","ID=gene-LSM04_007536;Name=LSM04_007536;gbkey=Gene;gene_biotype=protein_coding;locus_tag=LSM04_007536",576
"JAJSEB010000020.1","Genbank","gene",434739,437918,".","-",".","ID=gene-LSM04_005244;Name=LSM04_005244;gbkey=Gene;gene_biotype=protein_coding;locus_tag=LSM04_005244",3180
"JAJSEB010000020.1","Genbank","gene",438262,440025,".","-",".","ID=gene-LSM04_004856;Name=LSM04_004856;gbkey=Gene;gene_biotype=protein_coding;locus_tag=LSM04_004856",1764
"JAJSEB010000020.1","Genbank","gene",440792,441712,".","-",".","ID=gene-LSM04_003514;Name=LSM04_003514;gbkey=Gene;gene_biotype=protein_coding;locus_tag=LSM04_003514",921
"JAJSEB010000020.1","Genbank","gene",441977,442735,".","-",".","ID=gene-LSM04_000030;Name=LSM04_000030;gbkey=Gene;gene_biotype=protein_coding;locus_tag=LSM04_000030",759
"JAJSEB010000020.1","Genbank","gene",442871,443608,".","-",".","ID=gene-LSM04_000442;Name=LSM04_000442;gbkey=Gene;gene_biotype=protein_coding;locus_tag=LSM04_000442",738
"JAJSEB010000020.1","Genbank","gene",444448,444831,".","-",".","ID=gene-LSM04_000166;Name=LSM04_000166;gbkey=Gene;gene_biotype=protein_coding;locus_tag=LSM04_000166",384
"JAJSEB010000020.1","Genbank","gene",445046,445273,".","-",".","ID=gene-LSM04_002219;Name=LSM04_002219;gbkey=Gene;gene_biotype=protein_coding;locus_tag=LSM04_002219",228
"JAJSEB010000020.1","Genbank","gene",447046,448413,".","-",".","ID=gene-LSM04_003738;Name=LSM04_003738;gbkey=Gene;gene_biotype=protein_coding;locus_tag=LSM04_003738",1368
"JAJSEB010000020.1","Genbank","gene",449553,450612,".","-",".","ID=gene-LSM04_000881;Name=LSM04_000881;gbkey=Gene;gene_biotype=protein_coding;locus_tag=LSM04_000881",1060
"JAJSEB010000020.1","Genbank","gene",450662,451138,".","-",".","ID=gene-LSM04_004008;Name=LSM04_004008;gbkey=Gene;gene_biotype=protein_coding;locus_tag=LSM04_004008",477
"JAJSEB010000020.1","Genbank","gene",452591,453961,".","-",".","ID=gene-LSM04_004400;Name=LSM04_004400;gbkey=Gene;gene_biotype=protein_coding;locus_tag=LSM04_004400",1371
"JAJSEB010000020.1","Genbank","gene",455363,455737,".","-",".","ID=gene-LSM04_007218;Name=LSM04_007218;gbkey=Gene;gene_biotype=protein_coding;locus_tag=LSM04_007218",375
"JAJSEB010000020.1","Genbank","gene",455825,456701,".","-",".","ID=gene-LSM04_007916;Name=LSM04_007916;gbkey=Gene;gene_biotype=protein_coding;locus_tag=LSM04_007916",877
"JAJSEB010000020.1","Genbank","gene",456899,457627,".","-",".","ID=gene-LSM04_006025;Name=LSM04_006025;gbkey=Gene;gene_biotype=protein_coding;locus_tag=LSM04_006025",729
"JAJSEB010000020.1","Genbank","gene",458843,467680,".","+",".","ID=gene-LSM04_005954;Name=LSM04_005954;gbkey=Gene;gene_biotype=protein_coding;locus_tag=LSM04_005954",8838
"JAJSEB010000033.1","Genbank","gene",1318,3444,".","-",".","ID=gene-LSM04_009364;Name=LSM04_009364;gbkey=Gene;gene_biotype=protein_coding;locus_tag=LSM04_009364",2127
"JAJSEB010000033.1","Genbank","gene",5333,5911,".","+",".","ID=gene-LSM04_003943;Name=LSM04_003943;gbkey=Gene;gene_biotype=protein_coding;locus_tag=LSM04_003943",579
"JAJSEB010000033.1","Genbank","gene",6117,7931,".","+",".","ID=gene-LSM04_003648;Name=LSM04_003648;gbkey=Gene;gene_biotype=protein_coding;locus_tag=LSM04_003648",1815
"JAJSEB010000033.1","Genbank","gene",8506,9387,".","+",".","ID=gene-LSM04_003535;Name=LSM04_003535;gbkey=Gene;gene_biotype=protein_coding;locus_tag=LSM04_003535",882
"JAJSEB010000033.1","Genbank","gene",10179,10616,".","+",".","ID=gene-LSM04_008165;Name=LSM04_008165;gbkey=Gene;gene_biotype=protein_coding;locus_tag=LSM04_008165",438
"JAJSEB010000033.1","Genbank","gene",10891,12636,".","+",".","ID=gene-LSM04_001601;Name=LSM04_001601;gbkey=Gene;gene_biotype=protein_coding;locus_tag=LSM04_001601",1746
"JAJSEB010000033.1","Genbank","gene",12932,14677,".","+",".","ID=gene-LSM04_005643;Name=LSM04_005643;gbkey=Gene;gene_biotype=protein_coding;locus_tag=LSM04_005643",1746
"JAJSEB010000033.1","Genbank","gene",14973,16718,".","+",".","ID=gene-LSM04_007776;Name=LSM04_007776;gbkey=Gene;gene_biotype=protein_coding;locus_tag=LSM04_007776",1746
"JAJSEB010000033.1","Genbank","gene",16980,17987,".","+",".","ID=gene-LSM04_005372;Name=LSM04_005372;gbkey=Gene;gene_biotype=protein_coding;locus_tag=LSM04_005372",1008
"JAJSEB010000033.1","Genbank","gene",18522,24461,".","+",".","ID=gene-LSM04_002522;Name=LSM04_002522;gbkey=Gene;gene_biotype=protein_coding;locus_tag=LSM04_002522",5940
"JAJSEB010000033.1","Genbank","gene",24786,25022,".","+",".","ID=gene-LSM04_007765;Name=LSM04_007765;gbkey=Gene;gene_biotype=protein_coding;locus_tag=LSM04_007765",237
"JAJSEB010000033.1","Genbank","gene",25398,26393,".","+",".","ID=gene-LSM04_007365;Name=LSM04_007365;gbkey=Gene;gene_biotype=protein_coding;locus_tag=LSM04_007365",996
"JAJSEB010000033.1","Genbank","gene",28553,29617,".","+",".","ID=gene-LSM04_009700;Name=LSM04_009700;gbkey=Gene;gene_biotype=protein_coding;locus_tag=LSM04_009700",1065
"JAJSEB010000033.1","Genbank","gene",30374,31636,".","+",".","ID=gene-LSM04_003347;Name=LSM04_003347;gbkey=Gene;gene_biotype=protein_coding;locus_tag=LSM04_003347",1263
"JAJSEB010000033.1","Genbank","gene",32189,34216,".","+",".","ID=gene-LSM04_006220;Name=LSM04_006220;gbkey=Gene;gene_biotype=protein_coding;locus_tag=LSM04_006220",2028
"JAJSEB010000033.1","Genbank","gene",34829,37138,".","+",".","ID=gene-LSM04_007355;Name=LSM04_007355;gbkey=Gene;gene_biotype=protein_coding;locus_tag=LSM04_007355",2310
"JAJSEB010000033.1","Genbank","gene",38890,41700,".","+",".","ID=gene-LSM04_005117;Name=LSM04_005117;gbkey=Gene;gene_biotype=protein_coding;locus_tag=LSM04_005117",2811
"JAJSEB010000033.1","Genbank","gene",42169,45039,".","+",".","ID=gene-LSM04_009758;Name=LSM04_009758;gbkey=Gene;gene_biotype=protein_coding;locus_tag=LSM04_009758",2871
"JAJSEB010000033.1","Genbank","gene",45600,47864,".","+",".","ID=gene-LSM04_008373;Name=LSM04_008373;gbkey=Gene;gene_biotype=protein_coding;locus_tag=LSM04_008373",2265
"JAJSEB010000033.1","Genbank","gene",48537,51440,".","+",".","ID=gene-LSM04_007016;Name=LSM04_007016;gbkey=Gene;gene_biotype=protein_coding;locus_tag=LSM04_007016",2904
"JAJSEB010000033.1","Genbank","gene",52785,54260,".","+",".","ID=gene-LSM04_000511;Name=LSM04_000511;gbkey=Gene;gene_biotype=protein_coding;locus_tag=LSM04_000511",1476
"JAJSEB010000033.1","Genbank","gene",57113,60343,".","+",".","ID=gene-LSM04_009567;Name=LSM04_009567;gbkey=Gene;gene_biotype=protein_coding;locus_tag=LSM04_009567",3231
"JAJSEB010000033.1","Genbank","gene",61430,65077,".","+",".","ID=gene-LSM04_001722;Name=LSM04_001722;gbkey=Gene;gene_biotype=protein_coding;locus_tag=LSM04_001722",3648
"JAJSEB010000033.1","Genbank","gene",65688,67805,".","+",".","ID=gene-LSM04_005648;Name=LSM04_005648;gbkey=Gene;gene_biotype=protein_coding;locus_tag=LSM04_005648",2118
"JAJSEB010000033.1","Genbank","gene",68837,69772,".","+",".","ID=gene-LSM04_003116;Name=LSM04_003116;gbkey=Gene;gene_biotype=protein_coding;locus_tag=LSM04_003116",936
"JAJSEB010000033.1","Genbank","gene",70778,75070,".","+",".","ID=gene-LSM04_005140;Name=LSM04_005140;gbkey=Gene;gene_biotype=protein_coding;locus_tag=LSM04_005140",4293
"JAJSEB010000033.1","Genbank","gene",76345,78294,".","+",".","ID=gene-LSM04_005082;Name=LSM04_005082;gbkey=Gene;gene_biotype=protein_coding;locus_tag=LSM04_005082",1950
"JAJSEB010000033.1","Genbank","gene",79872,80585,".","-",".","ID=gene-LSM04_009187;Name=LSM04_009187;gbkey=Gene;gene_biotype=protein_coding;locus_tag=LSM04_009187",714
"JAJSEB010000033.1","Genbank","gene",81918,82632,".","-",".","ID=gene-LSM04_004659;Name=LSM04_004659;gbkey=Gene;gene_biotype=protein_coding;locus_tag=LSM04_004659",715
"JAJSEB010000033.1","Genbank","gene",83013,83727,".","-",".","ID=gene-LSM04_003098;Name=LSM04_003098;gbkey=Gene;gene_biotype=protein_coding;locus_tag=LSM04_003098",715
"JAJSEB010000033.1","Genbank","gene",84110,84824,".","-",".","ID=gene-LSM04_007831;Name=LSM04_007831;gbkey=Gene;gene_biotype=protein_coding;locus_tag=LSM04_007831",715
"JAJSEB010000033.1","Genbank","gene",85189,86151,".","+",".","ID=gene-LSM04_002797;Name=LSM04_002797;gbkey=Gene;gene_biotype=protein_coding;locus_tag=LSM04_002797",963
"JAJSEB010000033.1","Genbank","gene",86836,87477,".","+",".","ID=gene-LSM04_001736;Name=LSM04_001736;gbkey=Gene;gene_biotype=protein_coding;locus_tag=LSM04_001736",642
"JAJSEB010000033.1","Genbank","gene",88903,94854,".","+",".","ID=gene-LSM04_002244;Name=LSM04_002244;gbkey=Gene;gene_biotype=protein_coding;locus_tag=LSM04_002244",5952
"JAJSEB010000033.1","Genbank","gene",95392,99942,".","+",".","ID=gene-LSM04_004379;Name=LSM04_004379;gbkey=Gene;gene_biotype=protein_coding;locus_tag=LSM04_004379",4551
"JAJSEB010000033.1","Genbank","gene",101678,103924,".","+",".","ID=gene-LSM04_001340;Name=LSM04_001340;gbkey=Gene;gene_biotype=protein_coding;locus_tag=LSM04_001340",2247
"JAJSEB010000033.1","Genbank","gene",106231,108489,".","+",".","ID=gene-LSM04_006320;Name=LSM04_006320;gbkey=Gene;gene_biotype=protein_coding;locus_tag=LSM04_006320",2259
"JAJSEB010000033.1","Genbank","gene",109564,111552,".","+",".","ID=gene-LSM04_009433;Name=LSM04_009433;gbkey=Gene;gene_biotype=protein_coding;locus_tag=LSM04_009433",1989
"JAJSEB010000033.1","Genbank","gene",112253,113332,".","+",".","ID=gene-LSM04_002486;Name=LSM04_002486;gbkey=Gene;gene_biotype=protein_coding;locus_tag=LSM04_002486",1080
"JAJSEB010000033.1","Genbank","gene",115060,117549,".","+",".","ID=gene-LSM04_004484;Name=LSM04_004484;gbkey=Gene;gene_biotype=protein_coding;locus_tag=LSM04_004484",2490
"JAJSEB010000033.1","Genbank","gene",118557,121886,".","+",".","ID=gene-LSM04_006724;Name=LSM04_006724;gbkey=Gene;gene_biotype=protein_coding;locus_tag=LSM04_006724",3330
"JAJSEB010000033.1","Genbank","gene",123647,126994,".","+",".","ID=gene-LSM04_008278;Name=LSM04_008278;gbkey=Gene;gene_biotype=protein_coding;locus_tag=LSM04_008278",3348
"JAJSEB010000033.1","Genbank","gene",127953,128387,".","+",".","ID=gene-LSM04_007845;Name=LSM04_007845;gbkey=Gene;gene_biotype=protein_coding;locus_tag=LSM04_007845",435
"JAJSEB010000033.1","Genbank","gene",129696,130850,".","+",".","ID=gene-LSM04_006477;Name=LSM04_006477;gbkey=Gene;gene_biotype=protein_coding;locus_tag=LSM04_006477",1155
"JAJSEB010000033.1","Genbank","gene",131156,132637,".","+",".","ID=gene-LSM04_000565;Name=LSM04_000565;gbkey=Gene;gene_biotype=protein_coding;locus_tag=LSM04_000565",1482
"JAJSEB010000033.1","Genbank","gene",133153,133674,".","+",".","ID=gene-LSM04_004677;Name=LSM04_004677;gbkey=Gene;gene_biotype=protein_coding;locus_tag=LSM04_004677",522
"JAJSEB010000033.1","Genbank","gene",134112,137000,".","+",".","ID=gene-LSM04_001975;Name=LSM04_001975;gbkey=Gene;gene_biotype=protein_coding;locus_tag=LSM04_001975",2889
"JAJSEB010000033.1","Genbank","gene",137796,138761,".","+",".","ID=gene-LSM04_006830;Name=LSM04_006830;gbkey=Gene;gene_biotype=protein_coding;locus_tag=LSM04_006830",966
"JAJSEB010000033.1","Genbank","gene",139623,142535,".","+",".","ID=gene-LSM04_004842;Name=LSM04_004842;gbkey=Gene;gene_biotype=protein_coding;locus_tag=LSM04_004842",2913
"JAJSEB010000033.1","Genbank","gene",144055,146004,".","+",".","ID=gene-LSM04_000354;Name=LSM04_000354;gbkey=Gene;gene_biotype=protein_coding;locus_tag=LSM04_000354",1950
"JAJSEB010000033.1","Genbank","gene",147526,148011,".","+",".","ID=gene-LSM04_007068;Name=LSM04_007068;gbkey=Gene;gene_biotype=protein_coding;locus_tag=LSM04_007068",486
"JAJSEB010000033.1","Genbank","gene",148543,152904,".","+",".","ID=gene-LSM04_000860;Name=LSM04_000860;gbkey=Gene;gene_biotype=protein_coding;locus_tag=LSM04_000860",4362
"JAJSEB010000033.1","Genbank","gene",153919,154770,".","+",".","ID=gene-LSM04_005816;Name=LSM04_005816;gbkey=Gene;gene_biotype=protein_coding;locus_tag=LSM04_005816",852
"JAJSEB010000033.1","Genbank","gene",155463,160970,".","+",".","ID=gene-LSM04_007335;Name=LSM04_007335;gbkey=Gene;gene_biotype=protein_coding;locus_tag=LSM04_007335",5508
"JAJSEB010000033.1","Genbank","gene",161759,163257,".","+",".","ID=gene-LSM04_000792;Name=LSM04_000792;gbkey=Gene;gene_biotype=protein_coding;locus_tag=LSM04_000792",1499
"JAJSEB010000033.1","Genbank","gene",163377,163905,".","-",".","ID=gene-LSM04_009519;Name=LSM04_009519;gbkey=Gene;gene_biotype=protein_coding;locus_tag=LSM04_009519",529
"JAJSEB010000033.1","Genbank","gene",163463,164593,".","+",".","ID=gene-LSM04_005861;Name=LSM04_005861;gbkey=Gene;gene_biotype=protein_coding;locus_tag=LSM04_005861",1131
"JAJSEB010000033.1","Genbank","gene",165388,166267,".","+",".","ID=gene-LSM04_000590;Name=LSM04_000590;gbkey=Gene;gene_biotype=protein_coding;locus_tag=LSM04_000590",880
"JAJSEB010000033.1","Genbank","gene",166678,167043,".","+",".","ID=gene-LSM04_007995;Name=LSM04_007995;gbkey=Gene;gene_biotype=protein_coding;locus_tag=LSM04_007995",366
"JAJSEB010000033.1","Genbank","gene",167095,168225,".","+",".","ID=gene-LSM04_007896;Name=LSM04_007896;gbkey=Gene;gene_biotype=protein_coding;locus_tag=LSM04_007896",1131
"JAJSEB010000033.1","Genbank","gene",169022,169899,".","+",".","ID=gene-LSM04_007441;Name=LSM04_007441;gbkey=Gene;gene_biotype=protein_coding;locus_tag=LSM04_007441",878
"JAJSEB010000033.1","Genbank","gene",170309,170674,".","+",".","ID=gene-LSM04_004250;Name=LSM04_004250;gbkey=Gene;gene_biotype=protein_coding;locus_tag=LSM04_004250",366
"JAJSEB010000033.1","Genbank","gene",170726,171856,".","+",".","ID=gene-LSM04_006589;Name=LSM04_006589;gbkey=Gene;gene_biotype=protein_coding;locus_tag=LSM04_006589",1131
"JAJSEB010000033.1","Genbank","gene",172643,173521,".","+",".","ID=gene-LSM04_000519;Name=LSM04_000519;gbkey=Gene;gene_biotype=protein_coding;locus_tag=LSM04_000519",879
"JAJSEB010000033.1","Genbank","gene",173931,174296,".","+",".","ID=gene-LSM04_008538;Name=LSM04_008538;gbkey=Gene;gene_biotype=protein_coding;locus_tag=LSM04_008538",366
"JAJSEB010000033.1","Genbank","gene",174348,174812,".","+",".","ID=gene-LSM04_005462;Name=LSM04_005462;gbkey=Gene;gene_biotype=protein_coding;locus_tag=LSM04_005462",465
"JAJSEB010000033.1","Genbank","gene",175761,178499,".","+",".","ID=gene-LSM04_007668;Name=LSM04_007668;gbkey=Gene;gene_biotype=protein_coding;locus_tag=LSM04_007668",2739
"JAJSEB010000033.1","Genbank","gene",179742,181373,".","+",".","ID=gene-LSM04_007638;Name=LSM04_007638;gbkey=Gene;gene_biotype=protein_coding;locus_tag=LSM04_007638",1632
"JAJSEB010000033.1","Genbank","gene",182377,184374,".","+",".","ID=gene-LSM04_000866;Name=LSM04_000866;gbkey=Gene;gene_biotype=protein_coding;locus_tag=LSM04_000866",1998
"JAJSEB010000033.1","Genbank","gene",186138,187472,".","+",".","ID=gene-LSM04_005811;Name=LSM04_005811;gbkey=Gene;gene_biotype=protein_coding;locus_tag=LSM04_005811",1335
"JAJSEB010000033.1","Genbank","gene",188200,190641,".","+",".","ID=gene-LSM04_000587;Name=LSM04_000587;gbkey=Gene;gene_biotype=protein_coding;locus_tag=LSM04_000587",2442
"JAJSEB010000033.1","Genbank","gene",191040,193085,".","+",".","ID=gene-LSM04_001322;Name=LSM04_001322;gbkey=Gene;gene_biotype=protein_coding;locus_tag=LSM04_001322",2046
"JAJSEB010000033.1","Genbank","gene",194885,196318,".","+",".","ID=gene-LSM04_004069;Name=LSM04_004069;gbkey=Gene;gene_biotype=protein_coding;locus_tag=LSM04_004069",1434
"JAJSEB010000033.1","Genbank","gene",197271,198917,".","+",".","ID=gene-LSM04_003114;Name=LSM04_003114;gbkey=Gene;gene_biotype=protein_coding;locus_tag=LSM04_003114",1647
"JAJSEB010000033.1","Genbank","gene",200140,200960,".","+",".","ID=gene-LSM04_001631;Name=LSM04_001631;gbkey=Gene;gene_biotype=protein_coding;locus_tag=LSM04_001631",821
"JAJSEB010000033.1","Genbank","gene",201625,204126,".","+",".","ID=gene-LSM04_003625;Name=LSM04_003625;gbkey=Gene;gene_biotype=protein_coding;locus_tag=LSM04_003625",2502
"JAJSEB010000033.1","Genbank","gene",205244,207139,".","+",".","ID=gene-LSM04_002694;Name=LSM04_002694;gbkey=Gene;gene_biotype=protein_coding;locus_tag=LSM04_002694",1896
"JAJSEB010000033.1","Genbank","gene",208588,209379,".","+",".","ID=gene-LSM04_001826;Name=LSM04_001826;gbkey=Gene;gene_biotype=protein_coding;locus_tag=LSM04_001826",792
"JAJSEB010000033.1","Genbank","gene",210928,211167,".","+",".","ID=gene-LSM04_008574;Name=LSM04_008574;gbkey=Gene;gene_biotype=protein_coding;locus_tag=LSM04_008574",240
"JAJSEB010000033.1","Genbank","gene",211186,211587,".","+",".","ID=gene-LSM04_001981;Name=LSM04_001981;gbkey=Gene;gene_biotype=protein_coding;locus_tag=LSM04_001981",402
"JAJSEB010000033.1","Genbank","gene",211591,213235,".","+",".","ID=gene-LSM04_007565;Name=LSM04_007565;gbkey=Gene;gene_biotype=protein_coding;locus_tag=LSM04_007565",1645
"JAJSEB010000033.1","Genbank","gene",213462,213758,".","-",".","ID=gene-LSM04_009447;Name=LSM04_009447;gbkey=Gene;gene_biotype=protein_coding;locus_tag=LSM04_009447",297
"JAJSEB010000033.1","Genbank","gene",214372,215199,".","-",".","ID=gene-LSM04_001045;Name=LSM04_001045;gbkey=Gene;gene_biotype=protein_coding;locus_tag=LSM04_001045",828
"JAJSEB010000033.1","Genbank","gene",214900,215607,".","+",".","ID=gene-LSM04_001203;Name=LSM04_001203;gbkey=Gene;gene_biotype=protein_coding;locus_tag=LSM04_001203",708
"JAJSEB010000033.1","Genbank","gene",221026,221544,".","-",".","ID=gene-LSM04_006191;Name=LSM04_006191;gbkey=Gene;gene_biotype=protein_coding;locus_tag=LSM04_006191",519
"JAJSEB010000033.1","Genbank","gene",222317,222586,".","-",".","ID=gene-LSM04_005725;Name=LSM04_005725;gbkey=Gene;gene_biotype=protein_coding;locus_tag=LSM04_005725",270
"JAJSEB010000033.1","Genbank","gene",222656,223320,".","+",".","ID=gene-LSM04_002920;Name=LSM04_002920;gbkey=Gene;gene_biotype=protein_coding;locus_tag=LSM04_002920",665
"JAJSEB010000033.1","Genbank","gene",224875,225213,".","-",".","ID=gene-LSM04_000951;Name=LSM04_000951;gbkey=Gene;gene_biotype=protein_coding;locus_tag=LSM04_000951",339
"JAJSEB010000033.1","Genbank","gene",226351,226674,".","-",".","ID=gene-LSM04_004142;Name=LSM04_004142;gbkey=Gene;gene_biotype=protein_coding;locus_tag=LSM04_004142",324
"JAJSEB010000033.1","Genbank","gene",226731,227819,".","+",".","ID=gene-LSM04_005793;Name=LSM04_005793;gbkey=Gene;gene_biotype=protein_coding;locus_tag=LSM04_005793",1089
"JAJSEB010000033.1","Genbank","gene",227822,228754,".","+",".","ID=gene-LSM04_003258;Name=LSM04_003258;gbkey=Gene;gene_biotype=protein_coding;locus_tag=LSM04_003258",933
"JAJSEB010000033.1","Genbank","gene",229028,229700,".","+",".","ID=gene-LSM04_006803;Name=LSM04_006803;gbkey=Gene;gene_biotype=protein_coding;locus_tag=LSM04_006803",673
"JAJSEB010000033.1","Genbank","gene",229773,230309,".","+",".","ID=gene-LSM04_009139;Name=LSM04_009139;gbkey=Gene;gene_biotype=protein_coding;locus_tag=LSM04_009139",537
"JAJSEB010000033.1","Genbank","gene",230388,231296,".","+",".","ID=gene-LSM04_002175;Name=LSM04_002175;gbkey=Gene;gene_biotype=protein_coding;locus_tag=LSM04_002175",909
"JAJSEB010000033.1","Genbank","gene",235983,236619,".","-",".","ID=gene-LSM04_007789;Name=LSM04_007789;gbkey=Gene;gene_biotype=protein_coding;locus_tag=LSM04_007789",637
"JAJSEB010000033.1","Genbank","gene",237170,237532,".","+",".","ID=gene-LSM04_005928;Name=LSM04_005928;gbkey=Gene;gene_biotype=protein_coding;locus_tag=LSM04_005928",363
"JAJSEB010000033.1","Genbank","gene",237721,238926,".","+",".","ID=gene-LSM04_007973;Name=LSM04_007973;gbkey=Gene;gene_biotype=protein_coding;locus_tag=LSM04_007973",1206
"JAJSEB010000033.1","Genbank","gene",239218,239634,".","+",".","ID=gene-LSM04_008775;Name=LSM04_008775;gbkey=Gene;gene_biotype=protein_coding;locus_tag=LSM04_008775",417
"JAJSEB010000033.1","Genbank","gene",239846,245827,".","+",".","ID=gene-LSM04_001274;Name=LSM04_001274;gbkey=Gene;gene_biotype=protein_coding;locus_tag=LSM04_001274",5982
"JAJSEB010000033.1","Genbank","gene",246766,248226,".","+",".","ID=gene-LSM04_002682;Name=LSM04_002682;gbkey=Gene;gene_biotype=protein_coding;locus_tag=LSM04_002682",1461
"JAJSEB010000033.1","Genbank","gene",248732,249175,".","+",".","ID=gene-LSM04_009412;Name=LSM04_009412;gbkey=Gene;gene_biotype=protein_coding;locus_tag=LSM04_009412",444
"JAJSEB010000033.1","Genbank","gene",249694,250484,".","+",".","ID=gene-LSM04_007021;Name=LSM04_007021;gbkey=Gene;gene_biotype=protein_coding;locus_tag=LSM04_007021",791
"JAJSEB010000033.1","Genbank","gene",252159,253253,".","+",".","ID=gene-LSM04_001612;Name=LSM04_001612;gbkey=Gene;gene_biotype=protein_coding;locus_tag=LSM04_001612",1095
"JAJSEB010000033.1","Genbank","gene",253975,255726,".","+",".","ID=gene-LSM04_000913;Name=LSM04_000913;gbkey=Gene;gene_biotype=protein_coding;locus_tag=LSM04_000913",1752
"JAJSEB010000033.1","Genbank","gene",256082,257380,".","+",".","ID=gene-LSM04_006398;Name=LSM04_006398;gbkey=Gene;gene_biotype=protein_coding;locus_tag=LSM04_006398",1299
"JAJSEB010000033.1","Genbank","gene",257989,258426,".","+",".","ID=gene-LSM04_001830;Name=LSM04_001830;gbkey=Gene;gene_biotype=protein_coding;locus_tag=LSM04_001830",438
"JAJSEB010000033.1","Genbank","gene",259251,262187,".","+",".","ID=gene-LSM04_009684;Name=LSM04_009684;gbkey=Gene;gene_biotype=protein_coding;locus_tag=LSM04_009684",2937
"JAJSEB010000033.1","Genbank","gene",263001,264902,".","+",".","ID=gene-LSM04_002089;Name=LSM04_002089;gbkey=Gene;gene_biotype=protein_coding;locus_tag=LSM04_002089",1902
"JAJSEB010000033.1","Genbank","gene",265278,266465,".","+",".","ID=gene-LSM04_008767;Name=LSM04_008767;gbkey=Gene;gene_biotype=protein_coding;locus_tag=LSM04_008767",1188
"JAJSEB010000033.1","Genbank","gene",267612,269072,".","+",".","ID=gene-LSM04_001041;Name=LSM04_001041;gbkey=Gene;gene_biotype=protein_coding;locus_tag=LSM04_001041",1461
"JAJSEB010000033.1","Genbank","gene",270845,271126,".","+",".","ID=gene-LSM04_004342;Name=LSM04_004342;gbkey=Gene;gene_biotype=protein_coding;locus_tag=LSM04_004342",282
"JAJSEB010000033.1","Genbank","gene",271772,273223,".","+",".","ID=gene-LSM04_008557;Name=LSM04_008557;gbkey=Gene;gene_biotype=protein_coding;locus_tag=LSM04_008557",1452
"JAJSEB010000033.1","Genbank","gene",273487,274131,".","+",".","ID=gene-LSM04_006028;Name=LSM04_006028;gbkey=Gene;gene_biotype=protein_coding;locus_tag=LSM04_006028",645
"JAJSEB010000048.1","Genbank","gene",11,1840,".","+",".","ID=gene-LSM04_005917;Name=LSM04_005917;gbkey=Gene;gene_biotype=protein_coding;locus_tag=LSM04_005917",1830
"JAJSEB010000048.1","Genbank","gene",2256,6080,".","+",".","ID=gene-LSM04_008335;Name=LSM04_008335;gbkey=Gene;gene_biotype=protein_coding;locus_tag=LSM04_008335",3825
"JAJSEB010000048.1","Genbank","gene",6608,9217,".","+",".","ID=gene-LSM04_001019;Name=LSM04_001019;gbkey=Gene;gene_biotype=protein_coding;locus_tag=LSM04_001019",2610
"JAJSEB010000048.1","Genbank","gene",9846,10145,".","+",".","ID=gene-LSM04_004310;Name=LSM04_004310;gbkey=Gene;gene_biotype=protein_coding;locus_tag=LSM04_004310",300
"JAJSEB010000048.1","Genbank","gene",11865,16715,".","+",".","ID=gene-LSM04_001842;Name=LSM04_001842;gbkey=Gene;gene_biotype=protein_coding;locus_tag=LSM04_001842",4851
"JAJSEB010000048.1","Genbank","gene",17609,19798,".","+",".","ID=gene-LSM04_005034;Name=LSM04_005034;gbkey=Gene;gene_biotype=protein_coding;locus_tag=LSM04_005034",2190
"JAJSEB010000048.1","Genbank","gene",20228,24043,".","+",".","ID=gene-LSM04_006848;Name=LSM04_006848;gbkey=Gene;gene_biotype=protein_coding;locus_tag=LSM04_006848",3816
"JAJSEB010000048.1","Genbank","gene",24425,26590,".","+",".","ID=gene-LSM04_004226;Name=LSM04_004226;gbkey=Gene;gene_biotype=protein_coding;locus_tag=LSM04_004226",2166
"JAJSEB010000048.1","Genbank","gene",28074,28505,".","+",".","ID=gene-LSM04_005331;Name=LSM04_005331;gbkey=Gene;gene_biotype=protein_coding;locus_tag=LSM04_005331",432
"JAJSEB010000048.1","Genbank","gene",28862,29758,".","+",".","ID=gene-LSM04_009555;Name=LSM04_009555;gbkey=Gene;gene_biotype=protein_coding;locus_tag=LSM04_009555",897
"JAJSEB010000048.1","Genbank","gene",30161,35716,".","+",".","ID=gene-LSM04_001805;Name=LSM04_001805;gbkey=Gene;gene_biotype=protein_coding;locus_tag=LSM04_001805",5556
"JAJSEB010000048.1","Genbank","gene",36449,40543,".","+",".","ID=gene-LSM04_000705;Name=LSM04_000705;gbkey=Gene;gene_biotype=protein_coding;locus_tag=LSM04_000705",4095
"JAJSEB010000048.1","Genbank","gene",41358,44861,".","+",".","ID=gene-LSM04_006903;Name=LSM04_006903;gbkey=Gene;gene_biotype=protein_coding;locus_tag=LSM04_006903",3504
"JAJSEB010000048.1","Genbank","gene",45629,46615,".","+",".","ID=gene-LSM04_004600;Name=LSM04_004600;gbkey=Gene;gene_biotype=protein_coding;locus_tag=LSM04_004600",987
"JAJSEB010000048.1","Genbank","gene",46932,50438,".","+",".","ID=gene-LSM04_008384;Name=LSM04_008384;gbkey=Gene;gene_biotype=protein_coding;locus_tag=LSM04_008384",3507
"JAJSEB010000048.1","Genbank","gene",51471,53120,".","+",".","ID=gene-LSM04_001683;Name=LSM04_001683;gbkey=Gene;gene_biotype=protein_coding;locus_tag=LSM04_001683",1650
"JAJSEB010000048.1","Genbank","gene",54048,54296,".","-",".","ID=gene-LSM04_008665;Name=LSM04_008665;gbkey=Gene;gene_biotype=protein_coding;locus_tag=LSM04_008665",249
"JAJSEB010000048.1","Genbank","gene",54843,55748,".","+",".","ID=gene-LSM04_008513;Name=LSM04_008513;gbkey=Gene;gene_biotype=protein_coding;locus_tag=LSM04_008513",906
"JAJSEB010000048.1","Genbank","gene",56435,58453,".","+",".","ID=gene-LSM04_008528;Name=LSM04_008528;gbkey=Gene;gene_biotype=protein_coding;locus_tag=LSM04_008528",2019
"JAJSEB010000048.1","Genbank","gene",58993,60549,".","+",".","ID=gene-LSM04_006942;Name=LSM04_006942;gbkey=Gene;gene_biotype=protein_coding;locus_tag=LSM04_006942",1557
"JAJSEB010000048.1","Genbank","gene",61762,63018,".","+",".","ID=gene-LSM04_006124;Name=LSM04_006124;gbkey=Gene;gene_biotype=protein_coding;locus_tag=LSM04_006124",1257
"JAJSEB010000048.1","Genbank","gene",63613,63975,".","+",".","ID=gene-LSM04_006176;Name=LSM04_006176;gbkey=Gene;gene_biotype=protein_coding;locus_tag=LSM04_006176",363
"JAJSEB010000048.1","Genbank","gene",64389,65117,".","+",".","ID=gene-LSM04_007610;Name=LSM04_007610;gbkey=Gene;gene_biotype=protein_coding;locus_tag=LSM04_007610",729
"JAJSEB010000048.1","Genbank","gene",65738,66907,".","+",".","ID=gene-LSM04_003290;Name=LSM04_003290;gbkey=Gene;gene_biotype=protein_coding;locus_tag=LSM04_003290",1170
"JAJSEB010000048.1","Genbank","gene",67707,68477,".","+",".","ID=gene-LSM04_003854;Name=LSM04_003854;gbkey=Gene;gene_biotype=protein_coding;locus_tag=LSM04_003854",771
"JAJSEB010000048.1","Genbank","gene",73771,75726,".","-",".","ID=gene-LSM04_006847;Name=LSM04_006847;gbkey=Gene;gene_biotype=protein_coding;locus_tag=LSM04_006847",1956
"JAJSEB010000048.1","Genbank","gene",77055,78236,".","-",".","ID=gene-LSM04_001235;Name=LSM04_001235;gbkey=Gene;gene_biotype=protein_coding;locus_tag=LSM04_001235",1182
"JAJSEB010000048.1","Genbank","gene",79352,79879,".","-",".","ID=gene-LSM04_008618;Name=LSM04_008618;gbkey=Gene;gene_biotype=protein_coding;locus_tag=LSM04_008618",528
"JAJSEB010000048.1","Genbank","gene",80849,82306,".","-",".","ID=gene-LSM04_001248;Name=LSM04_001248;gbkey=Gene;gene_biotype=protein_coding;locus_tag=LSM04_001248",1458
"JAJSEB010000048.1","Genbank","gene",82888,83196,".","-",".","ID=gene-LSM04_007537;Name=LSM04_007537;gbkey=Gene;gene_biotype=protein_coding;locus_tag=LSM04_007537",309
"JAJSEB010000048.1","Genbank","gene",83833,86214,".","-",".","ID=gene-LSM04_000328;Name=LSM04_000328;gbkey=Gene;gene_biotype=protein_coding;locus_tag=LSM04_000328",2382
"JAJSEB010000048.1","Genbank","gene",88477,89985,".","-",".","ID=gene-LSM04_000722;Name=LSM04_000722;gbkey=Gene;gene_biotype=protein_coding;locus_tag=LSM04_000722",1509
"JAJSEB010000048.1","Genbank","gene",90900,93269,".","-",".","ID=gene-LSM04_003602;Name=LSM04_003602;gbkey=Gene;gene_biotype=protein_coding;locus_tag=LSM04_003602",2370
"JAJSEB010000048.1","Genbank","gene",93759,97547,".","-",".","ID=gene-LSM04_006937;Name=LSM04_006937;gbkey=Gene;gene_biotype=protein_coding;locus_tag=LSM04_006937",3789
"JAJSEB010000048.1","Genbank","gene",97977,99869,".","-",".","ID=gene-LSM04_006751;Name=LSM04_006751;gbkey=Gene;gene_biotype=protein_coding;locus_tag=LSM04_006751",1893
"JAJSEB010000048.1","Genbank","gene",100184,101419,".","-",".","ID=gene-LSM04_001798;Name=LSM04_001798;gbkey=Gene;gene_biotype=protein_coding;locus_tag=LSM04_001798",1236
"JAJSEB010000048.1","Genbank","gene",101838,102494,".","-",".","ID=gene-LSM04_008971;Name=LSM04_008971;gbkey=Gene;gene_biotype=protein_coding;locus_tag=LSM04_008971",657
"JAJSEB010000048.1","Genbank","gene",110356,110872,".","-",".","ID=gene-LSM04_007414;Name=LSM04_007414;gbkey=Gene;gene_biotype=protein_coding;locus_tag=LSM04_007414",517
"JAJSEB010000048.1","Genbank","gene",122631,123464,".","-",".","ID=gene-LSM04_003257;Name=LSM04_003257;gbkey=Gene;gene_biotype=protein_coding;locus_tag=LSM04_003257",834
"JAJSEB010000048.1","Genbank","gene",123748,125322,".","-",".","ID=gene-LSM04_000007;Name=LSM04_000007;gbkey=Gene;gene_biotype=protein_coding;locus_tag=LSM04_000007",1575
"JAJSEB010000048.1","Genbank","gene",125991,127547,".","-",".","ID=gene-LSM04_008413;Name=LSM04_008413;gbkey=Gene;gene_biotype=protein_coding;locus_tag=LSM04_008413",1557
"JAJSEB010000048.1","Genbank","gene",128217,128765,".","-",".","ID=gene-LSM04_007173;Name=LSM04_007173;gbkey=Gene;gene_biotype=protein_coding;locus_tag=LSM04_007173",549
"JAJSEB010000048.1","Genbank","gene",128800,129774,".","-",".","ID=gene-LSM04_003381;Name=LSM04_003381;gbkey=Gene;gene_biotype=protein_coding;locus_tag=LSM04_003381",975
"JAJSEB010000048.1","Genbank","gene",130248,131183,".","-",".","ID=gene-LSM04_007033;Name=LSM04_007033;gbkey=Gene;gene_biotype=protein_coding;locus_tag=LSM04_007033",936
"JAJSEB010000048.1","Genbank","gene",131283,131796,".","-",".","ID=gene-LSM04_006102;Name=LSM04_006102;gbkey=Gene;gene_biotype=protein_coding;locus_tag=LSM04_006102",514
"JAJSEB010000048.1","Genbank","gene",133312,135624,".","-",".","ID=gene-LSM04_006496;Name=LSM04_006496;gbkey=Gene;gene_biotype=protein_coding;locus_tag=LSM04_006496",2313
"JAJSEB010000048.1","Genbank","gene",136225,137229,".","-",".","ID=gene-LSM04_003009;Name=LSM04_003009;gbkey=Gene;gene_biotype=protein_coding;locus_tag=LSM04_003009",1005
"JAJSEB010000048.1","Genbank","gene",137984,139585,".","-",".","ID=gene-LSM04_001101;Name=LSM04_001101;gbkey=Gene;gene_biotype=protein_coding;locus_tag=LSM04_001101",1602
"JAJSEB010000048.1","Genbank","gene",140009,141292,".","-",".","ID=gene-LSM04_009130;Name=LSM04_009130;gbkey=Gene;gene_biotype=protein_coding;locus_tag=LSM04_009130",1284
"JAJSEB010000048.1","Genbank","gene",141708,143798,".","-",".","ID=gene-LSM04_002617;Name=LSM04_002617;gbkey=Gene;gene_biotype=protein_coding;locus_tag=LSM04_002617",2091
"JAJSEB010000048.1","Genbank","gene",144096,144824,".","-",".","ID=gene-LSM04_003065;Name=LSM04_003065;gbkey=Gene;gene_biotype=protein_coding;locus_tag=LSM04_003065",729
"JAJSEB010000048.1","Genbank","gene",145452,148055,".","-",".","ID=gene-LSM04_000144;Name=LSM04_000144;gbkey=Gene;gene_biotype=protein_coding;locus_tag=LSM04_000144",2604
"JAJSEB010000048.1","Genbank","gene",148865,150775,".","-",".","ID=gene-LSM04_000051;Name=LSM04_000051;gbkey=Gene;gene_biotype=protein_coding;locus_tag=LSM04_000051",1911
"JAJSEB010000048.1","Genbank","gene",152572,154224,".","-",".","ID=gene-LSM04_005052;Name=LSM04_005052;gbkey=Gene;gene_biotype=protein_coding;locus_tag=LSM04_005052",1653
"JAJSEB010000048.1","Genbank","gene",155085,156455,".","-",".","ID=gene-LSM04_008069;Name=LSM04_008069;gbkey=Gene;gene_biotype=protein_coding;locus_tag=LSM04_008069",1371
"JAJSEB010000048.1","Genbank","gene",157167,158003,".","-",".","ID=gene-LSM04_006486;Name=LSM04_006486;gbkey=Gene;gene_biotype=protein_coding;locus_tag=LSM04_006486",837
"JAJSEB010000048.1","Genbank","gene",158769,160268,".","-",".","ID=gene-LSM04_005741;Name=LSM04_005741;gbkey=Gene;gene_biotype=protein_coding;locus_tag=LSM04_005741",1500
"JAJSEB010000048.1","Genbank","gene",160981,162651,".","-",".","ID=gene-LSM04_004493;Name=LSM04_004493;gbkey=Gene;gene_biotype=protein_coding;locus_tag=LSM04_004493",1671
"JAJSEB010000048.1","Genbank","gene",164001,165176,".","-",".","ID=gene-LSM04_006088;Name=LSM04_006088;gbkey=Gene;gene_biotype=protein_coding;locus_tag=LSM04_006088",1176
"JAJSEB010000048.1","Genbank","gene",165819,166482,".","-",".","ID=gene-LSM04_005586;Name=LSM04_005586;gbkey=Gene;gene_biotype=protein_coding;locus_tag=LSM04_005586",664
"JAJSEB010000048.1","Genbank","gene",167068,167748,".","-",".","ID=gene-LSM04_009413;Name=LSM04_009413;gbkey=Gene;gene_biotype=protein_coding;locus_tag=LSM04_009413",681
"JAJSEB010000048.1","Genbank","gene",168124,168693,".","-",".","ID=gene-LSM04_004837;Name=LSM04_004837;gbkey=Gene;gene_biotype=protein_coding;locus_tag=LSM04_004837",570
"JAJSEB010000048.1","Genbank","gene",168952,169458,".","-",".","ID=gene-LSM04_006957;Name=LSM04_006957;gbkey=Gene;gene_biotype=protein_coding;locus_tag=LSM04_006957",507
"JAJSEB010000048.1","Genbank","gene",170392,170898,".","-",".","ID=gene-LSM04_005854;Name=LSM04_005854;gbkey=Gene;gene_biotype=protein_coding;locus_tag=LSM04_005854",507
"JAJSEB010000048.1","Genbank","gene",171837,172343,".","-",".","ID=gene-LSM04_007541;Name=LSM04_007541;gbkey=Gene;gene_biotype=protein_coding;locus_tag=LSM04_007541",507
"JAJSEB010000048.1","Genbank","gene",173232,175838,".","-",".","ID=gene-LSM04_008792;Name=LSM04_008792;gbkey=Gene;gene_biotype=protein_coding;locus_tag=LSM04_008792",2607
"JAJSEB010000048.1","Genbank","gene",176875,180510,".","-",".","ID=gene-LSM04_003000;Name=LSM04_003000;gbkey=Gene;gene_biotype=protein_coding;locus_tag=LSM04_003000",3636
"JAJSEB010000048.1","Genbank","gene",180897,181859,".","-",".","ID=gene-LSM04_008200;Name=LSM04_008200;gbkey=Gene;gene_biotype=protein_coding;locus_tag=LSM04_008200",963
"JAJSEB010000048.1","Genbank","gene",183174,184259,".","-",".","ID=gene-LSM04_007639;Name=LSM04_007639;gbkey=Gene;gene_biotype=protein_coding;locus_tag=LSM04_007639",1086
"JAJSEB010000048.1","Genbank","gene",185438,187627,".","-",".","ID=gene-LSM04_004860;Name=LSM04_004860;gbkey=Gene;gene_biotype=protein_coding;locus_tag=LSM04_004860",2190
"JAJSEB010000048.1","Genbank","gene",188341,188742,".","-",".","ID=gene-LSM04_003450;Name=LSM04_003450;gbkey=Gene;gene_biotype=protein_coding;locus_tag=LSM04_003450",402
"JAJSEB010000048.1","Genbank","gene",189214,189600,".","-",".","ID=gene-LSM04_007920;Name=LSM04_007920;gbkey=Gene;gene_biotype=protein_coding;locus_tag=LSM04_007920",387
"JAJSEB010000048.1","Genbank","gene",189897,190697,".","-",".","ID=gene-LSM04_000498;Name=LSM04_000498;gbkey=Gene;gene_biotype=protein_coding;locus_tag=LSM04_000498",801
"JAJSEB010000048.1","Genbank","gene",191617,192888,".","-",".","ID=gene-LSM04_006049;Name=LSM04_006049;gbkey=Gene;gene_biotype=protein_coding;locus_tag=LSM04_006049",1272
"JAJSEB010000048.1","Genbank","gene",193527,194836,".","-",".","ID=gene-LSM04_002866;Name=LSM04_002866;gbkey=Gene;gene_biotype=protein_coding;locus_tag=LSM04_002866",1310
"JAJSEB010000048.1","Genbank","gene",195652,196959,".","-",".","ID=gene-LSM04_001925;Name=LSM04_001925;gbkey=Gene;gene_biotype=protein_coding;locus_tag=LSM04_001925",1308
"JAJSEB010000048.1","Genbank","gene",197777,199084,".","-",".","ID=gene-LSM04_005125;Name=LSM04_005125;gbkey=Gene;gene_biotype=protein_coding;locus_tag=LSM04_005125",1308
"JAJSEB010000048.1","Genbank","gene",200030,201199,".","-",".","ID=gene-LSM04_001497;Name=LSM04_001497;gbkey=Gene;gene_biotype=protein_coding;locus_tag=LSM04_001497",1170
"JAJSEB010000048.1","Genbank","gene",202009,203316,".","-",".","ID=gene-LSM04_001876;Name=LSM04_001876;gbkey=Gene;gene_biotype=protein_coding;locus_tag=LSM04_001876",1308
"JAJSEB010000048.1","Genbank","gene",204134,205441,".","-",".","ID=gene-LSM04_001411;Name=LSM04_001411;gbkey=Gene;gene_biotype=protein_coding;locus_tag=LSM04_001411",1308
"JAJSEB010000048.1","Genbank","gene",206253,207560,".","-",".","ID=gene-LSM04_003752;Name=LSM04_003752;gbkey=Gene;gene_biotype=protein_coding;locus_tag=LSM04_003752",1308
"JAJSEB010000048.1","Genbank","gene",208377,209684,".","-",".","ID=gene-LSM04_009462;Name=LSM04_009462;gbkey=Gene;gene_biotype=protein_coding;locus_tag=LSM04_009462",1308
"JAJSEB010000048.1","Genbank","gene",210509,211816,".","-",".","ID=gene-LSM04_002109;Name=LSM04_002109;gbkey=Gene;gene_biotype=protein_coding;locus_tag=LSM04_002109",1308
"JAJSEB010000048.1","Genbank","gene",212630,213937,".","-",".","ID=gene-LSM04_006569;Name=LSM04_006569;gbkey=Gene;gene_biotype=protein_coding;locus_tag=LSM04_006569",1308
"JAJSEB010000048.1","Genbank","gene",214752,216059,".","-",".","ID=gene-LSM04_005998;Name=LSM04_005998;gbkey=Gene;gene_biotype=protein_coding;locus_tag=LSM04_005998",1308
"JAJSEB010000048.1","Genbank","gene",217399,218397,".","-",".","ID=gene-LSM04_003131;Name=LSM04_003131;gbkey=Gene;gene_biotype=protein_coding;locus_tag=LSM04_003131",999
"JAJSEB010000048.1","Genbank","gene",218863,220098,".","-",".","ID=gene-LSM04_006517;Name=LSM04_006517;gbkey=Gene;gene_biotype=protein_coding;locus_tag=LSM04_006517",1236
"JAJSEB010000048.1","Genbank","gene",220426,221454,".","-",".","ID=gene-LSM04_004959;Name=LSM04_004959;gbkey=Gene;gene_biotype=protein_coding;locus_tag=LSM04_004959",1029
"JAJSEB010000048.1","Genbank","gene",221777,222712,".","-",".","ID=gene-LSM04_005589;Name=LSM04_005589;gbkey=Gene;gene_biotype=protein_coding;locus_tag=LSM04_005589",936
"JAJSEB010000048.1","Genbank","gene",223514,224644,".","-",".","ID=gene-LSM04_007828;Name=LSM04_007828;gbkey=Gene;gene_biotype=protein_coding;locus_tag=LSM04_007828",1131
"JAJSEB010000048.1","Genbank","gene",224956,225915,".","-",".","ID=gene-LSM04_005096;Name=LSM04_005096;gbkey=Gene;gene_biotype=protein_coding;locus_tag=LSM04_005096",960
"JAJSEB010000048.1","Genbank","gene",226661,227791,".","-",".","ID=gene-LSM04_003932;Name=LSM04_003932;gbkey=Gene;gene_biotype=protein_coding;locus_tag=LSM04_003932",1131
"JAJSEB010000048.1","Genbank","gene",228104,229063,".","-",".","ID=gene-LSM04_003915;Name=LSM04_003915;gbkey=Gene;gene_biotype=protein_coding;locus_tag=LSM04_003915",960
"JAJSEB010000048.1","Genbank","gene",229811,230941,".","-",".","ID=gene-LSM04_007590;Name=LSM04_007590;gbkey=Gene;gene_biotype=protein_coding;locus_tag=LSM04_007590",1131
"JAJSEB010000048.1","Genbank","gene",231254,232212,".","-",".","ID=gene-LSM04_002164;Name=LSM04_002164;gbkey=Gene;gene_biotype=protein_coding;locus_tag=LSM04_002164",959
"JAJSEB010000048.1","Genbank","gene",233062,234084,".","-",".","ID=gene-LSM04_001829;Name=LSM04_001829;gbkey=Gene;gene_biotype=protein_coding;locus_tag=LSM04_001829",1023
"JAJSEB010000048.1","Genbank","gene",234840,236465,".","-",".","ID=gene-LSM04_000564;Name=LSM04_000564;gbkey=Gene;gene_biotype=protein_coding;locus_tag=LSM04_000564",1626
"JAJSEB010000048.1","Genbank","gene",237000,238112,".","-",".","ID=gene-LSM04_005209;Name=LSM04_005209;gbkey=Gene;gene_biotype=protein_coding;locus_tag=LSM04_005209",1113
"JAJSEB010000048.1","Genbank","gene",239104,239922,".","-",".","ID=gene-LSM04_007796;Name=LSM04_007796;gbkey=Gene;gene_biotype=protein_coding;locus_tag=LSM04_007796",819
"JAJSEB010000048.1","Genbank","gene",241253,242359,".","-",".","ID=gene-LSM04_001607;Name=LSM04_001607;gbkey=Gene;gene_biotype=protein_coding;locus_tag=LSM04_001607",1107
"JAJSEB010000048.1","Genbank","gene",242994,249080,".","-",".","ID=gene-LSM04_007519;Name=LSM04_007519;gbkey=Gene;gene_biotype=protein_coding;locus_tag=LSM04_007519",6087
"JAJSEB010000048.1","Genbank","gene",249520,251292,".","-",".","ID=gene-LSM04_001180;Name=LSM04_001180;gbkey=Gene;gene_biotype=protein_coding;locus_tag=LSM04_001180",1773
"JAJSEB010000048.1","Genbank","gene",251956,252795,".","-",".","ID=gene-LSM04_008731;Name=LSM04_008731;gbkey=Gene;gene_biotype=protein_coding;locus_tag=LSM04_008731",840
"JAJSEB010000048.1","Genbank","gene",253959,255419,".","-",".","ID=gene-LSM04_001747;Name=LSM04_001747;gbkey=Gene;gene_biotype=protein_coding;locus_tag=LSM04_001747",1461
"JAJSEB010000048.1","Genbank","gene",255726,256853,".","-",".","ID=gene-LSM04_008784;Name=LSM04_008784;gbkey=Gene;gene_biotype=protein_coding;locus_tag=LSM04_008784",1128
"JAJSEB010000048.1","Genbank","gene",257070,258220,".","-",".","ID=gene-LSM04_007452;Name=LSM04_007452;gbkey=Gene;gene_biotype=protein_coding;locus_tag=LSM04_007452",1151
"JAJSEB010000048.1","Genbank","gene",258301,258513,".","-",".","ID=gene-LSM04_002039;Name=LSM04_002039;gbkey=Gene;gene_biotype=protein_coding;locus_tag=LSM04_002039",213
"JAJSEB010000048.1","Genbank","gene",267030,268490,".","-",".","ID=gene-LSM04_003779;Name=LSM04_003779;gbkey=Gene;gene_biotype=protein_coding;locus_tag=LSM04_003779",1461
"JAJSEB010000048.1","Genbank","gene",268797,269924,".","-",".","ID=gene-LSM04_007177;Name=LSM04_007177;gbkey=Gene;gene_biotype=protein_coding;locus_tag=LSM04_007177",1128
"JAJSEB010000048.1","Genbank","gene",270141,271584,".","-",".","ID=gene-LSM04_007371;Name=LSM04_007371;gbkey=Gene;gene_biotype=protein_coding;locus_tag=LSM04_007371",1444
"JAJSEB010000048.1","Genbank","gene",272113,273120,".","-",".","ID=gene-LSM04_005468;Name=LSM04_005468;gbkey=Gene;gene_biotype=protein_coding;locus_tag=LSM04_005468",1008
"JAJSEB010000048.1","Genbank","gene",273685,275970,".","-",".","ID=gene-LSM04_007676;Name=LSM04_007676;gbkey=Gene;gene_biotype=protein_coding;locus_tag=LSM04_007676",2286
"JAJSEB010000048.1","Genbank","gene",276411,276788,".","-",".","ID=gene-LSM04_002902;Name=LSM04_002902;gbkey=Gene;gene_biotype=protein_coding;locus_tag=LSM04_002902",378
"JAJSEB010000048.1","Genbank","gene",278060,278791,".","-",".","ID=gene-LSM04_000247;Name=LSM04_000247;gbkey=Gene;gene_biotype=protein_coding;locus_tag=LSM04_000247",732
"JAJSEB010000048.1","Genbank","gene",287172,287963,".","-",".","ID=gene-LSM04_001467;Name=LSM04_001467;gbkey=Gene;gene_biotype=protein_coding;locus_tag=LSM04_001467",792
"JAJSEB010000048.1","Genbank","gene",288563,289291,".","-",".","ID=gene-LSM04_004584;Name=LSM04_004584;gbkey=Gene;gene_biotype=protein_coding;locus_tag=LSM04_004584",729
"JAJSEB010000048.1","Genbank","gene",290064,291911,".","-",".","ID=gene-LSM04_006541;Name=LSM04_006541;gbkey=Gene;gene_biotype=protein_coding;locus_tag=LSM04_006541",1848
"JAJSEB010000048.1","Genbank","gene",292619,293917,".","-",".","ID=gene-LSM04_004755;Name=LSM04_004755;gbkey=Gene;gene_biotype=protein_coding;locus_tag=LSM04_004755",1299
"JAJSEB010000048.1","Genbank","gene",294391,296460,".","-",".","ID=gene-LSM04_003158;Name=LSM04_003158;gbkey=Gene;gene_biotype=protein_coding;locus_tag=LSM04_003158",2070
"JAJSEB010000048.1","Genbank","gene",297060,297923,".","-",".","ID=gene-LSM04_007256;Name=LSM04_007256;gbkey=Gene;gene_biotype=protein_coding;locus_tag=LSM04_007256",864
"JAJSEB010000048.1","Genbank","gene",298885,299709,".","-",".","ID=gene-LSM04_009307;Name=LSM04_009307;gbkey=Gene;gene_biotype=protein_coding;locus_tag=LSM04_009307",825
"JAJSEB010000048.1","Genbank","gene",300371,301435,".","-",".","ID=gene-LSM04_001127;Name=LSM04_001127;gbkey=Gene;gene_biotype=protein_coding;locus_tag=LSM04_001127",1065
"JAJSEB010000048.1","Genbank","gene",302426,304666,".","-",".","ID=gene-LSM04_003362;Name=LSM04_003362;gbkey=Gene;gene_biotype=protein_coding;locus_tag=LSM04_003362",2241
"JAJSEB010000048.1","Genbank","gene",306120,308345,".","-",".","ID=gene-LSM04_008844;Name=LSM04_008844;gbkey=Gene;gene_biotype=protein_coding;locus_tag=LSM04_008844",2226
"JAJSEB010000048.1","Genbank","gene",309753,310745,".","-",".","ID=gene-LSM04_007445;Name=LSM04_007445;gbkey=Gene;gene_biotype=protein_coding;locus_tag=LSM04_007445",993
"JAJSEB010000048.1","Genbank","gene",311216,312595,".","-",".","ID=gene-LSM04_005089;Name=LSM04_005089;gbkey=Gene;gene_biotype=protein_coding;locus_tag=LSM04_005089",1380
"JAJSEB010000048.1","Genbank","gene",313130,316264,".","-",".","ID=gene-LSM04_005194;Name=LSM04_005194;gbkey=Gene;gene_biotype=protein_coding;locus_tag=LSM04_005194",3135
"JAJSEB010000048.1","Genbank","gene",316799,317557,".","-",".","ID=gene-LSM04_000243;Name=LSM04_000243;gbkey=Gene;gene_biotype=protein_coding;locus_tag=LSM04_000243",759
"JAJSEB010000048.1","Genbank","gene",319173,321365,".","-",".","ID=gene-LSM04_008018;Name=LSM04_008018;gbkey=Gene;gene_biotype=protein_coding;locus_tag=LSM04_008018",2193
"JAJSEB010000048.1","Genbank","gene",322044,323339,".","-",".","ID=gene-LSM04_001849;Name=LSM04_001849;gbkey=Gene;gene_biotype=protein_coding;locus_tag=LSM04_001849",1296
"JAJSEB010000048.1","Genbank","gene",323891,325699,".","-",".","ID=gene-LSM04_009419;Name=LSM04_009419;gbkey=Gene;gene_biotype=protein_coding;locus_tag=LSM04_009419",1809
"JAJSEB010000048.1","Genbank","gene",326091,327771,".","-",".","ID=gene-LSM04_004024;Name=LSM04_004024;gbkey=Gene;gene_biotype=protein_coding;locus_tag=LSM04_004024",1681
"JAJSEB010000048.1","Genbank","gene",328456,331623,".","-",".","ID=gene-LSM04_008008;Name=LSM04_008008;gbkey=Gene;gene_biotype=protein_coding;locus_tag=LSM04_008008",3168
"JAJSEB010000048.1","Genbank","gene",332230,332624,".","-",".","ID=gene-LSM04_008892;Name=LSM04_008892;gbkey=Gene;gene_biotype=protein_coding;locus_tag=LSM04_008892",395
"JAJSEB010000048.1","Genbank","gene",333311,334438,".","-",".","ID=gene-LSM04_007555;Name=LSM04_007555;gbkey=Gene;gene_biotype=protein_coding;locus_tag=LSM04_007555",1128
"JAJSEB010000048.1","Genbank","gene",334928,340249,".","-",".","ID=gene-LSM04_007471;Name=LSM04_007471;gbkey=Gene;gene_biotype=protein_coding;locus_tag=LSM04_007471",5322
"JAJSEB010000048.1","Genbank","gene",340780,341769,".","-",".","ID=gene-LSM04_001110;Name=LSM04_001110;gbkey=Gene;gene_biotype=protein_coding;locus_tag=LSM04_001110",990
"JAJSEB010000048.1","Genbank","gene",342270,343466,".","-",".","ID=gene-LSM04_009100;Name=LSM04_009100;gbkey=Gene;gene_biotype=protein_coding;locus_tag=LSM04_009100",1197
"JAJSEB010000048.1","Genbank","gene",343497,344751,".","-",".","ID=gene-LSM04_008473;Name=LSM04_008473;gbkey=Gene;gene_biotype=protein_coding;locus_tag=LSM04_008473",1255
"JAJSEB010000048.1","Genbank","gene",344788,345824,".","-",".","ID=gene-LSM04_000083;Name=LSM04_000083;gbkey=Gene;gene_biotype=protein_coding;locus_tag=LSM04_000083",1037
"JAJSEB010000048.1","Genbank","gene",345882,346793,".","-",".","ID=gene-LSM04_002220;Name=LSM04_002220;gbkey=Gene;gene_biotype=protein_coding;locus_tag=LSM04_002220",912
"JAJSEB010000048.1","Genbank","gene",346811,348238,".","-",".","ID=gene-LSM04_008352;Name=LSM04_008352;gbkey=Gene;gene_biotype=protein_coding;locus_tag=LSM04_008352",1428
"JAJSEB010000048.1","Genbank","gene",348630,349235,".","-",".","ID=gene-LSM04_008146;Name=LSM04_008146;gbkey=Gene;gene_biotype=protein_coding;locus_tag=LSM04_008146",606
"JAJSEB010000048.1","Genbank","gene",350046,350783,".","+",".","ID=gene-LSM04_006859;Name=LSM04_006859;gbkey=Gene;gene_biotype=protein_coding;locus_tag=LSM04_006859",738
"JAJSEB010000048.1","Genbank","gene",351171,352067,".","+",".","ID=gene-LSM04_005326;Name=LSM04_005326;gbkey=Gene;gene_biotype=protein_coding;locus_tag=LSM04_005326",897
"JAJSEB010000048.1","Genbank","gene",352379,353551,".","+",".","ID=gene-LSM04_005471;Name=LSM04_005471;gbkey=Gene;gene_biotype=protein_coding;locus_tag=LSM04_005471",1173
"JAJSEB010000048.1","Genbank","gene",353820,356846,".","+",".","ID=gene-LSM04_007979;Name=LSM04_007979;gbkey=Gene;gene_biotype=protein_coding;locus_tag=LSM04_007979",3027
"JAJSEB010000048.1","Genbank","gene",357264,358352,".","+",".","ID=gene-LSM04_007403;Name=LSM04_007403;gbkey=Gene;gene_biotype=protein_coding;locus_tag=LSM04_007403",1089
"JAJSEB010000048.1","Genbank","gene",359129,359614,".","+",".","ID=gene-LSM04_000036;Name=LSM04_000036;gbkey=Gene;gene_biotype=protein_coding;locus_tag=LSM04_000036",486
"JAJSEB010000048.1","Genbank","gene",360099,361547,".","+",".","ID=gene-LSM04_001922;Name=LSM04_001922;gbkey=Gene;gene_biotype=protein_coding;locus_tag=LSM04_001922",1449
"JAJSEB010000048.1","Genbank","gene",362356,364044,".","+",".","ID=gene-LSM04_002603;Name=LSM04_002603;gbkey=Gene;gene_biotype=protein_coding;locus_tag=LSM04_002603",1689
"JAJSEB010000048.1","Genbank","gene",364470,366158,".","+",".","ID=gene-LSM04_009453;Name=LSM04_009453;gbkey=Gene;gene_biotype=protein_coding;locus_tag=LSM04_009453",1689
"JAJSEB010000048.1","Genbank","gene",366585,368273,".","+",".","ID=gene-LSM04_007689;Name=LSM04_007689;gbkey=Gene;gene_biotype=protein_coding;locus_tag=LSM04_007689",1689
"JAJSEB010000048.1","Genbank","gene",369169,369556,".","-",".","ID=gene-LSM04_000107;Name=LSM04_000107;gbkey=Gene;gene_biotype=protein_coding;locus_tag=LSM04_000107",388
"JAJSEB010000048.1","Genbank","gene",369879,370268,".","+",".","ID=gene-LSM04_006946;Name=LSM04_006946;gbkey=Gene;gene_biotype=protein_coding;locus_tag=LSM04_006946",390
"JAJSEB010000048.1","Genbank","gene",370894,371952,".","+",".","ID=gene-LSM04_008841;Name=LSM04_008841;gbkey=Gene;gene_biotype=protein_coding;locus_tag=LSM04_008841",1059
"JAJSEB010000048.1","Genbank","gene",372648,373415,".","+",".","ID=gene-LSM04_003667;Name=LSM04_003667;gbkey=Gene;gene_biotype=protein_coding;locus_tag=LSM04_003667",768
"JAJSEB010000048.1","Genbank","gene",374420,374692,".","+",".","ID=gene-LSM04_000020;Name=LSM04_000020;gbkey=Gene;gene_biotype=protein_coding;locus_tag=LSM04_000020",273
"JAJSEB010000048.1","Genbank","gene",375350,378145,".","+",".","ID=gene-LSM04_008492;Name=LSM04_008492;gbkey=Gene;gene_biotype=protein_coding;locus_tag=LSM04_008492",2796
"JAJSEB010000048.1","Genbank","gene",378335,379084,".","+",".","ID=gene-LSM04_009444;Name=LSM04_009444;gbkey=Gene;gene_biotype=protein_coding;locus_tag=LSM04_009444",750
"JAJSEB010000048.1","Genbank","gene",379195,379476,".","+",".","ID=gene-LSM04_005064;Name=LSM04_005064;gbkey=Gene;gene_biotype=protein_coding;locus_tag=LSM04_005064",282
"JAJSEB010000048.1","Genbank","gene",379880,381232,".","+",".","ID=gene-LSM04_004638;Name=LSM04_004638;gbkey=Gene;gene_biotype=protein_coding;locus_tag=LSM04_004638",1353
"JAJSEB010000048.1","Genbank","gene",381836,383266,".","+",".","ID=gene-LSM04_009066;Name=LSM04_009066;gbkey=Gene;gene_biotype=protein_coding;locus_tag=LSM04_009066",1431
"JAJSEB010000048.1","Genbank","gene",383786,388642,".","+",".","ID=gene-LSM04_001614;Name=LSM04_001614;gbkey=Gene;gene_biotype=protein_coding;locus_tag=LSM04_001614",4857
"JAJSEB010000048.1","Genbank","gene",389259,389837,".","+",".","ID=gene-LSM04_002276;Name=LSM04_002276;gbkey=Gene;gene_biotype=protein_coding;locus_tag=LSM04_002276",579
"JAJSEB010000048.1","Genbank","gene",390701,392512,".","+",".","ID=gene-LSM04_000772;Name=LSM04_000772;gbkey=Gene;gene_biotype=protein_coding;locus_tag=LSM04_000772",1812
"JAJSEB010000048.1","Genbank","gene",393270,395858,".","+",".","ID=gene-LSM04_000915;Name=LSM04_000915;gbkey=Gene;gene_biotype=protein_coding;locus_tag=LSM04_000915",2589
"JAJSEB010000048.1","Genbank","gene",396564,397871,".","+",".","ID=gene-LSM04_003276;Name=LSM04_003276;gbkey=Gene;gene_biotype=protein_coding;locus_tag=LSM04_003276",1308
"JAJSEB010000048.1","Genbank","gene",398368,399912,".","+",".","ID=gene-LSM04_001848;Name=LSM04_001848;gbkey=Gene;gene_biotype=protein_coding;locus_tag=LSM04_001848",1545
"JAJSEB010000048.1","Genbank","gene",400395,401114,".","+",".","ID=gene-LSM04_003218;Name=LSM04_003218;gbkey=Gene;gene_biotype=protein_coding;locus_tag=LSM04_003218",720
"JAJSEB010000048.1","Genbank","gene",401586,403484,".","+",".","ID=gene-LSM04_008652;Name=LSM04_008652;gbkey=Gene;gene_biotype=protein_coding;locus_tag=LSM04_008652",1899
"JAJSEB010000048.1","Genbank","gene",404376,406184,".","+",".","ID=gene-LSM04_000340;Name=LSM04_000340;gbkey=Gene;gene_biotype=protein_coding;locus_tag=LSM04_000340",1809
"JAJSEB010000048.1","Genbank","gene",407021,408307,".","+",".","ID=gene-LSM04_000914;Name=LSM04_000914;gbkey=Gene;gene_biotype=protein_coding;locus_tag=LSM04_000914",1287
"JAJSEB010000048.1","Genbank","gene",409214,411286,".","+",".","ID=gene-LSM04_004545;Name=LSM04_004545;gbkey=Gene;gene_biotype=protein_coding;locus_tag=LSM04_004545",2073
"JAJSEB010000048.1","Genbank","gene",411600,412796,".","+",".","ID=gene-LSM04_007887;Name=LSM04_007887;gbkey=Gene;gene_biotype=protein_coding;locus_tag=LSM04_007887",1197
"JAJSEB010000048.1","Genbank","gene",413226,415802,".","+",".","ID=gene-LSM04_001678;Name=LSM04_001678;gbkey=Gene;gene_biotype=protein_coding;locus_tag=LSM04_001678",2577
"JAJSEB010000048.1","Genbank","gene",416436,416723,".","+",".","ID=gene-LSM04_005593;Name=LSM04_005593;gbkey=Gene;gene_biotype=protein_coding;locus_tag=LSM04_005593",288
"JAJSEB010000048.1","Genbank","gene",416761,417610,".","+",".","ID=gene-LSM04_002022;Name=LSM04_002022;gbkey=Gene;gene_biotype=protein_coding;locus_tag=LSM04_002022",850
"JAJSEB010000048.1","Genbank","gene",418309,420180,".","+",".","ID=gene-LSM04_000158;Name=LSM04_000158;gbkey=Gene;gene_biotype=protein_coding;locus_tag=LSM04_000158",1872
"JAJSEB010000048.1","Genbank","gene",420619,420933,".","+",".","ID=gene-LSM04_001698;Name=LSM04_001698;gbkey=Gene;gene_biotype=protein_coding;locus_tag=LSM04_001698",315
"JAJSEB010000048.1","Genbank","gene",421876,423387,".","+",".","ID=gene-LSM04_004241;Name=LSM04_004241;gbkey=Gene;gene_biotype=protein_coding;locus_tag=LSM04_004241",1512
"JAJSEB010000048.1","Genbank","gene",423973,425583,".","+",".","ID=gene-LSM04_007854;Name=LSM04_007854;gbkey=Gene;gene_biotype=protein_coding;locus_tag=LSM04_007854",1611
"JAJSEB010000048.1","Genbank","gene",426989,431764,".","+",".","ID=gene-LSM04_004043;Name=LSM04_004043;gbkey=Gene;gene_biotype=protein_coding;locus_tag=LSM04_004043",4776
"JAJSEB010000048.1","Genbank","gene",432269,434677,".","+",".","ID=gene-LSM04_004321;Name=LSM04_004321;gbkey=Gene;gene_biotype=protein_coding;locus_tag=LSM04_004321",2409
"JAJSEB010000048.1","Genbank","gene",435144,444992,".","+",".","ID=gene-LSM04_008474;Name=LSM04_008474;gbkey=Gene;gene_biotype=protein_coding;locus_tag=LSM04_008474",9849
"JAJSEB010000048.1","Genbank","gene",445580,446587,".","+",".","ID=gene-LSM04_003304;Name=LSM04_003304;gbkey=Gene;gene_biotype=protein_coding;locus_tag=LSM04_003304",1008
"JAJSEB010000048.1","Genbank","gene",447079,448599,".","+",".","ID=gene-LSM04_009705;Name=LSM04_009705;gbkey=Gene;gene_biotype=protein_coding;locus_tag=LSM04_009705",1521
"JAJSEB010000048.1","Genbank","gene",450796,451593,".","+",".","ID=gene-LSM04_000308;Name=LSM04_000308;gbkey=Gene;gene_biotype=protein_coding;locus_tag=LSM04_000308",798
"JAJSEB010000048.1","Genbank","gene",451960,454200,".","+",".","ID=gene-LSM04_009058;Name=LSM04_009058;gbkey=Gene;gene_biotype=protein_coding;locus_tag=LSM04_009058",2241
"JAJSEB010000048.1","Genbank","gene",454590,455909,".","+",".","ID=gene-LSM04_006710;Name=LSM04_006710;gbkey=Gene;gene_biotype=protein_coding;locus_tag=LSM04_006710",1320
"JAJSEB010000048.1","Genbank","gene",456427,458514,".","+",".","ID=gene-LSM04_008013;Name=LSM04_008013;gbkey=Gene;gene_biotype=protein_coding;locus_tag=LSM04_008013",2088
"JAJSEB010000048.1","Genbank","gene",458989,459924,".","+",".","ID=gene-LSM04_007161;Name=LSM04_007161;gbkey=Gene;gene_biotype=protein_coding;locus_tag=LSM04_007161",936
"JAJSEB010000048.1","Genbank","gene",460320,460739,".","+",".","ID=gene-LSM04_000734;Name=LSM04_000734;gbkey=Gene;gene_biotype=protein_coding;locus_tag=LSM04_000734",420
"JAJSEB010000048.1","Genbank","gene",461687,462106,".","+",".","ID=gene-LSM04_003037;Name=LSM04_003037;gbkey=Gene;gene_biotype=protein_coding;locus_tag=LSM04_003037",420
"JAJSEB010000048.1","Genbank","gene",463056,463655,".","+",".","ID=gene-LSM04_001822;Name=LSM04_001822;gbkey=Gene;gene_biotype=protein_coding;locus_tag=LSM04_001822",600
"JAJSEB010000048.1","Genbank","gene",465919,466494,".","+",".","ID=gene-LSM04_006216;Name=LSM04_006216;gbkey=Gene;gene_biotype=protein_coding;locus_tag=LSM04_006216",576
"JAJSEB010000048.1","Genbank","gene",469921,475014,".","+",".","ID=gene-LSM04_004601;Name=LSM04_004601;gbkey=Gene;gene_biotype=protein_coding;locus_tag=LSM04_004601",5094
"JAJSEB010000048.1","Genbank","gene",476290,477087,".","+",".","ID=gene-LSM04_002806;Name=LSM04_002806;gbkey=Gene;gene_biotype=protein_coding;locus_tag=LSM04_002806",798
"JAJSEB010000048.1","Genbank","gene",477778,478362,".","+",".","ID=gene-LSM04_009019;Name=LSM04_009019;gbkey=Gene;gene_biotype=protein_coding;locus_tag=LSM04_009019",585
"JAJSEB010000048.1","Genbank","gene",478932,482417,".","+",".","ID=gene-LSM04_006166;Name=LSM04_006166;gbkey=Gene;gene_biotype=protein_coding;locus_tag=LSM04_006166",3486
"JAJSEB010000048.1","Genbank","gene",483170,487999,".","+",".","ID=gene-LSM04_004992;Name=LSM04_004992;gbkey=Gene;gene_biotype=protein_coding;locus_tag=LSM04_004992",4830
"JAJSEB010000048.1","Genbank","gene",489070,490440,".","+",".","ID=gene-LSM04_008418;Name=LSM04_008418;gbkey=Gene;gene_biotype=protein_coding;locus_tag=LSM04_008418",1371
"JAJSEB010000048.1","Genbank","gene",491835,493325,".","+",".","ID=gene-LSM04_008554;Name=LSM04_008554;gbkey=Gene;gene_biotype=protein_coding;locus_tag=LSM04_008554",1491
"JAJSEB010000048.1","Genbank","gene",493687,495987,".","+",".","ID=gene-LSM04_001348;Name=LSM04_001348;gbkey=Gene;gene_biotype=protein_coding;locus_tag=LSM04_001348",2301
"JAJSEB010000048.1","Genbank","gene",496712,498364,".","+",".","ID=gene-LSM04_008870;Name=LSM04_008870;gbkey=Gene;gene_biotype=protein_coding;locus_tag=LSM04_008870",1653
"JAJSEB010000048.1","Genbank","gene",499600,501783,".","+",".","ID=gene-LSM04_000017;Name=LSM04_000017;gbkey=Gene;gene_biotype=protein_coding;locus_tag=LSM04_000017",2184
"JAJSEB010000048.1","Genbank","gene",502543,504042,".","+",".","ID=gene-LSM04_009309;Name=LSM04_009309;gbkey=Gene;gene_biotype=protein_coding;locus_tag=LSM04_009309",1500
"JAJSEB010000048.1","Genbank","gene",504336,505829,".","+",".","ID=gene-LSM04_007568;Name=LSM04_007568;gbkey=Gene;gene_biotype=protein_coding;locus_tag=LSM04_007568",1494
"JAJSEB010000048.1","Genbank","gene",506333,507826,".","+",".","ID=gene-LSM04_009373;Name=LSM04_009373;gbkey=Gene;gene_biotype=protein_coding;locus_tag=LSM04_009373",1494
"JAJSEB010000048.1","Genbank","gene",509820,511310,".","+",".","ID=gene-LSM04_003464;Name=LSM04_003464;gbkey=Gene;gene_biotype=protein_coding;locus_tag=LSM04_003464",1491
"JAJSEB010000048.1","Genbank","gene",512689,513132,".","+",".","ID=gene-LSM04_003227;Name=LSM04_003227;gbkey=Gene;gene_biotype=protein_coding;locus_tag=LSM04_003227",444
"JAJSEB010000048.1","Genbank","gene",513476,515848,".","+",".","ID=gene-LSM04_003524;Name=LSM04_003524;gbkey=Gene;gene_biotype=protein_coding;locus_tag=LSM04_003524",2373
"JAJSEB010000048.1","Genbank","gene",517470,519929,".","+",".","ID=gene-LSM04_007216;Name=LSM04_007216;gbkey=Gene;gene_biotype=protein_coding;locus_tag=LSM04_007216",2460
"JAJSEB010000048.1","Genbank","gene",520500,521930,".","+",".","ID=gene-LSM04_006806;Name=LSM04_006806;gbkey=Gene;gene_biotype=protein_coding;locus_tag=LSM04_006806",1431
"JAJSEB010000048.1","Genbank","gene",522352,524925,".","+",".","ID=gene-LSM04_002375;Name=LSM04_002375;gbkey=Gene;gene_biotype=protein_coding;locus_tag=LSM04_002375",2574
"JAJSEB010000048.1","Genbank","gene",525431,527560,".","+",".","ID=gene-LSM04_002737;Name=LSM04_002737;gbkey=Gene;gene_biotype=protein_coding;locus_tag=LSM04_002737",2130
"JAJSEB010000048.1","Genbank","gene",528459,530707,".","+",".","ID=gene-LSM04_002469;Name=LSM04_002469;gbkey=Gene;gene_biotype=protein_coding;locus_tag=LSM04_002469",2249
"JAJSEB010000048.1","Genbank","gene",531615,532079,".","+",".","ID=gene-LSM04_008552;Name=LSM04_008552;gbkey=Gene;gene_biotype=protein_coding;locus_tag=LSM04_008552",465
"JAJSEB010000048.1","Genbank","gene",532698,547070,".","+",".","ID=gene-LSM04_003652;Name=LSM04_003652;gbkey=Gene;gene_biotype=protein_coding;locus_tag=LSM04_003652",14373
"JAJSEB010000048.1","Genbank","gene",547387,548838,".","+",".","ID=gene-LSM04_006969;Name=LSM04_006969;gbkey=Gene;gene_biotype=protein_coding;locus_tag=LSM04_006969",1452
"JAJSEB010000048.1","Genbank","gene",549268,549864,".","+",".","ID=gene-LSM04_003159;Name=LSM04_003159;gbkey=Gene;gene_biotype=protein_coding;locus_tag=LSM04_003159",597
"JAJSEB010000048.1","Genbank","gene",550620,552287,".","+",".","ID=gene-LSM04_005252;Name=LSM04_005252;gbkey=Gene;gene_biotype=protein_coding;locus_tag=LSM04_005252",1668
"JAJSEB010000048.1","Genbank","gene",552820,555957,".","+",".","ID=gene-LSM04_005168;Name=LSM04_005168;gbkey=Gene;gene_biotype=protein_coding;locus_tag=LSM04_005168",3138
"JAJSEB010000048.1","Genbank","gene",556442,557821,".","+",".","ID=gene-LSM04_008802;Name=LSM04_008802;gbkey=Gene;gene_biotype=protein_coding;locus_tag=LSM04_008802",1380
"JAJSEB010000048.1","Genbank","gene",558986,559339,".","+",".","ID=gene-LSM04_002794;Name=LSM04_002794;gbkey=Gene;gene_biotype=protein_coding;locus_tag=LSM04_002794",354
"JAJSEB010000048.1","Genbank","gene",559672,561276,".","+",".","ID=gene-LSM04_006770;Name=LSM04_006770;gbkey=Gene;gene_biotype=protein_coding;locus_tag=LSM04_006770",1605
"JAJSEB010000048.1","Genbank","gene",561688,563580,".","+",".","ID=gene-LSM04_001980;Name=LSM04_001980;gbkey=Gene;gene_biotype=protein_coding;locus_tag=LSM04_001980",1893
"JAJSEB010000048.1","Genbank","gene",564173,566515,".","+",".","ID=gene-LSM04_005416;Name=LSM04_005416;gbkey=Gene;gene_biotype=protein_coding;locus_tag=LSM04_005416",2343
"JAJSEB010000048.1","Genbank","gene",567360,568013,".","+",".","ID=gene-LSM04_009425;Name=LSM04_009425;gbkey=Gene;gene_biotype=protein_coding;locus_tag=LSM04_009425",654
"JAJSEB010000048.1","Genbank","gene",569274,570083,".","+",".","ID=gene-LSM04_007310;Name=LSM04_007310;gbkey=Gene;gene_biotype=protein_coding;locus_tag=LSM04_007310",810
"JAJSEB010000048.1","Genbank","gene",570725,571336,".","+",".","ID=gene-LSM04_005820;Name=LSM04_005820;gbkey=Gene;gene_biotype=protein_coding;locus_tag=LSM04_005820",612
"JAJSEB010000048.1","Genbank","gene",574597,576168,".","-",".","ID=gene-LSM04_002958;Name=LSM04_002958;gbkey=Gene;gene_biotype=protein_coding;locus_tag=LSM04_002958",1572
"JAJSEB010000048.1","Genbank","gene",577048,578769,".","-",".","ID=gene-LSM04_002235;Name=LSM04_002235;gbkey=Gene;gene_biotype=protein_coding;locus_tag=LSM04_002235",1722
"JAJSEB010000048.1","Genbank","gene",579665,581371,".","-",".","ID=gene-LSM04_001160;Name=LSM04_001160;gbkey=Gene;gene_biotype=protein_coding;locus_tag=LSM04_001160",1707
"JAJSEB010000048.1","Genbank","gene",582266,583972,".","-",".","ID=gene-LSM04_009561;Name=LSM04_009561;gbkey=Gene;gene_biotype=protein_coding;locus_tag=LSM04_009561",1707
"JAJSEB010000048.1","Genbank","gene",584869,586251,".","-",".","ID=gene-LSM04_007123;Name=LSM04_007123;gbkey=Gene;gene_biotype=protein_coding;locus_tag=LSM04_007123",1383
"JAJSEB010000048.1","Genbank","gene",587208,589349,".","-",".","ID=gene-LSM04_002446;Name=LSM04_002446;gbkey=Gene;gene_biotype=protein_coding;locus_tag=LSM04_002446",2142
"JAJSEB010000048.1","Genbank","gene",589831,590811,".","-",".","ID=gene-LSM04_008332;Name=LSM04_008332;gbkey=Gene;gene_biotype=protein_coding;locus_tag=LSM04_008332",981
"JAJSEB010000048.1","Genbank","gene",591137,591985,".","-",".","ID=gene-LSM04_004456;Name=LSM04_004456;gbkey=Gene;gene_biotype=protein_coding;locus_tag=LSM04_004456",849
"JAJSEB010000048.1","Genbank","gene",591992,592465,".","-",".","ID=gene-LSM04_007981;Name=LSM04_007981;gbkey=Gene;gene_biotype=protein_coding;locus_tag=LSM04_007981",474
"JAJSEB010000048.1","Genbank","gene",593271,593999,".","-",".","ID=gene-LSM04_005136;Name=LSM04_005136;gbkey=Gene;gene_biotype=protein_coding;locus_tag=LSM04_005136",729
"JAJSEB010000048.1","Genbank","gene",594330,595772,".","-",".","ID=gene-LSM04_003160;Name=LSM04_003160;gbkey=Gene;gene_biotype=protein_coding;locus_tag=LSM04_003160",1443
"JAJSEB010000048.1","Genbank","gene",596159,596719,".","-",".","ID=gene-LSM04_002093;Name=LSM04_002093;gbkey=Gene;gene_biotype=protein_coding;locus_tag=LSM04_002093",561
"JAJSEB010000048.1","Genbank","gene",596998,598116,".","-",".","ID=gene-LSM04_000054;Name=LSM04_000054;gbkey=Gene;gene_biotype=protein_coding;locus_tag=LSM04_000054",1119
"JAJSEB010000048.1","Genbank","gene",598709,599827,".","-",".","ID=gene-LSM04_009671;Name=LSM04_009671;gbkey=Gene;gene_biotype=protein_coding;locus_tag=LSM04_009671",1119
"JAJSEB010000048.1","Genbank","gene",600130,600702,".","-",".","ID=gene-LSM04_001653;Name=LSM04_001653;gbkey=Gene;gene_biotype=protein_coding;locus_tag=LSM04_001653",573
"JAJSEB010000048.1","Genbank","gene",601203,602954,".","-",".","ID=gene-LSM04_001055;Name=LSM04_001055;gbkey=Gene;gene_biotype=protein_coding;locus_tag=LSM04_001055",1752
"JAJSEB010000048.1","Genbank","gene",603357,605192,".","-",".","ID=gene-LSM04_004325;Name=LSM04_004325;gbkey=Gene;gene_biotype=protein_coding;locus_tag=LSM04_004325",1836
"JAJSEB010000048.1","Genbank","gene",605888,606967,".","-",".","ID=gene-LSM04_006221;Name=LSM04_006221;gbkey=Gene;gene_biotype=protein_coding;locus_tag=LSM04_006221",1080
"JAJSEB010000048.1","Genbank","gene",607298,608044,".","-",".","ID=gene-LSM04_006330;Name=LSM04_006330;gbkey=Gene;gene_biotype=protein_coding;locus_tag=LSM04_006330",747
"JAJSEB010000048.1","Genbank","gene",608497,610269,".","-",".","ID=gene-LSM04_006179;Name=LSM04_006179;gbkey=Gene;gene_biotype=protein_coding;locus_tag=LSM04_006179",1773
"JAJSEB010000048.1","Genbank","gene",610934,611362,".","-",".","ID=gene-LSM04_000449;Name=LSM04_000449;gbkey=Gene;gene_biotype=protein_coding;locus_tag=LSM04_000449",429
"JAJSEB010000048.1","Genbank","gene",612667,613569,".","-",".","ID=gene-LSM04_006186;Name=LSM04_006186;gbkey=Gene;gene_biotype=protein_coding;locus_tag=LSM04_006186",903
"JAJSEB010000048.1","Genbank","gene",615114,616676,".","-",".","ID=gene-LSM04_001267;Name=LSM04_001267;gbkey=Gene;gene_biotype=protein_coding;locus_tag=LSM04_001267",1563
"JAJSEB010000048.1","Genbank","gene",617701,618648,".","-",".","ID=gene-LSM04_002680;Name=LSM04_002680;gbkey=Gene;gene_biotype=protein_coding;locus_tag=LSM04_002680",948
"JAJSEB010000048.1","Genbank","gene",619314,621125,".","-",".","ID=gene-LSM04_000478;Name=LSM04_000478;gbkey=Gene;gene_biotype=protein_coding;locus_tag=LSM04_000478",1812
"JAJSEB010000048.1","Genbank","gene",622035,623102,".","-",".","ID=gene-LSM04_007566;Name=LSM04_007566;gbkey=Gene;gene_biotype=protein_coding;locus_tag=LSM04_007566",1068
"JAJSEB010000048.1","Genbank","gene",623490,624608,".","-",".","ID=gene-LSM04_009633;Name=LSM04_009633;gbkey=Gene;gene_biotype=protein_coding;locus_tag=LSM04_009633",1119
"JAJSEB010000048.1","Genbank","gene",625066,625443,".","-",".","ID=gene-LSM04_009702;Name=LSM04_009702;gbkey=Gene;gene_biotype=protein_coding;locus_tag=LSM04_009702",378
"JAJSEB010000048.1","Genbank","gene",625785,626135,".","-",".","ID=gene-LSM04_007805;Name=LSM04_007805;gbkey=Gene;gene_biotype=protein_coding;locus_tag=LSM04_007805",351
"JAJSEB010000048.1","Genbank","gene",626514,627920,".","-",".","ID=gene-LSM04_006958;Name=LSM04_006958;gbkey=Gene;gene_biotype=protein_coding;locus_tag=LSM04_006958",1407
"JAJSEB010000048.1","Genbank","gene",628266,628643,".","-",".","ID=gene-LSM04_003074;Name=LSM04_003074;gbkey=Gene;gene_biotype=protein_coding;locus_tag=LSM04_003074",378
"JAJSEB010000048.1","Genbank","gene",629241,632141,".","-",".","ID=gene-LSM04_007685;Name=LSM04_007685;gbkey=Gene;gene_biotype=protein_coding;locus_tag=LSM04_007685",2901
"JAJSEB010000048.1","Genbank","gene",632693,634291,".","-",".","ID=gene-LSM04_002431;Name=LSM04_002431;gbkey=Gene;gene_biotype=protein_coding;locus_tag=LSM04_002431",1599
"JAJSEB010000048.1","Genbank","gene",634653,635498,".","-",".","ID=gene-LSM04_007659;Name=LSM04_007659;gbkey=Gene;gene_biotype=protein_coding;locus_tag=LSM04_007659",846
"JAJSEB010000048.1","Genbank","gene",636057,640475,".","-",".","ID=gene-LSM04_005592;Name=LSM04_005592;gbkey=Gene;gene_biotype=protein_coding;locus_tag=LSM04_005592",4419
"JAJSEB010000048.1","Genbank","gene",640998,642665,".","-",".","ID=gene-LSM04_002688;Name=LSM04_002688;gbkey=Gene;gene_biotype=protein_coding;locus_tag=LSM04_002688",1668
"JAJSEB010000048.1","Genbank","gene",643502,643978,".","-",".","ID=gene-LSM04_006617;Name=LSM04_006617;gbkey=Gene;gene_biotype=protein_coding;locus_tag=LSM04_006617",477
"JAJSEB010000048.1","Genbank","gene",644575,648582,".","-",".","ID=gene-LSM04_002085;Name=LSM04_002085;gbkey=Gene;gene_biotype=protein_coding;locus_tag=LSM04_002085",4008
"JAJSEB010000048.1","Genbank","gene",649203,652922,".","-",".","ID=gene-LSM04_007894;Name=LSM04_007894;gbkey=Gene;gene_biotype=protein_coding;locus_tag=LSM04_007894",3720
"JAJSEB010000048.1","Genbank","gene",653288,653797,".","-",".","ID=gene-LSM04_009745;Name=LSM04_009745;gbkey=Gene;gene_biotype=protein_coding;locus_tag=LSM04_009745",510
"JAJSEB010000048.1","Genbank","gene",654016,654525,".","-",".","ID=gene-LSM04_003866;Name=LSM04_003866;gbkey=Gene;gene_biotype=protein_coding;locus_tag=LSM04_003866",510
"JAJSEB010000048.1","Genbank","gene",654825,655424,".","-",".","ID=gene-LSM04_005587;Name=LSM04_005587;gbkey=Gene;gene_biotype=protein_coding;locus_tag=LSM04_005587",600
"JAJSEB010000048.1","Genbank","gene",656652,658640,".","-",".","ID=gene-LSM04_007148;Name=LSM04_007148;gbkey=Gene;gene_biotype=protein_coding;locus_tag=LSM04_007148",1989
"JAJSEB010000048.1","Genbank","gene",659123,671587,".","-",".","ID=gene-LSM04_006067;Name=LSM04_006067;gbkey=Gene;gene_biotype=protein_coding;locus_tag=LSM04_006067",12465
"JAJSEB010000048.1","Genbank","gene",671922,672383,".","-",".","ID=gene-LSM04_007052;Name=LSM04_007052;gbkey=Gene;gene_biotype=protein_coding;locus_tag=LSM04_007052",462
"JAJSEB010000048.1","Genbank","gene",672680,673141,".","-",".","ID=gene-LSM04_004639;Name=LSM04_004639;gbkey=Gene;gene_biotype=protein_coding;locus_tag=LSM04_004639",462
"JAJSEB010000048.1","Genbank","gene",673499,673900,".","-",".","ID=gene-LSM04_008298;Name=LSM04_008298;gbkey=Gene;gene_biotype=protein_coding;locus_tag=LSM04_008298",402
"JAJSEB010000048.1","Genbank","gene",674187,676232,".","-",".","ID=gene-LSM04_003231;Name=LSM04_003231;gbkey=Gene;gene_biotype=protein_coding;locus_tag=LSM04_003231",2046
"JAJSEB010000048.1","Genbank","gene",678042,681971,".","-",".","ID=gene-LSM04_005953;Name=LSM04_005953;gbkey=Gene;gene_biotype=protein_coding;locus_tag=LSM04_005953",3930
"JAJSEB010000048.1","Genbank","gene",682832,684031,".","-",".","ID=gene-LSM04_008836;Name=LSM04_008836;gbkey=Gene;gene_biotype=protein_coding;locus_tag=LSM04_008836",1200
"JAJSEB010000048.1","Genbank","gene",684526,687630,".","-",".","ID=gene-LSM04_006155;Name=LSM04_006155;gbkey=Gene;gene_biotype=protein_coding;locus_tag=LSM04_006155",3105
"JAJSEB010000048.1","Genbank","gene",689026,691393,".","-",".","ID=gene-LSM04_003953;Name=LSM04_003953;gbkey=Gene;gene_biotype=protein_coding;locus_tag=LSM04_003953",2368
"JAJSEB010000048.1","Genbank","gene",692403,693149,".","-",".","ID=gene-LSM04_007985;Name=LSM04_007985;gbkey=Gene;gene_biotype=protein_coding;locus_tag=LSM04_007985",747
"JAJSEB010000048.1","Genbank","gene",693703,694488,".","-",".","ID=gene-LSM04_008809;Name=LSM04_008809;gbkey=Gene;gene_biotype=protein_coding;locus_tag=LSM04_008809",786
"JAJSEB010000048.1","Genbank","gene",694947,697598,".","-",".","ID=gene-LSM04_007946;Name=LSM04_007946;gbkey=Gene;gene_biotype=protein_coding;locus_tag=LSM04_007946",2652
"JAJSEB010000048.1","Genbank","gene",698768,699886,".","-",".","ID=gene-LSM04_006200;Name=LSM04_006200;gbkey=Gene;gene_biotype=protein_coding;locus_tag=LSM04_006200",1119
"JAJSEB010000048.1","Genbank","gene",700567,703908,".","-",".","ID=gene-LSM04_002917;Name=LSM04_002917;gbkey=Gene;gene_biotype=protein_coding;locus_tag=LSM04_002917",3342
"JAJSEB010000048.1","Genbank","gene",707430,709541,".","-",".","ID=gene-LSM04_005127;Name=LSM04_005127;gbkey=Gene;gene_biotype=protein_coding;locus_tag=LSM04_005127",2112
"JAJSEB010000048.1","Genbank","gene",711102,716231,".","-",".","ID=gene-LSM04_006083;Name=LSM04_006083;gbkey=Gene;gene_biotype=protein_coding;locus_tag=LSM04_006083",5130
"JAJSEB010000048.1","Genbank","gene",717014,717844,".","-",".","ID=gene-LSM04_008624;Name=LSM04_008624;gbkey=Gene;gene_biotype=protein_coding;locus_tag=LSM04_008624",831
"JAJSEB010000048.1","Genbank","gene",718505,719857,".","-",".","ID=gene-LSM04_006111;Name=LSM04_006111;gbkey=Gene;gene_biotype=protein_coding;locus_tag=LSM04_006111",1353
"JAJSEB010000048.1","Genbank","gene",720408,721922,".","-",".","ID=gene-LSM04_001227;Name=LSM04_001227;gbkey=Gene;gene_biotype=protein_coding;locus_tag=LSM04_001227",1515
"JAJSEB010000048.1","Genbank","gene",722488,724145,".","-",".","ID=gene-LSM04_000035;Name=LSM04_000035;gbkey=Gene;gene_biotype=protein_coding;locus_tag=LSM04_000035",1658
"JAJSEB010000048.1","Genbank","gene",725071,726348,".","-",".","ID=gene-LSM04_001391;Name=LSM04_001391;gbkey=Gene;gene_biotype=protein_coding;locus_tag=LSM04_001391",1278
"JAJSEB010000048.1","Genbank","gene",727325,728848,".","-",".","ID=gene-LSM04_007654;Name=LSM04_007654;gbkey=Gene;gene_biotype=protein_coding;locus_tag=LSM04_007654",1524
"JAJSEB010000048.1","Genbank","gene",729773,730807,".","-",".","ID=gene-LSM04_004212;Name=LSM04_004212;gbkey=Gene;gene_biotype=protein_coding;locus_tag=LSM04_004212",1035
"JAJSEB010000048.1","Genbank","gene",731815,734745,".","-",".","ID=gene-LSM04_003005;Name=LSM04_003005;gbkey=Gene;gene_biotype=protein_coding;locus_tag=LSM04_003005",2931
"JAJSEB010000048.1","Genbank","gene",735610,739026,".","-",".","ID=gene-LSM04_008364;Name=LSM04_008364;gbkey=Gene;gene_biotype=protein_coding;locus_tag=LSM04_008364",3417
"JAJSEB010000048.1","Genbank","gene",744569,745939,".","-",".","ID=gene-LSM04_009211;Name=LSM04_009211;gbkey=Gene;gene_biotype=protein_coding;locus_tag=LSM04_009211",1371
"JAJSEB010000048.1","Genbank","gene",749066,750481,".","-",".","ID=gene-LSM04_002097;Name=LSM04_002097;gbkey=Gene;gene_biotype=protein_coding;locus_tag=LSM04_002097",1416
"JAJSEB010000048.1","Genbank","gene",751430,752386,".","-",".","ID=gene-LSM04_005379;Name=LSM04_005379;gbkey=Gene;gene_biotype=protein_coding;locus_tag=LSM04_005379",957
"JAJSEB010000048.1","Genbank","gene",752925,753413,".","-",".","ID=gene-LSM04_002221;Name=LSM04_002221;gbkey=Gene;gene_biotype=protein_coding;locus_tag=LSM04_002221",489
"JAJSEB010000048.1","Genbank","gene",753909,754628,".","-",".","ID=gene-LSM04_002349;Name=LSM04_002349;gbkey=Gene;gene_biotype=protein_coding;locus_tag=LSM04_002349",720
"JAJSEB010000048.1","Genbank","gene",754930,756075,".","-",".","ID=gene-LSM04_005693;Name=LSM04_005693;gbkey=Gene;gene_biotype=protein_coding;locus_tag=LSM04_005693",1146
"JAJSEB010000048.1","Genbank","gene",756855,757291,".","-",".","ID=gene-LSM04_003860;Name=LSM04_003860;gbkey=Gene;gene_biotype=protein_coding;locus_tag=LSM04_003860",437
"JAJSEB010000048.1","Genbank","gene",757321,757888,".","-",".","ID=gene-LSM04_005945;Name=LSM04_005945;gbkey=Gene;gene_biotype=protein_coding;locus_tag=LSM04_005945",568
"JAJSEB010000048.1","Genbank","gene",759836,760417,".","-",".","ID=gene-LSM04_008178;Name=LSM04_008178;gbkey=Gene;gene_biotype=protein_coding;locus_tag=LSM04_008178",582
"JAJSEB010000048.1","Genbank","gene",760919,762169,".","-",".","ID=gene-LSM04_009696;Name=LSM04_009696;gbkey=Gene;gene_biotype=protein_coding;locus_tag=LSM04_009696",1251
"JAJSEB010000048.1","Genbank","gene",762618,763604,".","-",".","ID=gene-LSM04_001583;Name=LSM04_001583;gbkey=Gene;gene_biotype=protein_coding;locus_tag=LSM04_001583",987
"JAJSEB010000048.1","Genbank","gene",764021,764587,".","-",".","ID=gene-LSM04_000602;Name=LSM04_000602;gbkey=Gene;gene_biotype=protein_coding;locus_tag=LSM04_000602",567
"JAJSEB010000048.1","Genbank","gene",764986,765213,".","-",".","ID=gene-LSM04_008461;Name=LSM04_008461;gbkey=Gene;gene_biotype=protein_coding;locus_tag=LSM04_008461",228
"JAJSEB010000048.1","Genbank","gene",765511,766362,".","-",".","ID=gene-LSM04_008412;Name=LSM04_008412;gbkey=Gene;gene_biotype=protein_coding;locus_tag=LSM04_008412",852
"JAJSEB010000048.1","Genbank","gene",766644,767099,".","-",".","ID=gene-LSM04_005197;Name=LSM04_005197;gbkey=Gene;gene_biotype=protein_coding;locus_tag=LSM04_005197",456
"JAJSEB010000048.1","Genbank","gene",768707,769336,".","-",".","ID=gene-LSM04_007784;Name=LSM04_007784;gbkey=Gene;gene_biotype=protein_coding;locus_tag=LSM04_007784",630
"JAJSEB010000048.1","Genbank","gene",770820,772004,".","-",".","ID=gene-LSM04_000351;Name=LSM04_000351;gbkey=Gene;gene_biotype=protein_coding;locus_tag=LSM04_000351",1185
"JAJSEB010000048.1","Genbank","gene",772497,774737,".","-",".","ID=gene-LSM04_007393;Name=LSM04_007393;gbkey=Gene;gene_biotype=protein_coding;locus_tag=LSM04_007393",2241
"JAJSEB010000048.1","Genbank","gene",775104,775844,".","-",".","ID=gene-LSM04_007139;Name=LSM04_007139;gbkey=Gene;gene_biotype=protein_coding;locus_tag=LSM04_007139",741
"JAJSEB010000048.1","Genbank","gene",776237,777172,".","-",".","ID=gene-LSM04_008032;Name=LSM04_008032;gbkey=Gene;gene_biotype=protein_coding;locus_tag=LSM04_008032",936
"JAJSEB010000048.1","Genbank","gene",777429,778310,".","-",".","ID=gene-LSM04_002905;Name=LSM04_002905;gbkey=Gene;gene_biotype=protein_coding;locus_tag=LSM04_002905",882
"JAJSEB010000048.1","Genbank","gene",778544,779152,".","-",".","ID=gene-LSM04_002330;Name=LSM04_002330;gbkey=Gene;gene_biotype=protein_coding;locus_tag=LSM04_002330",609
"JAJSEB010000048.1","Genbank","gene",779373,780278,".","-",".","ID=gene-LSM04_003870;Name=LSM04_003870;gbkey=Gene;gene_biotype=protein_coding;locus_tag=LSM04_003870",906
"JAJSEB010000048.1","Genbank","gene",780565,780960,".","+",".","ID=gene-LSM04_006217;Name=LSM04_006217;gbkey=Gene;gene_biotype=protein_coding;locus_tag=LSM04_006217",396
"JAJSEB010000048.1","Genbank","gene",781163,782467,".","+",".","ID=gene-LSM04_006908;Name=LSM04_006908;gbkey=Gene;gene_biotype=protein_coding;locus_tag=LSM04_006908",1305
"JAJSEB010000048.1","Genbank","gene",782711,783583,".","+",".","ID=gene-LSM04_003986;Name=LSM04_003986;gbkey=Gene;gene_biotype=protein_coding;locus_tag=LSM04_003986",873
"JAJSEB010000048.1","Genbank","gene",783915,785255,".","+",".","ID=gene-LSM04_002318;Name=LSM04_002318;gbkey=Gene;gene_biotype=protein_coding;locus_tag=LSM04_002318",1341
"JAJSEB010000048.1","Genbank","gene",785942,788065,".","+",".","ID=gene-LSM04_005200;Name=LSM04_005200;gbkey=Gene;gene_biotype=protein_coding;locus_tag=LSM04_005200",2124
"JAJSEB010000048.1","Genbank","gene",789134,790660,".","+",".","ID=gene-LSM04_008058;Name=LSM04_008058;gbkey=Gene;gene_biotype=protein_coding;locus_tag=LSM04_008058",1527
"JAJSEB010000048.1","Genbank","gene",791352,792251,".","+",".","ID=gene-LSM04_009529;Name=LSM04_009529;gbkey=Gene;gene_biotype=protein_coding;locus_tag=LSM04_009529",900
"JAJSEB010000048.1","Genbank","gene",793120,793794,".","+",".","ID=gene-LSM04_005259;Name=LSM04_005259;gbkey=Gene;gene_biotype=protein_coding;locus_tag=LSM04_005259",675
"JAJSEB010000048.1","Genbank","gene",794233,795534,".","+",".","ID=gene-LSM04_002141;Name=LSM04_002141;gbkey=Gene;gene_biotype=protein_coding;locus_tag=LSM04_002141",1302
"JAJSEB010000048.1","Genbank","gene",795785,797629,".","+",".","ID=gene-LSM04_002626;Name=LSM04_002626;gbkey=Gene;gene_biotype=protein_coding;locus_tag=LSM04_002626",1845
"JAJSEB010000048.1","Genbank","gene",798328,799428,".","+",".","ID=gene-LSM04_004536;Name=LSM04_004536;gbkey=Gene;gene_biotype=protein_coding;locus_tag=LSM04_004536",1101
"JAJSEB010000048.1","Genbank","gene",800017,801471,".","+",".","ID=gene-LSM04_009290;Name=LSM04_009290;gbkey=Gene;gene_biotype=protein_coding;locus_tag=LSM04_009290",1455
"JAJSEB010000048.1","Genbank","gene",801853,802458,".","+",".","ID=gene-LSM04_004062;Name=LSM04_004062;gbkey=Gene;gene_biotype=protein_coding;locus_tag=LSM04_004062",606
"JAJSEB010000048.1","Genbank","gene",802733,803179,".","+",".","ID=gene-LSM04_008549;Name=LSM04_008549;gbkey=Gene;gene_biotype=protein_coding;locus_tag=LSM04_008549",447
"JAJSEB010000048.1","Genbank","gene",803185,804099,".","+",".","ID=gene-LSM04_000120;Name=LSM04_000120;gbkey=Gene;gene_biotype=protein_coding;locus_tag=LSM04_000120",915
"JAJSEB010000048.1","Genbank","gene",804603,805196,".","+",".","ID=gene-LSM04_002982;Name=LSM04_002982;gbkey=Gene;gene_biotype=protein_coding;locus_tag=LSM04_002982",594
"JAJSEB010000048.1","Genbank","gene",805429,806565,".","+",".","ID=gene-LSM04_006205;Name=LSM04_006205;gbkey=Gene;gene_biotype=protein_coding;locus_tag=LSM04_006205",1137
"JAJSEB010000048.1","Genbank","gene",807084,807846,".","+",".","ID=gene-LSM04_000614;Name=LSM04_000614;gbkey=Gene;gene_biotype=protein_coding;locus_tag=LSM04_000614",763
"JAJSEB010000048.1","Genbank","gene",807907,808170,".","+",".","ID=gene-LSM04_003425;Name=LSM04_003425;gbkey=Gene;gene_biotype=protein_coding;locus_tag=LSM04_003425",264
"JAJSEB010000048.1","Genbank","gene",808374,808802,".","+",".","ID=gene-LSM04_009536;Name=LSM04_009536;gbkey=Gene;gene_biotype=protein_coding;locus_tag=LSM04_009536",429
"JAJSEB010000048.1","Genbank","gene",809129,811090,".","+",".","ID=gene-LSM04_001556;Name=LSM04_001556;gbkey=Gene;gene_biotype=protein_coding;locus_tag=LSM04_001556",1962
"JAJSEB010000048.1","Genbank","gene",812235,812585,".","+",".","ID=gene-LSM04_003415;Name=LSM04_003415;gbkey=Gene;gene_biotype=protein_coding;locus_tag=LSM04_003415",351
"JAJSEB010000048.1","Genbank","gene",812854,814545,".","+",".","ID=gene-LSM04_005018;Name=LSM04_005018;gbkey=Gene;gene_biotype=protein_coding;locus_tag=LSM04_005018",1692
"JAJSEB010000048.1","Genbank","gene",815024,815829,".","+",".","ID=gene-LSM04_000101;Name=LSM04_000101;gbkey=Gene;gene_biotype=protein_coding;locus_tag=LSM04_000101",806
"JAJSEB010000048.1","Genbank","gene",816290,817633,".","+",".","ID=gene-LSM04_005227;Name=LSM04_005227;gbkey=Gene;gene_biotype=protein_coding;locus_tag=LSM04_005227",1344
"JAJSEB010000048.1","Genbank","gene",818064,818792,".","+",".","ID=gene-LSM04_000653;Name=LSM04_000653;gbkey=Gene;gene_biotype=protein_coding;locus_tag=LSM04_000653",729
"JAJSEB010000048.1","Genbank","gene",819277,820449,".","+",".","ID=gene-LSM04_002052;Name=LSM04_002052;gbkey=Gene;gene_biotype=protein_coding;locus_tag=LSM04_002052",1173
"JAJSEB010000048.1","Genbank","gene",821469,821675,".","-",".","ID=gene-LSM04_002396;Name=LSM04_002396;gbkey=Gene;gene_biotype=protein_coding;locus_tag=LSM04_002396",207
"JAJSEB010000048.1","Genbank","gene",821960,823324,".","+",".","ID=gene-LSM04_008346;Name=LSM04_008346;gbkey=Gene;gene_biotype=protein_coding;locus_tag=LSM04_008346",1365
"JAJSEB010000048.1","Genbank","gene",823808,825181,".","+",".","ID=gene-LSM04_002314;Name=LSM04_002314;gbkey=Gene;gene_biotype=protein_coding;locus_tag=LSM04_002314",1374
"JAJSEB010000048.1","Genbank","gene",825599,826024,".","+",".","ID=gene-LSM04_009766;Name=LSM04_009766;gbkey=Gene;gene_biotype=protein_coding;locus_tag=LSM04_009766",426
"JAJSEB010000048.1","Genbank","gene",827015,828604,".","+",".","ID=gene-LSM04_001443;Name=LSM04_001443;gbkey=Gene;gene_biotype=protein_coding;locus_tag=LSM04_001443",1590
"JAJSEB010000048.1","Genbank","gene",828639,828878,".","+",".","ID=gene-LSM04_001871;Name=LSM04_001871;gbkey=Gene;gene_biotype=protein_coding;locus_tag=LSM04_001871",240
"JAJSEB010000048.1","Genbank","gene",829181,829837,".","+",".","ID=gene-LSM04_001030;Name=LSM04_001030;gbkey=Gene;gene_biotype=protein_coding;locus_tag=LSM04_001030",657
"JAJSEB010000048.1","Genbank","gene",830408,831115,".","+",".","ID=gene-LSM04_002457;Name=LSM04_002457;gbkey=Gene;gene_biotype=protein_coding;locus_tag=LSM04_002457",708
"JAJSEB010000048.1","Genbank","gene",831363,833200,".","+",".","ID=gene-LSM04_004306;Name=LSM04_004306;gbkey=Gene;gene_biotype=protein_coding;locus_tag=LSM04_004306",1838
"JAJSEB010000048.1","Genbank","gene",833494,834306,".","+",".","ID=gene-LSM04_008022;Name=LSM04_008022;gbkey=Gene;gene_biotype=protein_coding;locus_tag=LSM04_008022",813
"JAJSEB010000048.1","Genbank","gene",834671,835231,".","+",".","ID=gene-LSM04_006432;Name=LSM04_006432;gbkey=Gene;gene_biotype=protein_coding;locus_tag=LSM04_006432",561
"JAJSEB010000048.1","Genbank","gene",835429,837906,".","+",".","ID=gene-LSM04_004876;Name=LSM04_004876;gbkey=Gene;gene_biotype=protein_coding;locus_tag=LSM04_004876",2478
"JAJSEB010000048.1","Genbank","gene",838276,839739,".","+",".","ID=gene-LSM04_007134;Name=LSM04_007134;gbkey=Gene;gene_biotype=protein_coding;locus_tag=LSM04_007134",1464
"JAJSEB010000048.1","Genbank","gene",840474,841961,".","+",".","ID=gene-LSM04_001230;Name=LSM04_001230;gbkey=Gene;gene_biotype=protein_coding;locus_tag=LSM04_001230",1488
"JAJSEB010000048.1","Genbank","gene",842322,843017,".","+",".","ID=gene-LSM04_004661;Name=LSM04_004661;gbkey=Gene;gene_biotype=protein_coding;locus_tag=LSM04_004661",696
"JAJSEB010000048.1","Genbank","gene",843428,843757,".","+",".","ID=gene-LSM04_004844;Name=LSM04_004844;gbkey=Gene;gene_biotype=protein_coding;locus_tag=LSM04_004844",330
"JAJSEB010000048.1","Genbank","gene",844021,844803,".","+",".","ID=gene-LSM04_006800;Name=LSM04_006800;gbkey=Gene;gene_biotype=protein_coding;locus_tag=LSM04_006800",783
"JAJSEB010000048.1","Genbank","gene",845238,846605,".","+",".","ID=gene-LSM04_007261;Name=LSM04_007261;gbkey=Gene;gene_biotype=protein_coding;locus_tag=LSM04_007261",1368
"JAJSEB010000048.1","Genbank","gene",847379,848038,".","+",".","ID=gene-LSM04_008651;Name=LSM04_008651;gbkey=Gene;gene_biotype=protein_coding;locus_tag=LSM04_008651",660
"JAJSEB010000048.1","Genbank","gene",848256,849389,".","+",".","ID=gene-LSM04_000891;Name=LSM04_000891;gbkey=Gene;gene_biotype=protein_coding;locus_tag=LSM04_000891",1134
"JAJSEB010000048.1","Genbank","gene",849704,851276,".","+",".","ID=gene-LSM04_002636;Name=LSM04_002636;gbkey=Gene;gene_biotype=protein_coding;locus_tag=LSM04_002636",1573
"JAJSEB010000048.1","Genbank","gene",851356,852243,".","+",".","ID=gene-LSM04_008719;Name=LSM04_008719;gbkey=Gene;gene_biotype=protein_coding;locus_tag=LSM04_008719",888
"JAJSEB010000048.1","Genbank","gene",852805,854333,".","+",".","ID=gene-LSM04_004566;Name=LSM04_004566;gbkey=Gene;gene_biotype=protein_coding;locus_tag=LSM04_004566",1529
"JAJSEB010000048.1","Genbank","gene",854456,855286,".","+",".","ID=gene-LSM04_006557;Name=LSM04_006557;gbkey=Gene;gene_biotype=protein_coding;locus_tag=LSM04_006557",831
"JAJSEB010000048.1","Genbank","gene",856112,856738,".","+",".","ID=gene-LSM04_004300;Name=LSM04_004300;gbkey=Gene;gene_biotype=protein_coding;locus_tag=LSM04_004300",627
"JAJSEB010000048.1","Genbank","gene",856803,858032,".","+",".","ID=gene-LSM04_007320;Name=LSM04_007320;gbkey=Gene;gene_biotype=protein_coding;locus_tag=LSM04_007320",1230
"JAJSEB010000048.1","Genbank","gene",858574,861114,".","+",".","ID=gene-LSM04_005849;Name=LSM04_005849;gbkey=Gene;gene_biotype=protein_coding;locus_tag=LSM04_005849",2541
"JAJSEB010000048.1","Genbank","gene",861676,864216,".","+",".","ID=gene-LSM04_009752;Name=LSM04_009752;gbkey=Gene;gene_biotype=protein_coding;locus_tag=LSM04_009752",2541
"JAJSEB010000048.1","Genbank","gene",864788,867328,".","+",".","ID=gene-LSM04_004100;Name=LSM04_004100;gbkey=Gene;gene_biotype=protein_coding;locus_tag=LSM04_004100",2541
"JAJSEB010000048.1","Genbank","gene",867554,868021,".","+",".","ID=gene-LSM04_007025;Name=LSM04_007025;gbkey=Gene;gene_biotype=protein_coding;locus_tag=LSM04_007025",468
"JAJSEB010000048.1","Genbank","gene",868234,868779,".","+",".","ID=gene-LSM04_007100;Name=LSM04_007100;gbkey=Gene;gene_biotype=protein_coding;locus_tag=LSM04_007100",546
"JAJSEB010000048.1","Genbank","gene",868958,869878,".","+",".","ID=gene-LSM04_007240;Name=LSM04_007240;gbkey=Gene;gene_biotype=protein_coding;locus_tag=LSM04_007240",921
"JAJSEB010000048.1","Genbank","gene",870070,871509,".","+",".","ID=gene-LSM04_001856;Name=LSM04_001856;gbkey=Gene;gene_biotype=protein_coding;locus_tag=LSM04_001856",1440
"JAJSEB010000048.1","Genbank","gene",871798,873678,".","+",".","ID=gene-LSM04_007149;Name=LSM04_007149;gbkey=Gene;gene_biotype=protein_coding;locus_tag=LSM04_007149",1881
"JAJSEB010000048.1","Genbank","gene",874050,875150,".","+",".","ID=gene-LSM04_001471;Name=LSM04_001471;gbkey=Gene;gene_biotype=protein_coding;locus_tag=LSM04_001471",1101
"JAJSEB010000048.1","Genbank","gene",875562,876500,".","+",".","ID=gene-LSM04_000921;Name=LSM04_000921;gbkey=Gene;gene_biotype=protein_coding;locus_tag=LSM04_000921",939
"JAJSEB010000048.1","Genbank","gene",876807,879737,".","+",".","ID=gene-LSM04_004499;Name=LSM04_004499;gbkey=Gene;gene_biotype=protein_coding;locus_tag=LSM04_004499",2931
"JAJSEB010000048.1","Genbank","gene",880133,882010,".","+",".","ID=gene-LSM04_003082;Name=LSM04_003082;gbkey=Gene;gene_biotype=protein_coding;locus_tag=LSM04_003082",1878
"JAJSEB010000048.1","Genbank","gene",882271,885414,".","+",".","ID=gene-LSM04_006866;Name=LSM04_006866;gbkey=Gene;gene_biotype=protein_coding;locus_tag=LSM04_006866",3144
"JAJSEB010000048.1","Genbank","gene",885710,886606,".","+",".","ID=gene-LSM04_008424;Name=LSM04_008424;gbkey=Gene;gene_biotype=protein_coding;locus_tag=LSM04_008424",897
"JAJSEB010000048.1","Genbank","gene",886814,887587,".","+",".","ID=gene-LSM04_004446;Name=LSM04_004446;gbkey=Gene;gene_biotype=protein_coding;locus_tag=LSM04_004446",774
"JAJSEB010000048.1","Genbank","gene",887826,888656,".","+",".","ID=gene-LSM04_007818;Name=LSM04_007818;gbkey=Gene;gene_biotype=protein_coding;locus_tag=LSM04_007818",831
"JAJSEB010000048.1","Genbank","gene",888967,890646,".","+",".","ID=gene-LSM04_009524;Name=LSM04_009524;gbkey=Gene;gene_biotype=protein_coding;locus_tag=LSM04_009524",1680
"JAJSEB010000048.1","Genbank","gene",891034,892758,".","+",".","ID=gene-LSM04_004665;Name=LSM04_004665;gbkey=Gene;gene_biotype=protein_coding;locus_tag=LSM04_004665",1725
"JAJSEB010000048.1","Genbank","gene",894426,894869,".","+",".","ID=gene-LSM04_000990;Name=LSM04_000990;gbkey=Gene;gene_biotype=protein_coding;locus_tag=LSM04_000990",444
"JAJSEB010000048.1","Genbank","gene",895615,895896,".","+",".","ID=gene-LSM04_004316;Name=LSM04_004316;gbkey=Gene;gene_biotype=protein_coding;locus_tag=LSM04_004316",282
"JAJSEB010000048.1","Genbank","gene",897245,899351,".","+",".","ID=gene-LSM04_003509;Name=LSM04_003509;end_range=899351,.;gbkey=Gene;gene_biotype=protein_coding;locus_tag=LSM04_003509;partial=true",2107
