"seqid","source","type","start","end","score","strand","phase","attributes","longitud"
"JAJSEB010000012.1","Genbank","gene",134184,135497,".","+",".","ID=gene-LSM04_003106;Name=LSM04_003106;gbkey=Gene;gene_biotype=protein_coding;locus_tag=LSM04_003106",1314
"JAJSEB010000012.1","Genbank","mRNA",134184,135497,".","+",".","ID=rna-gnl|WGS:JAJSEB|jg8882.t1;Parent=gene-LSM04_003106;gbkey=mRNA;locus_tag=LSM04_003106;orig_protein_id=gnl|WGS:JAJSEB|jg8882.t1.CDS1;orig_transcript_id=gnl|WGS:JAJSEB|jg8882.t1;product=hypothetical protein",1314
"JAJSEB010000012.1","Genbank","exon",134184,135497,".","+",".","ID=exon-gnl|WGS:JAJSEB|jg8882.t1-1;Parent=rna-gnl|WGS:JAJSEB|jg8882.t1;gbkey=mRNA;locus_tag=LSM04_003106;orig_protein_id=gnl|WGS:JAJSEB|jg8882.t1.CDS1;orig_transcript_id=gnl|WGS:JAJSEB|jg8882.t1;product=hypothetical protein",1314
"JAJSEB010000012.1","Genbank","CDS",134184,135497,".","+","0","ID=cds-KAH9600122.1;Parent=rna-gnl|WGS:JAJSEB|jg8882.t1;Dbxref=NCBI_GP:KAH9600122.1;Name=KAH9600122.1;gbkey=CDS;locus_tag=LSM04_003106;orig_transcript_id=gnl|WGS:JAJSEB|jg8882.t1;product=hypothetical protein;protein_id=KAH9600122.1",1314
"JAJSEB010000012.1","Genbank","gene",135932,136711,".","+",".","ID=gene-LSM04_005606;Name=LSM04_005606;gbkey=Gene;gene_biotype=protein_coding;locus_tag=LSM04_005606",780
"JAJSEB010000012.1","Genbank","mRNA",135932,136711,".","+",".","ID=rna-gnl|WGS:JAJSEB|jg8883.t1;Parent=gene-LSM04_005606;gbkey=mRNA;locus_tag=LSM04_005606;orig_protein_id=gnl|WGS:JAJSEB|jg8883.t1.CDS1;orig_transcript_id=gnl|WGS:JAJSEB|jg8883.t1;product=Acyl-CoA-binding protein",780
"JAJSEB010000012.1","Genbank","exon",135932,136711,".","+",".","ID=exon-gnl|WGS:JAJSEB|jg8883.t1-1;Parent=rna-gnl|WGS:JAJSEB|jg8883.t1;gbkey=mRNA;locus_tag=LSM04_005606;orig_protein_id=gnl|WGS:JAJSEB|jg8883.t1.CDS1;orig_transcript_id=gnl|WGS:JAJSEB|jg8883.t1;product=Acyl-CoA-binding protein",780
"JAJSEB010000012.1","Genbank","CDS",135932,136711,".","+","0","ID=cds-KAH9600168.1;Parent=rna-gnl|WGS:JAJSEB|jg8883.t1;Dbxref=NCBI_GP:KAH9600168.1;Name=KAH9600168.1;gbkey=CDS;locus_tag=LSM04_005606;orig_transcript_id=gnl|WGS:JAJSEB|jg8883.t1;product=Acyl-CoA-binding protein;protein_id=KAH9600168.1",780
"JAJSEB010000012.1","Genbank","gene",138522,139553,".","+",".","ID=gene-LSM04_007583;Name=LSM04_007583;gbkey=Gene;gene_biotype=protein_coding;locus_tag=LSM04_007583",1032
"JAJSEB010000012.1","Genbank","mRNA",138522,139553,".","+",".","ID=rna-gnl|WGS:JAJSEB|jg8884.t1;Parent=gene-LSM04_007583;gbkey=mRNA;locus_tag=LSM04_007583;orig_protein_id=gnl|WGS:JAJSEB|jg8884.t1.CDS1;orig_transcript_id=gnl|WGS:JAJSEB|jg8884.t1;product=IGP family C-type lectin domain",1032
"JAJSEB010000012.1","Genbank","exon",138522,139553,".","+",".","ID=exon-gnl|WGS:JAJSEB|jg8884.t1-1;Parent=rna-gnl|WGS:JAJSEB|jg8884.t1;gbkey=mRNA;locus_tag=LSM04_007583;orig_protein_id=gnl|WGS:JAJSEB|jg8884.t1.CDS1;orig_transcript_id=gnl|WGS:JAJSEB|jg8884.t1;product=IGP family C-type lectin domain",1032
"JAJSEB010000012.1","Genbank","CDS",138522,139553,".","+","0","ID=cds-KAH9600207.1;Parent=rna-gnl|WGS:JAJSEB|jg8884.t1;Dbxref=NCBI_GP:KAH9600207.1;Name=KAH9600207.1;gbkey=CDS;locus_tag=LSM04_007583;orig_transcript_id=gnl|WGS:JAJSEB|jg8884.t1;product=IGP family C-type lectin domain;protein_id=KAH9600207.1",1032
"JAJSEB010000012.1","Genbank","gene",139599,139802,".","+",".","ID=gene-LSM04_000552;Name=LSM04_000552;gbkey=Gene;gene_biotype=protein_coding;locus_tag=LSM04_000552",204
"JAJSEB010000012.1","Genbank","mRNA",139599,139802,".","+",".","ID=rna-gnl|WGS:JAJSEB|jg8885.t1;Parent=gene-LSM04_000552;gbkey=mRNA;locus_tag=LSM04_000552;orig_protein_id=gnl|WGS:JAJSEB|jg8885.t1.CDS1;orig_transcript_id=gnl|WGS:JAJSEB|jg8885.t1;product=hypothetical protein",204
"JAJSEB010000012.1","Genbank","exon",139599,139802,".","+",".","ID=exon-gnl|WGS:JAJSEB|jg8885.t1-1;Parent=rna-gnl|WGS:JAJSEB|jg8885.t1;gbkey=mRNA;locus_tag=LSM04_000552;orig_protein_id=gnl|WGS:JAJSEB|jg8885.t1.CDS1;orig_transcript_id=gnl|WGS:JAJSEB|jg8885.t1;product=hypothetical protein",204
"JAJSEB010000012.1","Genbank","CDS",139599,139802,".","+","0","ID=cds-KAH9600066.1;Parent=rna-gnl|WGS:JAJSEB|jg8885.t1;Dbxref=NCBI_GP:KAH9600066.1;Name=KAH9600066.1;gbkey=CDS;locus_tag=LSM04_000552;orig_transcript_id=gnl|WGS:JAJSEB|jg8885.t1;product=hypothetical protein;protein_id=KAH9600066.1",204
"JAJSEB010000012.1","Genbank","gene",141755,142786,".","+",".","ID=gene-LSM04_001973;Name=LSM04_001973;gbkey=Gene;gene_biotype=protein_coding;locus_tag=LSM04_001973",1032
"JAJSEB010000012.1","Genbank","mRNA",141755,142786,".","+",".","ID=rna-gnl|WGS:JAJSEB|jg8886.t1;Parent=gene-LSM04_001973;gbkey=mRNA;locus_tag=LSM04_001973;orig_protein_id=gnl|WGS:JAJSEB|jg8886.t1.CDS1;orig_transcript_id=gnl|WGS:JAJSEB|jg8886.t1;product=IGP family C-type lectin domain",1032
"JAJSEB010000012.1","Genbank","exon",141755,142786,".","+",".","ID=exon-gnl|WGS:JAJSEB|jg8886.t1-1;Parent=rna-gnl|WGS:JAJSEB|jg8886.t1;gbkey=mRNA;locus_tag=LSM04_001973;orig_protein_id=gnl|WGS:JAJSEB|jg8886.t1.CDS1;orig_transcript_id=gnl|WGS:JAJSEB|jg8886.t1;product=IGP family C-type lectin domain",1032
"JAJSEB010000012.1","Genbank","CDS",141755,142786,".","+","0","ID=cds-KAH9600094.1;Parent=rna-gnl|WGS:JAJSEB|jg8886.t1;Dbxref=NCBI_GP:KAH9600094.1;Name=KAH9600094.1;gbkey=CDS;locus_tag=LSM04_001973;orig_transcript_id=gnl|WGS:JAJSEB|jg8886.t1;product=IGP family C-type lectin domain;protein_id=KAH9600094.1",1032
"JAJSEB010000012.1","Genbank","gene",142832,143035,".","+",".","ID=gene-LSM04_006657;Name=LSM04_006657;gbkey=Gene;gene_biotype=protein_coding;locus_tag=LSM04_006657",204
"JAJSEB010000012.1","Genbank","mRNA",142832,143035,".","+",".","ID=rna-gnl|WGS:JAJSEB|jg8887.t1;Parent=gene-LSM04_006657;gbkey=mRNA;locus_tag=LSM04_006657;orig_protein_id=gnl|WGS:JAJSEB|jg8887.t1.CDS1;orig_transcript_id=gnl|WGS:JAJSEB|jg8887.t1;product=hypothetical protein",204
"JAJSEB010000012.1","Genbank","exon",142832,143035,".","+",".","ID=exon-gnl|WGS:JAJSEB|jg8887.t1-1;Parent=rna-gnl|WGS:JAJSEB|jg8887.t1;gbkey=mRNA;locus_tag=LSM04_006657;orig_protein_id=gnl|WGS:JAJSEB|jg8887.t1.CDS1;orig_transcript_id=gnl|WGS:JAJSEB|jg8887.t1;product=hypothetical protein",204
"JAJSEB010000012.1","Genbank","CDS",142832,143035,".","+","0","ID=cds-KAH9600185.1;Parent=rna-gnl|WGS:JAJSEB|jg8887.t1;Dbxref=NCBI_GP:KAH9600185.1;Name=KAH9600185.1;gbkey=CDS;locus_tag=LSM04_006657;orig_transcript_id=gnl|WGS:JAJSEB|jg8887.t1;product=hypothetical protein;protein_id=KAH9600185.1",204
"JAJSEB010000012.1","Genbank","gene",144983,146262,".","+",".","ID=gene-LSM04_002627;Name=LSM04_002627;gbkey=Gene;gene_biotype=protein_coding;locus_tag=LSM04_002627",1280
"JAJSEB010000012.1","Genbank","mRNA",144983,146262,".","+",".","ID=rna-gnl|WGS:JAJSEB|jg8888.t1;Parent=gene-LSM04_002627;gbkey=mRNA;locus_tag=LSM04_002627;orig_protein_id=gnl|WGS:JAJSEB|jg8888.t1.CDS1;orig_transcript_id=gnl|WGS:JAJSEB|jg8888.t1;product=IGP family C-type lectin domain",1280
"JAJSEB010000012.1","Genbank","exon",144983,145529,".","+",".","ID=exon-gnl|WGS:JAJSEB|jg8888.t1-1;Parent=rna-gnl|WGS:JAJSEB|jg8888.t1;gbkey=mRNA;locus_tag=LSM04_002627;orig_protein_id=gnl|WGS:JAJSEB|jg8888.t1.CDS1;orig_transcript_id=gnl|WGS:JAJSEB|jg8888.t1;product=IGP family C-type lectin domain",547
"JAJSEB010000012.1","Genbank","exon",145592,146262,".","+",".","ID=exon-gnl|WGS:JAJSEB|jg8888.t1-2;Parent=rna-gnl|WGS:JAJSEB|jg8888.t1;gbkey=mRNA;locus_tag=LSM04_002627;orig_protein_id=gnl|WGS:JAJSEB|jg8888.t1.CDS1;orig_transcript_id=gnl|WGS:JAJSEB|jg8888.t1;product=IGP family C-type lectin domain",671
"JAJSEB010000012.1","Genbank","CDS",144983,145529,".","+","0","ID=cds-KAH9600113.1;Parent=rna-gnl|WGS:JAJSEB|jg8888.t1;Dbxref=NCBI_GP:KAH9600113.1;Name=KAH9600113.1;gbkey=CDS;locus_tag=LSM04_002627;orig_transcript_id=gnl|WGS:JAJSEB|jg8888.t1;product=IGP family C-type lectin domain;protein_id=KAH9600113.1",547
"JAJSEB010000012.1","Genbank","CDS",145592,146262,".","+","2","ID=cds-KAH9600113.1;Parent=rna-gnl|WGS:JAJSEB|jg8888.t1;Dbxref=NCBI_GP:KAH9600113.1;Name=KAH9600113.1;gbkey=CDS;locus_tag=LSM04_002627;orig_transcript_id=gnl|WGS:JAJSEB|jg8888.t1;product=IGP family C-type lectin domain;protein_id=KAH9600113.1",671
"JAJSEB010000012.1","Genbank","gene",146956,148233,".","+",".","ID=gene-LSM04_003828;Name=LSM04_003828;gbkey=Gene;gene_biotype=protein_coding;locus_tag=LSM04_003828",1278
"JAJSEB010000012.1","Genbank","mRNA",146956,148233,".","+",".","ID=rna-gnl|WGS:JAJSEB|jg8889.t1;Parent=gene-LSM04_003828;gbkey=mRNA;locus_tag=LSM04_003828;orig_protein_id=gnl|WGS:JAJSEB|jg8889.t1.CDS1;orig_transcript_id=gnl|WGS:JAJSEB|jg8889.t1;product=IGP family C-type lectin domain",1278
"JAJSEB010000012.1","Genbank","exon",146956,148233,".","+",".","ID=exon-gnl|WGS:JAJSEB|jg8889.t1-1;Parent=rna-gnl|WGS:JAJSEB|jg8889.t1;gbkey=mRNA;locus_tag=LSM04_003828;orig_protein_id=gnl|WGS:JAJSEB|jg8889.t1.CDS1;orig_transcript_id=gnl|WGS:JAJSEB|jg8889.t1;product=IGP family C-type lectin domain",1278
"JAJSEB010000012.1","Genbank","CDS",146956,148233,".","+","0","ID=cds-KAH9600138.1;Parent=rna-gnl|WGS:JAJSEB|jg8889.t1;Dbxref=NCBI_GP:KAH9600138.1;Name=KAH9600138.1;gbkey=CDS;locus_tag=LSM04_003828;orig_transcript_id=gnl|WGS:JAJSEB|jg8889.t1;product=IGP family C-type lectin domain;protein_id=KAH9600138.1",1278
"JAJSEB010000012.1","Genbank","gene",149419,150525,".","+",".","ID=gene-LSM04_009517;Name=LSM04_009517;gbkey=Gene;gene_biotype=protein_coding;locus_tag=LSM04_009517",1107
"JAJSEB010000012.1","Genbank","mRNA",149419,150525,".","+",".","ID=rna-gnl|WGS:JAJSEB|jg8890.t1;Parent=gene-LSM04_009517;gbkey=mRNA;locus_tag=LSM04_009517;orig_protein_id=gnl|WGS:JAJSEB|jg8890.t1.CDS1;orig_transcript_id=gnl|WGS:JAJSEB|jg8890.t1;product=IGP family C-type lectin domain",1107
"JAJSEB010000012.1","Genbank","exon",149419,150525,".","+",".","ID=exon-gnl|WGS:JAJSEB|jg8890.t1-1;Parent=rna-gnl|WGS:JAJSEB|jg8890.t1;gbkey=mRNA;locus_tag=LSM04_009517;orig_protein_id=gnl|WGS:JAJSEB|jg8890.t1.CDS1;orig_transcript_id=gnl|WGS:JAJSEB|jg8890.t1;product=IGP family C-type lectin domain",1107
"JAJSEB010000012.1","Genbank","CDS",149419,150525,".","+","0","ID=cds-KAH9600233.1;Parent=rna-gnl|WGS:JAJSEB|jg8890.t1;Dbxref=NCBI_GP:KAH9600233.1;Name=KAH9600233.1;gbkey=CDS;locus_tag=LSM04_009517;orig_transcript_id=gnl|WGS:JAJSEB|jg8890.t1;product=IGP family C-type lectin domain;protein_id=KAH9600233.1",1107
"JAJSEB010000012.1","Genbank","gene",151336,152385,".","+",".","ID=gene-LSM04_002287;Name=LSM04_002287;gbkey=Gene;gene_biotype=protein_coding;locus_tag=LSM04_002287",1050
"JAJSEB010000012.1","Genbank","mRNA",151336,152385,".","+",".","ID=rna-gnl|WGS:JAJSEB|jg8891.t1;Parent=gene-LSM04_002287;gbkey=mRNA;locus_tag=LSM04_002287;orig_protein_id=gnl|WGS:JAJSEB|jg8891.t1.CDS1;orig_transcript_id=gnl|WGS:JAJSEB|jg8891.t1;product=IGP family C-type lectin domain",1050
"JAJSEB010000012.1","Genbank","exon",151336,152385,".","+",".","ID=exon-gnl|WGS:JAJSEB|jg8891.t1-1;Parent=rna-gnl|WGS:JAJSEB|jg8891.t1;gbkey=mRNA;locus_tag=LSM04_002287;orig_protein_id=gnl|WGS:JAJSEB|jg8891.t1.CDS1;orig_transcript_id=gnl|WGS:JAJSEB|jg8891.t1;product=IGP family C-type lectin domain",1050
"JAJSEB010000012.1","Genbank","CDS",151336,152385,".","+","0","ID=cds-KAH9600100.1;Parent=rna-gnl|WGS:JAJSEB|jg8891.t1;Dbxref=NCBI_GP:KAH9600100.1;Name=KAH9600100.1;gbkey=CDS;locus_tag=LSM04_002287;orig_transcript_id=gnl|WGS:JAJSEB|jg8891.t1;product=IGP family C-type lectin domain;protein_id=KAH9600100.1",1050
"JAJSEB010000012.1","Genbank","gene",153079,153621,".","+",".","ID=gene-LSM04_008949;Name=LSM04_008949;gbkey=Gene;gene_biotype=protein_coding;locus_tag=LSM04_008949",543
"JAJSEB010000012.1","Genbank","mRNA",153079,153621,".","+",".","ID=rna-gnl|WGS:JAJSEB|jg8892.t1;Parent=gene-LSM04_008949;gbkey=mRNA;locus_tag=LSM04_008949;orig_protein_id=gnl|WGS:JAJSEB|jg8892.t1.CDS1;orig_transcript_id=gnl|WGS:JAJSEB|jg8892.t1;product=Complex 1 LYR protein",543
"JAJSEB010000012.1","Genbank","exon",153079,153621,".","+",".","ID=exon-gnl|WGS:JAJSEB|jg8892.t1-1;Parent=rna-gnl|WGS:JAJSEB|jg8892.t1;gbkey=mRNA;locus_tag=LSM04_008949;orig_protein_id=gnl|WGS:JAJSEB|jg8892.t1.CDS1;orig_transcript_id=gnl|WGS:JAJSEB|jg8892.t1;product=Complex 1 LYR protein",543
"JAJSEB010000012.1","Genbank","CDS",153079,153621,".","+","0","ID=cds-KAH9600222.1;Parent=rna-gnl|WGS:JAJSEB|jg8892.t1;Dbxref=NCBI_GP:KAH9600222.1;Name=KAH9600222.1;gbkey=CDS;locus_tag=LSM04_008949;orig_transcript_id=gnl|WGS:JAJSEB|jg8892.t1;product=Complex 1 LYR protein;protein_id=KAH9600222.1",543
"JAJSEB010000012.1","Genbank","gene",153869,154921,".","+",".","ID=gene-LSM04_002960;Name=LSM04_002960;gbkey=Gene;gene_biotype=protein_coding;locus_tag=LSM04_002960",1053
"JAJSEB010000012.1","Genbank","mRNA",153869,154921,".","+",".","ID=rna-gnl|WGS:JAJSEB|jg8893.t1;Parent=gene-LSM04_002960;gbkey=mRNA;locus_tag=LSM04_002960;orig_protein_id=gnl|WGS:JAJSEB|jg8893.t1.CDS1;orig_transcript_id=gnl|WGS:JAJSEB|jg8893.t1;product=hypothetical protein",1053
"JAJSEB010000012.1","Genbank","exon",153869,154921,".","+",".","ID=exon-gnl|WGS:JAJSEB|jg8893.t1-1;Parent=rna-gnl|WGS:JAJSEB|jg8893.t1;gbkey=mRNA;locus_tag=LSM04_002960;orig_protein_id=gnl|WGS:JAJSEB|jg8893.t1.CDS1;orig_transcript_id=gnl|WGS:JAJSEB|jg8893.t1;product=hypothetical protein",1053
"JAJSEB010000012.1","Genbank","CDS",153869,154921,".","+","0","ID=cds-KAH9600118.1;Parent=rna-gnl|WGS:JAJSEB|jg8893.t1;Dbxref=NCBI_GP:KAH9600118.1;Name=KAH9600118.1;gbkey=CDS;locus_tag=LSM04_002960;orig_transcript_id=gnl|WGS:JAJSEB|jg8893.t1;product=hypothetical protein;protein_id=KAH9600118.1",1053
"JAJSEB010000012.1","Genbank","gene",155267,156148,".","+",".","ID=gene-LSM04_009619;Name=LSM04_009619;gbkey=Gene;gene_biotype=protein_coding;locus_tag=LSM04_009619",882
"JAJSEB010000012.1","Genbank","mRNA",155267,156148,".","+",".","ID=rna-gnl|WGS:JAJSEB|jg8894.t1;Parent=gene-LSM04_009619;gbkey=mRNA;locus_tag=LSM04_009619;orig_protein_id=gnl|WGS:JAJSEB|jg8894.t1.CDS1;orig_transcript_id=gnl|WGS:JAJSEB|jg8894.t1;product=GPN-loop GTPase",882
"JAJSEB010000012.1","Genbank","exon",155267,156148,".","+",".","ID=exon-gnl|WGS:JAJSEB|jg8894.t1-1;Parent=rna-gnl|WGS:JAJSEB|jg8894.t1;gbkey=mRNA;locus_tag=LSM04_009619;orig_protein_id=gnl|WGS:JAJSEB|jg8894.t1.CDS1;orig_transcript_id=gnl|WGS:JAJSEB|jg8894.t1;product=GPN-loop GTPase",882
"JAJSEB010000012.1","Genbank","CDS",155267,156148,".","+","0","ID=cds-KAH9600235.1;Parent=rna-gnl|WGS:JAJSEB|jg8894.t1;Dbxref=NCBI_GP:KAH9600235.1;Name=KAH9600235.1;gbkey=CDS;locus_tag=LSM04_009619;orig_transcript_id=gnl|WGS:JAJSEB|jg8894.t1;product=GPN-loop GTPase;protein_id=KAH9600235.1",882
"JAJSEB010000012.1","Genbank","gene",157122,158324,".","+",".","ID=gene-LSM04_001357;Name=LSM04_001357;gbkey=Gene;gene_biotype=protein_coding;locus_tag=LSM04_001357",1203
"JAJSEB010000012.1","Genbank","mRNA",157122,158324,".","+",".","ID=rna-gnl|WGS:JAJSEB|jg8895.t1;Parent=gene-LSM04_001357;gbkey=mRNA;locus_tag=LSM04_001357;orig_protein_id=gnl|WGS:JAJSEB|jg8895.t1.CDS1;orig_transcript_id=gnl|WGS:JAJSEB|jg8895.t1;product=DNA/RNA non-specific endonuclease",1203
"JAJSEB010000012.1","Genbank","exon",157122,158324,".","+",".","ID=exon-gnl|WGS:JAJSEB|jg8895.t1-1;Parent=rna-gnl|WGS:JAJSEB|jg8895.t1;gbkey=mRNA;locus_tag=LSM04_001357;orig_protein_id=gnl|WGS:JAJSEB|jg8895.t1.CDS1;orig_transcript_id=gnl|WGS:JAJSEB|jg8895.t1;product=DNA/RNA non-specific endonuclease",1203
"JAJSEB010000012.1","Genbank","CDS",157122,158324,".","+","0","ID=cds-KAH9600084.1;Parent=rna-gnl|WGS:JAJSEB|jg8895.t1;Dbxref=NCBI_GP:KAH9600084.1;Name=KAH9600084.1;gbkey=CDS;locus_tag=LSM04_001357;orig_transcript_id=gnl|WGS:JAJSEB|jg8895.t1;product=DNA/RNA non-specific endonuclease;protein_id=KAH9600084.1",1203
"JAJSEB010000012.1","Genbank","gene",159584,162193,".","+",".","ID=gene-LSM04_009368;Name=LSM04_009368;gbkey=Gene;gene_biotype=protein_coding;locus_tag=LSM04_009368",2610
"JAJSEB010000012.1","Genbank","mRNA",159584,162193,".","+",".","ID=rna-gnl|WGS:JAJSEB|jg8896.t1;Parent=gene-LSM04_009368;gbkey=mRNA;locus_tag=LSM04_009368;orig_protein_id=gnl|WGS:JAJSEB|jg8896.t1.CDS1;orig_transcript_id=gnl|WGS:JAJSEB|jg8896.t1;product=hypothetical protein",2610
"JAJSEB010000012.1","Genbank","exon",159584,162193,".","+",".","ID=exon-gnl|WGS:JAJSEB|jg8896.t1-1;Parent=rna-gnl|WGS:JAJSEB|jg8896.t1;gbkey=mRNA;locus_tag=LSM04_009368;orig_protein_id=gnl|WGS:JAJSEB|jg8896.t1.CDS1;orig_transcript_id=gnl|WGS:JAJSEB|jg8896.t1;product=hypothetical protein",2610
"JAJSEB010000012.1","Genbank","CDS",159584,162193,".","+","0","ID=cds-KAH9600231.1;Parent=rna-gnl|WGS:JAJSEB|jg8896.t1;Dbxref=NCBI_GP:KAH9600231.1;Name=KAH9600231.1;gbkey=CDS;locus_tag=LSM04_009368;orig_transcript_id=gnl|WGS:JAJSEB|jg8896.t1;product=hypothetical protein;protein_id=KAH9600231.1",2610
"JAJSEB010000012.1","Genbank","gene",163209,163676,".","+",".","ID=gene-LSM04_006782;Name=LSM04_006782;gbkey=Gene;gene_biotype=protein_coding;locus_tag=LSM04_006782",468
"JAJSEB010000012.1","Genbank","mRNA",163209,163676,".","+",".","ID=rna-gnl|WGS:JAJSEB|jg8897.t1;Parent=gene-LSM04_006782;gbkey=mRNA;locus_tag=LSM04_006782;orig_protein_id=gnl|WGS:JAJSEB|jg8897.t1.CDS1;orig_transcript_id=gnl|WGS:JAJSEB|jg8897.t1;product=hypothetical protein",468
"JAJSEB010000012.1","Genbank","exon",163209,163676,".","+",".","ID=exon-gnl|WGS:JAJSEB|jg8897.t1-1;Parent=rna-gnl|WGS:JAJSEB|jg8897.t1;gbkey=mRNA;locus_tag=LSM04_006782;orig_protein_id=gnl|WGS:JAJSEB|jg8897.t1.CDS1;orig_transcript_id=gnl|WGS:JAJSEB|jg8897.t1;product=hypothetical protein",468
"JAJSEB010000012.1","Genbank","CDS",163209,163676,".","+","0","ID=cds-KAH9600188.1;Parent=rna-gnl|WGS:JAJSEB|jg8897.t1;Dbxref=NCBI_GP:KAH9600188.1;Name=KAH9600188.1;gbkey=CDS;locus_tag=LSM04_006782;orig_transcript_id=gnl|WGS:JAJSEB|jg8897.t1;product=hypothetical protein;protein_id=KAH9600188.1",468
"JAJSEB010000012.1","Genbank","gene",164733,164972,".","+",".","ID=gene-LSM04_001667;Name=LSM04_001667;gbkey=Gene;gene_biotype=protein_coding;locus_tag=LSM04_001667",240
"JAJSEB010000012.1","Genbank","mRNA",164733,164972,".","+",".","ID=rna-gnl|WGS:JAJSEB|jg8898.t1;Parent=gene-LSM04_001667;gbkey=mRNA;locus_tag=LSM04_001667;orig_protein_id=gnl|WGS:JAJSEB|jg8898.t1.CDS1;orig_transcript_id=gnl|WGS:JAJSEB|jg8898.t1;product=hypothetical protein",240
"JAJSEB010000012.1","Genbank","exon",164733,164972,".","+",".","ID=exon-gnl|WGS:JAJSEB|jg8898.t1-1;Parent=rna-gnl|WGS:JAJSEB|jg8898.t1;gbkey=mRNA;locus_tag=LSM04_001667;orig_protein_id=gnl|WGS:JAJSEB|jg8898.t1.CDS1;orig_transcript_id=gnl|WGS:JAJSEB|jg8898.t1;product=hypothetical protein",240
"JAJSEB010000012.1","Genbank","CDS",164733,164972,".","+","0","ID=cds-KAH9600089.1;Parent=rna-gnl|WGS:JAJSEB|jg8898.t1;Dbxref=NCBI_GP:KAH9600089.1;Name=KAH9600089.1;gbkey=CDS;locus_tag=LSM04_001667;orig_transcript_id=gnl|WGS:JAJSEB|jg8898.t1;product=hypothetical protein;protein_id=KAH9600089.1",240
"JAJSEB010000012.1","Genbank","gene",166296,167609,".","+",".","ID=gene-LSM04_000323;Name=LSM04_000323;gbkey=Gene;gene_biotype=protein_coding;locus_tag=LSM04_000323",1314
"JAJSEB010000012.1","Genbank","mRNA",166296,167609,".","+",".","ID=rna-gnl|WGS:JAJSEB|jg8899.t1;Parent=gene-LSM04_000323;gbkey=mRNA;locus_tag=LSM04_000323;orig_protein_id=gnl|WGS:JAJSEB|jg8899.t1.CDS1;orig_transcript_id=gnl|WGS:JAJSEB|jg8899.t1;product=thiamine pyrophosphokinase",1314
"JAJSEB010000012.1","Genbank","exon",166296,167609,".","+",".","ID=exon-gnl|WGS:JAJSEB|jg8899.t1-1;Parent=rna-gnl|WGS:JAJSEB|jg8899.t1;gbkey=mRNA;locus_tag=LSM04_000323;orig_protein_id=gnl|WGS:JAJSEB|jg8899.t1.CDS1;orig_transcript_id=gnl|WGS:JAJSEB|jg8899.t1;product=thiamine pyrophosphokinase",1314
"JAJSEB010000012.1","Genbank","CDS",166296,167609,".","+","0","ID=cds-KAH9600059.1;Parent=rna-gnl|WGS:JAJSEB|jg8899.t1;Dbxref=NCBI_GP:KAH9600059.1;Name=KAH9600059.1;gbkey=CDS;locus_tag=LSM04_000323;orig_transcript_id=gnl|WGS:JAJSEB|jg8899.t1;product=thiamine pyrophosphokinase;protein_id=KAH9600059.1",1314
"JAJSEB010000012.1","Genbank","gene",170382,171203,".","+",".","ID=gene-LSM04_000342;Name=LSM04_000342;gbkey=Gene;gene_biotype=protein_coding;locus_tag=LSM04_000342",822
"JAJSEB010000012.1","Genbank","mRNA",170382,171203,".","+",".","ID=rna-gnl|WGS:JAJSEB|jg8900.t1;Parent=gene-LSM04_000342;gbkey=mRNA;locus_tag=LSM04_000342;orig_protein_id=gnl|WGS:JAJSEB|jg8900.t1.CDS1;orig_transcript_id=gnl|WGS:JAJSEB|jg8900.t1;product=Ribosomal protein S4e",822
"JAJSEB010000012.1","Genbank","exon",170382,171203,".","+",".","ID=exon-gnl|WGS:JAJSEB|jg8900.t1-1;Parent=rna-gnl|WGS:JAJSEB|jg8900.t1;gbkey=mRNA;locus_tag=LSM04_000342;orig_protein_id=gnl|WGS:JAJSEB|jg8900.t1.CDS1;orig_transcript_id=gnl|WGS:JAJSEB|jg8900.t1;product=Ribosomal protein S4e",822
"JAJSEB010000012.1","Genbank","CDS",170382,171203,".","+","0","ID=cds-KAH9600060.1;Parent=rna-gnl|WGS:JAJSEB|jg8900.t1;Dbxref=NCBI_GP:KAH9600060.1;Name=KAH9600060.1;gbkey=CDS;locus_tag=LSM04_000342;orig_transcript_id=gnl|WGS:JAJSEB|jg8900.t1;product=Ribosomal protein S4e;protein_id=KAH9600060.1",822
"JAJSEB010000012.1","Genbank","gene",171505,172890,".","+",".","ID=gene-LSM04_007332;Name=LSM04_007332;gbkey=Gene;gene_biotype=protein_coding;locus_tag=LSM04_007332",1386
"JAJSEB010000012.1","Genbank","mRNA",171505,172890,".","+",".","ID=rna-gnl|WGS:JAJSEB|jg8901.t1;Parent=gene-LSM04_007332;gbkey=mRNA;locus_tag=LSM04_007332;orig_protein_id=gnl|WGS:JAJSEB|jg8901.t1.CDS1;orig_transcript_id=gnl|WGS:JAJSEB|jg8901.t1;product=Equilibrative nucleoside transporter",1386
"JAJSEB010000012.1","Genbank","exon",171505,172890,".","+",".","ID=exon-gnl|WGS:JAJSEB|jg8901.t1-1;Parent=rna-gnl|WGS:JAJSEB|jg8901.t1;gbkey=mRNA;locus_tag=LSM04_007332;orig_protein_id=gnl|WGS:JAJSEB|jg8901.t1.CDS1;orig_transcript_id=gnl|WGS:JAJSEB|jg8901.t1;product=Equilibrative nucleoside transporter",1386
"JAJSEB010000012.1","Genbank","CDS",171505,172890,".","+","0","ID=cds-KAH9600201.1;Parent=rna-gnl|WGS:JAJSEB|jg8901.t1;Dbxref=NCBI_GP:KAH9600201.1;Name=KAH9600201.1;gbkey=CDS;locus_tag=LSM04_007332;orig_transcript_id=gnl|WGS:JAJSEB|jg8901.t1;product=Equilibrative nucleoside transporter;protein_id=KAH9600201.1",1386
"JAJSEB010000012.1","Genbank","gene",174606,175190,".","+",".","ID=gene-LSM04_001228;Name=LSM04_001228;gbkey=Gene;gene_biotype=protein_coding;locus_tag=LSM04_001228",585
"JAJSEB010000012.1","Genbank","mRNA",174606,175190,".","+",".","ID=rna-gnl|WGS:JAJSEB|jg8902.t1;Parent=gene-LSM04_001228;gbkey=mRNA;locus_tag=LSM04_001228;orig_protein_id=gnl|WGS:JAJSEB|jg8902.t1.CDS1;orig_transcript_id=gnl|WGS:JAJSEB|jg8902.t1;product=hypothetical protein",585
"JAJSEB010000012.1","Genbank","exon",174606,175190,".","+",".","ID=exon-gnl|WGS:JAJSEB|jg8902.t1-1;Parent=rna-gnl|WGS:JAJSEB|jg8902.t1;gbkey=mRNA;locus_tag=LSM04_001228;orig_protein_id=gnl|WGS:JAJSEB|jg8902.t1.CDS1;orig_transcript_id=gnl|WGS:JAJSEB|jg8902.t1;product=hypothetical protein",585
"JAJSEB010000012.1","Genbank","CDS",174606,175190,".","+","0","ID=cds-KAH9600079.1;Parent=rna-gnl|WGS:JAJSEB|jg8902.t1;Dbxref=NCBI_GP:KAH9600079.1;Name=KAH9600079.1;gbkey=CDS;locus_tag=LSM04_001228;orig_transcript_id=gnl|WGS:JAJSEB|jg8902.t1;product=hypothetical protein;protein_id=KAH9600079.1",585
"JAJSEB010000012.1","Genbank","gene",175212,175955,".","+",".","ID=gene-LSM04_001987;Name=LSM04_001987;gbkey=Gene;gene_biotype=protein_coding;locus_tag=LSM04_001987",744
"JAJSEB010000012.1","Genbank","mRNA",175212,175955,".","+",".","ID=rna-gnl|WGS:JAJSEB|jg8903.t1;Parent=gene-LSM04_001987;gbkey=mRNA;locus_tag=LSM04_001987;orig_protein_id=gnl|WGS:JAJSEB|jg8903.t1.CDS1;orig_transcript_id=gnl|WGS:JAJSEB|jg8903.t1;product=Equilibrative nucleoside transporter",744
"JAJSEB010000012.1","Genbank","exon",175212,175955,".","+",".","ID=exon-gnl|WGS:JAJSEB|jg8903.t1-1;Parent=rna-gnl|WGS:JAJSEB|jg8903.t1;gbkey=mRNA;locus_tag=LSM04_001987;orig_protein_id=gnl|WGS:JAJSEB|jg8903.t1.CDS1;orig_transcript_id=gnl|WGS:JAJSEB|jg8903.t1;product=Equilibrative nucleoside transporter",744
"JAJSEB010000012.1","Genbank","CDS",175212,175955,".","+","0","ID=cds-KAH9600095.1;Parent=rna-gnl|WGS:JAJSEB|jg8903.t1;Dbxref=NCBI_GP:KAH9600095.1;Name=KAH9600095.1;gbkey=CDS;locus_tag=LSM04_001987;orig_transcript_id=gnl|WGS:JAJSEB|jg8903.t1;product=Equilibrative nucleoside transporter;protein_id=KAH9600095.1",744
"JAJSEB010000012.1","Genbank","gene",177359,177916,".","+",".","ID=gene-LSM04_003366;Name=LSM04_003366;gbkey=Gene;gene_biotype=protein_coding;locus_tag=LSM04_003366",558
"JAJSEB010000012.1","Genbank","mRNA",177359,177916,".","+",".","ID=rna-gnl|WGS:JAJSEB|jg8904.t1;Parent=gene-LSM04_003366;gbkey=mRNA;locus_tag=LSM04_003366;orig_protein_id=gnl|WGS:JAJSEB|jg8904.t1.CDS1;orig_transcript_id=gnl|WGS:JAJSEB|jg8904.t1;product=hypothetical protein",558
"JAJSEB010000012.1","Genbank","exon",177359,177916,".","+",".","ID=exon-gnl|WGS:JAJSEB|jg8904.t1-1;Parent=rna-gnl|WGS:JAJSEB|jg8904.t1;gbkey=mRNA;locus_tag=LSM04_003366;orig_protein_id=gnl|WGS:JAJSEB|jg8904.t1.CDS1;orig_transcript_id=gnl|WGS:JAJSEB|jg8904.t1;product=hypothetical protein",558
"JAJSEB010000012.1","Genbank","CDS",177359,177916,".","+","0","ID=cds-KAH9600126.1;Parent=rna-gnl|WGS:JAJSEB|jg8904.t1;Dbxref=NCBI_GP:KAH9600126.1;Name=KAH9600126.1;gbkey=CDS;locus_tag=LSM04_003366;orig_transcript_id=gnl|WGS:JAJSEB|jg8904.t1;product=hypothetical protein;protein_id=KAH9600126.1",558
"JAJSEB010000012.1","Genbank","gene",178389,178757,".","+",".","ID=gene-LSM04_002964;Name=LSM04_002964;gbkey=Gene;gene_biotype=protein_coding;locus_tag=LSM04_002964",369
"JAJSEB010000012.1","Genbank","mRNA",178389,178757,".","+",".","ID=rna-gnl|WGS:JAJSEB|jg8905.t1;Parent=gene-LSM04_002964;gbkey=mRNA;locus_tag=LSM04_002964;orig_protein_id=gnl|WGS:JAJSEB|jg8905.t1.CDS1;orig_transcript_id=gnl|WGS:JAJSEB|jg8905.t1;product=hypothetical protein",369
"JAJSEB010000012.1","Genbank","exon",178389,178757,".","+",".","ID=exon-gnl|WGS:JAJSEB|jg8905.t1-1;Parent=rna-gnl|WGS:JAJSEB|jg8905.t1;gbkey=mRNA;locus_tag=LSM04_002964;orig_protein_id=gnl|WGS:JAJSEB|jg8905.t1.CDS1;orig_transcript_id=gnl|WGS:JAJSEB|jg8905.t1;product=hypothetical protein",369
"JAJSEB010000012.1","Genbank","CDS",178389,178757,".","+","0","ID=cds-KAH9600119.1;Parent=rna-gnl|WGS:JAJSEB|jg8905.t1;Dbxref=NCBI_GP:KAH9600119.1;Name=KAH9600119.1;gbkey=CDS;locus_tag=LSM04_002964;orig_transcript_id=gnl|WGS:JAJSEB|jg8905.t1;product=hypothetical protein;protein_id=KAH9600119.1",369
"JAJSEB010000012.1","Genbank","gene",180393,182270,".","+",".","ID=gene-LSM04_003368;Name=LSM04_003368;gbkey=Gene;gene_biotype=protein_coding;locus_tag=LSM04_003368",1878
"JAJSEB010000012.1","Genbank","mRNA",180393,182270,".","+",".","ID=rna-gnl|WGS:JAJSEB|jg8906.t1;Parent=gene-LSM04_003368;gbkey=mRNA;locus_tag=LSM04_003368;orig_protein_id=gnl|WGS:JAJSEB|jg8906.t1.CDS1;orig_transcript_id=gnl|WGS:JAJSEB|jg8906.t1;product=Adenylosuccinate synthetase",1878
"JAJSEB010000012.1","Genbank","exon",180393,182270,".","+",".","ID=exon-gnl|WGS:JAJSEB|jg8906.t1-1;Parent=rna-gnl|WGS:JAJSEB|jg8906.t1;gbkey=mRNA;locus_tag=LSM04_003368;orig_protein_id=gnl|WGS:JAJSEB|jg8906.t1.CDS1;orig_transcript_id=gnl|WGS:JAJSEB|jg8906.t1;product=Adenylosuccinate synthetase",1878
"JAJSEB010000012.1","Genbank","CDS",180393,182270,".","+","0","ID=cds-KAH9600127.1;Parent=rna-gnl|WGS:JAJSEB|jg8906.t1;Dbxref=NCBI_GP:KAH9600127.1;Name=KAH9600127.1;gbkey=CDS;locus_tag=LSM04_003368;orig_transcript_id=gnl|WGS:JAJSEB|jg8906.t1;product=Adenylosuccinate synthetase;protein_id=KAH9600127.1",1878
"JAJSEB010000012.1","Genbank","gene",183851,184204,".","+",".","ID=gene-LSM04_007835;Name=LSM04_007835;gbkey=Gene;gene_biotype=protein_coding;locus_tag=LSM04_007835",354
"JAJSEB010000012.1","Genbank","mRNA",183851,184204,".","+",".","ID=rna-gnl|WGS:JAJSEB|jg8907.t1;Parent=gene-LSM04_007835;gbkey=mRNA;locus_tag=LSM04_007835;orig_protein_id=gnl|WGS:JAJSEB|jg8907.t1.CDS1;orig_transcript_id=gnl|WGS:JAJSEB|jg8907.t1;product=Tctex-1",354
"JAJSEB010000012.1","Genbank","exon",183851,184204,".","+",".","ID=exon-gnl|WGS:JAJSEB|jg8907.t1-1;Parent=rna-gnl|WGS:JAJSEB|jg8907.t1;gbkey=mRNA;locus_tag=LSM04_007835;orig_protein_id=gnl|WGS:JAJSEB|jg8907.t1.CDS1;orig_transcript_id=gnl|WGS:JAJSEB|jg8907.t1;product=Tctex-1",354
"JAJSEB010000012.1","Genbank","CDS",183851,184204,".","+","0","ID=cds-KAH9600210.1;Parent=rna-gnl|WGS:JAJSEB|jg8907.t1;Dbxref=NCBI_GP:KAH9600210.1;Name=KAH9600210.1;gbkey=CDS;locus_tag=LSM04_007835;orig_transcript_id=gnl|WGS:JAJSEB|jg8907.t1;product=Tctex-1;protein_id=KAH9600210.1",354
"JAJSEB010000012.1","Genbank","gene",184903,186639,".","+",".","ID=gene-LSM04_001639;Name=LSM04_001639;gbkey=Gene;gene_biotype=protein_coding;locus_tag=LSM04_001639",1737
"JAJSEB010000012.1","Genbank","mRNA",184903,186639,".","+",".","ID=rna-gnl|WGS:JAJSEB|jg8908.t1;Parent=gene-LSM04_001639;gbkey=mRNA;locus_tag=LSM04_001639;orig_protein_id=gnl|WGS:JAJSEB|jg8908.t1.CDS1;orig_transcript_id=gnl|WGS:JAJSEB|jg8908.t1;product=Mitochondrial glycoprotein",1737
"JAJSEB010000012.1","Genbank","exon",184903,186639,".","+",".","ID=exon-gnl|WGS:JAJSEB|jg8908.t1-1;Parent=rna-gnl|WGS:JAJSEB|jg8908.t1;gbkey=mRNA;locus_tag=LSM04_001639;orig_protein_id=gnl|WGS:JAJSEB|jg8908.t1.CDS1;orig_transcript_id=gnl|WGS:JAJSEB|jg8908.t1;product=Mitochondrial glycoprotein",1737
"JAJSEB010000012.1","Genbank","CDS",184903,186639,".","+","0","ID=cds-KAH9600088.1;Parent=rna-gnl|WGS:JAJSEB|jg8908.t1;Dbxref=NCBI_GP:KAH9600088.1;Name=KAH9600088.1;gbkey=CDS;locus_tag=LSM04_001639;orig_transcript_id=gnl|WGS:JAJSEB|jg8908.t1;product=Mitochondrial glycoprotein;protein_id=KAH9600088.1",1737
"JAJSEB010000012.1","Genbank","gene",187142,187714,".","+",".","ID=gene-LSM04_009149;Name=LSM04_009149;gbkey=Gene;gene_biotype=protein_coding;locus_tag=LSM04_009149",573
"JAJSEB010000012.1","Genbank","mRNA",187142,187714,".","+",".","ID=rna-gnl|WGS:JAJSEB|jg8909.t1;Parent=gene-LSM04_009149;gbkey=mRNA;locus_tag=LSM04_009149;orig_protein_id=gnl|WGS:JAJSEB|jg8909.t1.CDS1;orig_transcript_id=gnl|WGS:JAJSEB|jg8909.t1;product=EF-hand domain",573
"JAJSEB010000012.1","Genbank","exon",187142,187714,".","+",".","ID=exon-gnl|WGS:JAJSEB|jg8909.t1-1;Parent=rna-gnl|WGS:JAJSEB|jg8909.t1;gbkey=mRNA;locus_tag=LSM04_009149;orig_protein_id=gnl|WGS:JAJSEB|jg8909.t1.CDS1;orig_transcript_id=gnl|WGS:JAJSEB|jg8909.t1;product=EF-hand domain",573
"JAJSEB010000012.1","Genbank","CDS",187142,187714,".","+","0","ID=cds-KAH9600226.1;Parent=rna-gnl|WGS:JAJSEB|jg8909.t1;Dbxref=NCBI_GP:KAH9600226.1;Name=KAH9600226.1;gbkey=CDS;locus_tag=LSM04_009149;orig_transcript_id=gnl|WGS:JAJSEB|jg8909.t1;product=EF-hand domain;protein_id=KAH9600226.1",573
"JAJSEB010000012.1","Genbank","gene",188391,189566,".","+",".","ID=gene-LSM04_001970;Name=LSM04_001970;gbkey=Gene;gene_biotype=protein_coding;locus_tag=LSM04_001970",1176
"JAJSEB010000012.1","Genbank","mRNA",188391,189566,".","+",".","ID=rna-gnl|WGS:JAJSEB|jg8910.t1;Parent=gene-LSM04_001970;gbkey=mRNA;locus_tag=LSM04_001970;orig_protein_id=gnl|WGS:JAJSEB|jg8910.t1.CDS1;orig_transcript_id=gnl|WGS:JAJSEB|jg8910.t1;product=Alpha/beta hydrolase fold-1",1176
"JAJSEB010000012.1","Genbank","exon",188391,189566,".","+",".","ID=exon-gnl|WGS:JAJSEB|jg8910.t1-1;Parent=rna-gnl|WGS:JAJSEB|jg8910.t1;gbkey=mRNA;locus_tag=LSM04_001970;orig_protein_id=gnl|WGS:JAJSEB|jg8910.t1.CDS1;orig_transcript_id=gnl|WGS:JAJSEB|jg8910.t1;product=Alpha/beta hydrolase fold-1",1176
"JAJSEB010000012.1","Genbank","CDS",188391,189566,".","+","0","ID=cds-KAH9600093.1;Parent=rna-gnl|WGS:JAJSEB|jg8910.t1;Dbxref=NCBI_GP:KAH9600093.1;Name=KAH9600093.1;gbkey=CDS;locus_tag=LSM04_001970;orig_transcript_id=gnl|WGS:JAJSEB|jg8910.t1;product=Alpha/beta hydrolase fold-1;protein_id=KAH9600093.1",1176
"JAJSEB010000012.1","Genbank","gene",190051,191733,".","+",".","ID=gene-LSM04_007841;Name=LSM04_007841;gbkey=Gene;gene_biotype=protein_coding;locus_tag=LSM04_007841",1683
"JAJSEB010000012.1","Genbank","mRNA",190051,191733,".","+",".","ID=rna-gnl|WGS:JAJSEB|jg8911.t1;Parent=gene-LSM04_007841;gbkey=mRNA;locus_tag=LSM04_007841;orig_protein_id=gnl|WGS:JAJSEB|jg8911.t1.CDS1;orig_transcript_id=gnl|WGS:JAJSEB|jg8911.t1;product=protein of unknown function DUF155",1683
"JAJSEB010000012.1","Genbank","exon",190051,191733,".","+",".","ID=exon-gnl|WGS:JAJSEB|jg8911.t1-1;Parent=rna-gnl|WGS:JAJSEB|jg8911.t1;gbkey=mRNA;locus_tag=LSM04_007841;orig_protein_id=gnl|WGS:JAJSEB|jg8911.t1.CDS1;orig_transcript_id=gnl|WGS:JAJSEB|jg8911.t1;product=protein of unknown function DUF155",1683
"JAJSEB010000012.1","Genbank","CDS",190051,191733,".","+","0","ID=cds-KAH9600211.1;Parent=rna-gnl|WGS:JAJSEB|jg8911.t1;Dbxref=NCBI_GP:KAH9600211.1;Name=KAH9600211.1;gbkey=CDS;locus_tag=LSM04_007841;orig_transcript_id=gnl|WGS:JAJSEB|jg8911.t1;product=protein of unknown function DUF155;protein_id=KAH9600211.1",1683
"JAJSEB010000012.1","Genbank","gene",192394,192627,".","+",".","ID=gene-LSM04_002857;Name=LSM04_002857;gbkey=Gene;gene_biotype=protein_coding;locus_tag=LSM04_002857",234
"JAJSEB010000012.1","Genbank","mRNA",192394,192627,".","+",".","ID=rna-gnl|WGS:JAJSEB|jg8912.t1;Parent=gene-LSM04_002857;gbkey=mRNA;locus_tag=LSM04_002857;orig_protein_id=gnl|WGS:JAJSEB|jg8912.t1.CDS1;orig_transcript_id=gnl|WGS:JAJSEB|jg8912.t1;product=DNA-directed RNA polymerase",234
"JAJSEB010000012.1","Genbank","exon",192394,192627,".","+",".","ID=exon-gnl|WGS:JAJSEB|jg8912.t1-1;Parent=rna-gnl|WGS:JAJSEB|jg8912.t1;gbkey=mRNA;locus_tag=LSM04_002857;orig_protein_id=gnl|WGS:JAJSEB|jg8912.t1.CDS1;orig_transcript_id=gnl|WGS:JAJSEB|jg8912.t1;product=DNA-directed RNA polymerase",234
"JAJSEB010000012.1","Genbank","CDS",192394,192627,".","+","0","ID=cds-KAH9600117.1;Parent=rna-gnl|WGS:JAJSEB|jg8912.t1;Dbxref=NCBI_GP:KAH9600117.1;Name=KAH9600117.1;gbkey=CDS;locus_tag=LSM04_002857;orig_transcript_id=gnl|WGS:JAJSEB|jg8912.t1;product=DNA-directed RNA polymerase;protein_id=KAH9600117.1",234
"JAJSEB010000012.1","Genbank","gene",193232,194758,".","+",".","ID=gene-LSM04_002802;Name=LSM04_002802;gbkey=Gene;gene_biotype=protein_coding;locus_tag=LSM04_002802",1527
"JAJSEB010000012.1","Genbank","mRNA",193232,194758,".","+",".","ID=rna-gnl|WGS:JAJSEB|jg8913.t1;Parent=gene-LSM04_002802;gbkey=mRNA;locus_tag=LSM04_002802;orig_protein_id=gnl|WGS:JAJSEB|jg8913.t1.CDS1;orig_transcript_id=gnl|WGS:JAJSEB|jg8913.t1;product=hypothetical protein",1527
"JAJSEB010000012.1","Genbank","exon",193232,194758,".","+",".","ID=exon-gnl|WGS:JAJSEB|jg8913.t1-1;Parent=rna-gnl|WGS:JAJSEB|jg8913.t1;gbkey=mRNA;locus_tag=LSM04_002802;orig_protein_id=gnl|WGS:JAJSEB|jg8913.t1.CDS1;orig_transcript_id=gnl|WGS:JAJSEB|jg8913.t1;product=hypothetical protein",1527
"JAJSEB010000012.1","Genbank","CDS",193232,194758,".","+","0","ID=cds-KAH9600115.1;Parent=rna-gnl|WGS:JAJSEB|jg8913.t1;Dbxref=NCBI_GP:KAH9600115.1;Name=KAH9600115.1;gbkey=CDS;locus_tag=LSM04_002802;orig_transcript_id=gnl|WGS:JAJSEB|jg8913.t1;product=hypothetical protein;protein_id=KAH9600115.1",1527
"JAJSEB010000012.1","Genbank","gene",196529,198565,".","+",".","ID=gene-LSM04_001458;Name=LSM04_001458;gbkey=Gene;gene_biotype=protein_coding;locus_tag=LSM04_001458",2037
"JAJSEB010000012.1","Genbank","mRNA",196529,198565,".","+",".","ID=rna-gnl|WGS:JAJSEB|jg8914.t1;Parent=gene-LSM04_001458;gbkey=mRNA;locus_tag=LSM04_001458;orig_protein_id=gnl|WGS:JAJSEB|jg8914.t1.CDS1;orig_transcript_id=gnl|WGS:JAJSEB|jg8914.t1;product=hypothetical protein",2037
"JAJSEB010000012.1","Genbank","exon",196529,198565,".","+",".","ID=exon-gnl|WGS:JAJSEB|jg8914.t1-1;Parent=rna-gnl|WGS:JAJSEB|jg8914.t1;gbkey=mRNA;locus_tag=LSM04_001458;orig_protein_id=gnl|WGS:JAJSEB|jg8914.t1.CDS1;orig_transcript_id=gnl|WGS:JAJSEB|jg8914.t1;product=hypothetical protein",2037
"JAJSEB010000012.1","Genbank","CDS",196529,198565,".","+","0","ID=cds-KAH9600086.1;Parent=rna-gnl|WGS:JAJSEB|jg8914.t1;Dbxref=NCBI_GP:KAH9600086.1;Name=KAH9600086.1;gbkey=CDS;locus_tag=LSM04_001458;orig_transcript_id=gnl|WGS:JAJSEB|jg8914.t1;product=hypothetical protein;protein_id=KAH9600086.1",2037
"JAJSEB010000012.1","Genbank","gene",201198,204428,".","+",".","ID=gene-LSM04_000667;Name=LSM04_000667;gbkey=Gene;gene_biotype=protein_coding;locus_tag=LSM04_000667",3231
"JAJSEB010000012.1","Genbank","mRNA",201198,204428,".","+",".","ID=rna-gnl|WGS:JAJSEB|jg8915.t1;Parent=gene-LSM04_000667;gbkey=mRNA;locus_tag=LSM04_000667;orig_protein_id=gnl|WGS:JAJSEB|jg8915.t1.CDS1;orig_transcript_id=gnl|WGS:JAJSEB|jg8915.t1;product=Aminoacyl-tRNA synthetase",3231
"JAJSEB010000012.1","Genbank","exon",201198,204428,".","+",".","ID=exon-gnl|WGS:JAJSEB|jg8915.t1-1;Parent=rna-gnl|WGS:JAJSEB|jg8915.t1;gbkey=mRNA;locus_tag=LSM04_000667;orig_protein_id=gnl|WGS:JAJSEB|jg8915.t1.CDS1;orig_transcript_id=gnl|WGS:JAJSEB|jg8915.t1;product=Aminoacyl-tRNA synthetase",3231
"JAJSEB010000012.1","Genbank","CDS",201198,204428,".","+","0","ID=cds-KAH9600073.1;Parent=rna-gnl|WGS:JAJSEB|jg8915.t1;Dbxref=NCBI_GP:KAH9600073.1;Name=KAH9600073.1;gbkey=CDS;locus_tag=LSM04_000667;orig_transcript_id=gnl|WGS:JAJSEB|jg8915.t1;product=Aminoacyl-tRNA synthetase;protein_id=KAH9600073.1",3231
"JAJSEB010000012.1","Genbank","gene",204822,205181,".","+",".","ID=gene-LSM04_007956;Name=LSM04_007956;gbkey=Gene;gene_biotype=protein_coding;locus_tag=LSM04_007956",360
"JAJSEB010000012.1","Genbank","mRNA",204822,205181,".","+",".","ID=rna-gnl|WGS:JAJSEB|jg8916.t1;Parent=gene-LSM04_007956;gbkey=mRNA;locus_tag=LSM04_007956;orig_protein_id=gnl|WGS:JAJSEB|jg8916.t1.CDS1;orig_transcript_id=gnl|WGS:JAJSEB|jg8916.t1;product=hypothetical protein",360
"JAJSEB010000012.1","Genbank","exon",204822,205181,".","+",".","ID=exon-gnl|WGS:JAJSEB|jg8916.t1-1;Parent=rna-gnl|WGS:JAJSEB|jg8916.t1;gbkey=mRNA;locus_tag=LSM04_007956;orig_protein_id=gnl|WGS:JAJSEB|jg8916.t1.CDS1;orig_transcript_id=gnl|WGS:JAJSEB|jg8916.t1;product=hypothetical protein",360
"JAJSEB010000012.1","Genbank","CDS",204822,205181,".","+","0","ID=cds-KAH9600213.1;Parent=rna-gnl|WGS:JAJSEB|jg8916.t1;Dbxref=NCBI_GP:KAH9600213.1;Name=KAH9600213.1;gbkey=CDS;locus_tag=LSM04_007956;orig_transcript_id=gnl|WGS:JAJSEB|jg8916.t1;product=hypothetical protein;protein_id=KAH9600213.1",360
"JAJSEB010000012.1","Genbank","gene",205751,207064,".","+",".","ID=gene-LSM04_007212;Name=LSM04_007212;gbkey=Gene;gene_biotype=protein_coding;locus_tag=LSM04_007212",1314
"JAJSEB010000012.1","Genbank","mRNA",205751,207064,".","+",".","ID=rna-gnl|WGS:JAJSEB|jg8917.t1;Parent=gene-LSM04_007212;gbkey=mRNA;locus_tag=LSM04_007212;orig_protein_id=gnl|WGS:JAJSEB|jg8917.t1.CDS1;orig_transcript_id=gnl|WGS:JAJSEB|jg8917.t1;product=ATPase",1314
"JAJSEB010000012.1","Genbank","exon",205751,207064,".","+",".","ID=exon-gnl|WGS:JAJSEB|jg8917.t1-1;Parent=rna-gnl|WGS:JAJSEB|jg8917.t1;gbkey=mRNA;locus_tag=LSM04_007212;orig_protein_id=gnl|WGS:JAJSEB|jg8917.t1.CDS1;orig_transcript_id=gnl|WGS:JAJSEB|jg8917.t1;product=ATPase",1314
"JAJSEB010000012.1","Genbank","CDS",205751,207064,".","+","0","ID=cds-KAH9600199.1;Parent=rna-gnl|WGS:JAJSEB|jg8917.t1;Dbxref=NCBI_GP:KAH9600199.1;Name=KAH9600199.1;gbkey=CDS;locus_tag=LSM04_007212;orig_transcript_id=gnl|WGS:JAJSEB|jg8917.t1;product=ATPase;protein_id=KAH9600199.1",1314
"JAJSEB010000012.1","Genbank","gene",208080,211778,".","+",".","ID=gene-LSM04_005547;Name=LSM04_005547;gbkey=Gene;gene_biotype=protein_coding;locus_tag=LSM04_005547",3699
"JAJSEB010000012.1","Genbank","mRNA",208080,211778,".","+",".","ID=rna-gnl|WGS:JAJSEB|jg8918.t1;Parent=gene-LSM04_005547;gbkey=mRNA;locus_tag=LSM04_005547;orig_protein_id=gnl|WGS:JAJSEB|jg8918.t1.CDS1;orig_transcript_id=gnl|WGS:JAJSEB|jg8918.t1;product=hypothetical protein",3699
"JAJSEB010000012.1","Genbank","exon",208080,211778,".","+",".","ID=exon-gnl|WGS:JAJSEB|jg8918.t1-1;Parent=rna-gnl|WGS:JAJSEB|jg8918.t1;gbkey=mRNA;locus_tag=LSM04_005547;orig_protein_id=gnl|WGS:JAJSEB|jg8918.t1.CDS1;orig_transcript_id=gnl|WGS:JAJSEB|jg8918.t1;product=hypothetical protein",3699
"JAJSEB010000012.1","Genbank","CDS",208080,211778,".","+","0","ID=cds-KAH9600167.1;Parent=rna-gnl|WGS:JAJSEB|jg8918.t1;Dbxref=NCBI_GP:KAH9600167.1;Name=KAH9600167.1;gbkey=CDS;locus_tag=LSM04_005547;orig_transcript_id=gnl|WGS:JAJSEB|jg8918.t1;product=hypothetical protein;protein_id=KAH9600167.1",3699
"JAJSEB010000012.1","Genbank","gene",213682,214686,".","+",".","ID=gene-LSM04_002502;Name=LSM04_002502;gbkey=Gene;gene_biotype=protein_coding;locus_tag=LSM04_002502",1005
"JAJSEB010000012.1","Genbank","mRNA",213682,214686,".","+",".","ID=rna-gnl|WGS:JAJSEB|jg8919.t1;Parent=gene-LSM04_002502;gbkey=mRNA;locus_tag=LSM04_002502;orig_protein_id=gnl|WGS:JAJSEB|jg8919.t1.CDS1;orig_transcript_id=gnl|WGS:JAJSEB|jg8919.t1;product=Flavoprotein pyridine nucleotide cytochrome reductase-like",1005
"JAJSEB010000012.1","Genbank","exon",213682,214686,".","+",".","ID=exon-gnl|WGS:JAJSEB|jg8919.t1-1;Parent=rna-gnl|WGS:JAJSEB|jg8919.t1;gbkey=mRNA;locus_tag=LSM04_002502;orig_protein_id=gnl|WGS:JAJSEB|jg8919.t1.CDS1;orig_transcript_id=gnl|WGS:JAJSEB|jg8919.t1;product=Flavoprotein pyridine nucleotide cytochrome reductase-like",1005
"JAJSEB010000012.1","Genbank","CDS",213682,214686,".","+","0","ID=cds-KAH9600107.1;Parent=rna-gnl|WGS:JAJSEB|jg8919.t1;Dbxref=NCBI_GP:KAH9600107.1;Name=KAH9600107.1;gbkey=CDS;locus_tag=LSM04_002502;orig_transcript_id=gnl|WGS:JAJSEB|jg8919.t1;product=Flavoprotein pyridine nucleotide cytochrome reductase-like;protein_id=KAH9600107.1",1005
"JAJSEB010000012.1","Genbank","gene",216255,217991,".","+",".","ID=gene-LSM04_002616;Name=LSM04_002616;gbkey=Gene;gene_biotype=protein_coding;locus_tag=LSM04_002616",1737
"JAJSEB010000012.1","Genbank","mRNA",216255,217991,".","+",".","ID=rna-gnl|WGS:JAJSEB|jg8920.t1;Parent=gene-LSM04_002616;gbkey=mRNA;locus_tag=LSM04_002616;orig_protein_id=gnl|WGS:JAJSEB|jg8920.t1.CDS1;orig_transcript_id=gnl|WGS:JAJSEB|jg8920.t1;product=hypothetical protein",1737
"JAJSEB010000012.1","Genbank","exon",216255,217991,".","+",".","ID=exon-gnl|WGS:JAJSEB|jg8920.t1-1;Parent=rna-gnl|WGS:JAJSEB|jg8920.t1;gbkey=mRNA;locus_tag=LSM04_002616;orig_protein_id=gnl|WGS:JAJSEB|jg8920.t1.CDS1;orig_transcript_id=gnl|WGS:JAJSEB|jg8920.t1;product=hypothetical protein",1737
"JAJSEB010000012.1","Genbank","CDS",216255,217991,".","+","0","ID=cds-KAH9600111.1;Parent=rna-gnl|WGS:JAJSEB|jg8920.t1;Dbxref=NCBI_GP:KAH9600111.1;Name=KAH9600111.1;gbkey=CDS;locus_tag=LSM04_002616;orig_transcript_id=gnl|WGS:JAJSEB|jg8920.t1;product=hypothetical protein;protein_id=KAH9600111.1",1737
"JAJSEB010000012.1","Genbank","gene",219172,220041,".","+",".","ID=gene-LSM04_005497;Name=LSM04_005497;gbkey=Gene;gene_biotype=protein_coding;locus_tag=LSM04_005497",870
"JAJSEB010000012.1","Genbank","mRNA",219172,220041,".","+",".","ID=rna-gnl|WGS:JAJSEB|jg8921.t1;Parent=gene-LSM04_005497;gbkey=mRNA;locus_tag=LSM04_005497;orig_protein_id=gnl|WGS:JAJSEB|jg8921.t1.CDS1;orig_transcript_id=gnl|WGS:JAJSEB|jg8921.t1;product=Dpy-30 motif",870
"JAJSEB010000012.1","Genbank","exon",219172,220041,".","+",".","ID=exon-gnl|WGS:JAJSEB|jg8921.t1-1;Parent=rna-gnl|WGS:JAJSEB|jg8921.t1;gbkey=mRNA;locus_tag=LSM04_005497;orig_protein_id=gnl|WGS:JAJSEB|jg8921.t1.CDS1;orig_transcript_id=gnl|WGS:JAJSEB|jg8921.t1;product=Dpy-30 motif",870
"JAJSEB010000012.1","Genbank","CDS",219172,220041,".","+","0","ID=cds-KAH9600165.1;Parent=rna-gnl|WGS:JAJSEB|jg8921.t1;Dbxref=NCBI_GP:KAH9600165.1;Name=KAH9600165.1;gbkey=CDS;locus_tag=LSM04_005497;orig_transcript_id=gnl|WGS:JAJSEB|jg8921.t1;product=Dpy-30 motif;protein_id=KAH9600165.1",870
"JAJSEB010000012.1","Genbank","gene",220552,225165,".","+",".","ID=gene-LSM04_000472;Name=LSM04_000472;gbkey=Gene;gene_biotype=protein_coding;locus_tag=LSM04_000472",4614
"JAJSEB010000012.1","Genbank","mRNA",220552,225165,".","+",".","ID=rna-gnl|WGS:JAJSEB|jg8922.t1;Parent=gene-LSM04_000472;gbkey=mRNA;locus_tag=LSM04_000472;orig_protein_id=gnl|WGS:JAJSEB|jg8922.t1.CDS1;orig_transcript_id=gnl|WGS:JAJSEB|jg8922.t1;product=Peptidase S8/S53 domain",4614
"JAJSEB010000012.1","Genbank","exon",220552,225165,".","+",".","ID=exon-gnl|WGS:JAJSEB|jg8922.t1-1;Parent=rna-gnl|WGS:JAJSEB|jg8922.t1;gbkey=mRNA;locus_tag=LSM04_000472;orig_protein_id=gnl|WGS:JAJSEB|jg8922.t1.CDS1;orig_transcript_id=gnl|WGS:JAJSEB|jg8922.t1;product=Peptidase S8/S53 domain",4614
"JAJSEB010000012.1","Genbank","CDS",220552,225165,".","+","0","ID=cds-KAH9600064.1;Parent=rna-gnl|WGS:JAJSEB|jg8922.t1;Dbxref=NCBI_GP:KAH9600064.1;Name=KAH9600064.1;gbkey=CDS;locus_tag=LSM04_000472;orig_transcript_id=gnl|WGS:JAJSEB|jg8922.t1;product=Peptidase S8/S53 domain;protein_id=KAH9600064.1",4614
"JAJSEB010000012.1","Genbank","gene",225647,226657,".","+",".","ID=gene-LSM04_003850;Name=LSM04_003850;gbkey=Gene;gene_biotype=protein_coding;locus_tag=LSM04_003850",1011
"JAJSEB010000012.1","Genbank","mRNA",225647,226657,".","+",".","ID=rna-gnl|WGS:JAJSEB|jg8923.t1;Parent=gene-LSM04_003850;gbkey=mRNA;locus_tag=LSM04_003850;orig_protein_id=gnl|WGS:JAJSEB|jg8923.t1.CDS1;orig_transcript_id=gnl|WGS:JAJSEB|jg8923.t1;product=hypothetical protein",1011
"JAJSEB010000012.1","Genbank","exon",225647,226657,".","+",".","ID=exon-gnl|WGS:JAJSEB|jg8923.t1-1;Parent=rna-gnl|WGS:JAJSEB|jg8923.t1;gbkey=mRNA;locus_tag=LSM04_003850;orig_protein_id=gnl|WGS:JAJSEB|jg8923.t1.CDS1;orig_transcript_id=gnl|WGS:JAJSEB|jg8923.t1;product=hypothetical protein",1011
"JAJSEB010000012.1","Genbank","CDS",225647,226657,".","+","0","ID=cds-KAH9600140.1;Parent=rna-gnl|WGS:JAJSEB|jg8923.t1;Dbxref=NCBI_GP:KAH9600140.1;Name=KAH9600140.1;gbkey=CDS;locus_tag=LSM04_003850;orig_transcript_id=gnl|WGS:JAJSEB|jg8923.t1;product=hypothetical protein;protein_id=KAH9600140.1",1011
"JAJSEB010000012.1","Genbank","gene",227418,230390,".","+",".","ID=gene-LSM04_000374;Name=LSM04_000374;gbkey=Gene;gene_biotype=protein_coding;locus_tag=LSM04_000374",2973
"JAJSEB010000012.1","Genbank","mRNA",227418,230390,".","+",".","ID=rna-gnl|WGS:JAJSEB|jg8924.t1;Parent=gene-LSM04_000374;gbkey=mRNA;locus_tag=LSM04_000374;orig_protein_id=gnl|WGS:JAJSEB|jg8924.t1.CDS1;orig_transcript_id=gnl|WGS:JAJSEB|jg8924.t1;product=Mannosyltransferase 1",2973
"JAJSEB010000012.1","Genbank","exon",227418,230390,".","+",".","ID=exon-gnl|WGS:JAJSEB|jg8924.t1-1;Parent=rna-gnl|WGS:JAJSEB|jg8924.t1;gbkey=mRNA;locus_tag=LSM04_000374;orig_protein_id=gnl|WGS:JAJSEB|jg8924.t1.CDS1;orig_transcript_id=gnl|WGS:JAJSEB|jg8924.t1;product=Mannosyltransferase 1",2973
"JAJSEB010000012.1","Genbank","CDS",227418,230390,".","+","0","ID=cds-KAH9600061.1;Parent=rna-gnl|WGS:JAJSEB|jg8924.t1;Dbxref=NCBI_GP:KAH9600061.1;Name=KAH9600061.1;gbkey=CDS;locus_tag=LSM04_000374;orig_transcript_id=gnl|WGS:JAJSEB|jg8924.t1;product=Mannosyltransferase 1;protein_id=KAH9600061.1",2973
"JAJSEB010000012.1","Genbank","gene",234289,235110,".","+",".","ID=gene-LSM04_005153;Name=LSM04_005153;gbkey=Gene;gene_biotype=protein_coding;locus_tag=LSM04_005153",822
"JAJSEB010000012.1","Genbank","mRNA",234289,235110,".","+",".","ID=rna-gnl|WGS:JAJSEB|jg8925.t1;Parent=gene-LSM04_005153;gbkey=mRNA;locus_tag=LSM04_005153;orig_protein_id=gnl|WGS:JAJSEB|jg8925.t1.CDS1;orig_transcript_id=gnl|WGS:JAJSEB|jg8925.t1;product=hypothetical protein",822
"JAJSEB010000012.1","Genbank","exon",234289,235110,".","+",".","ID=exon-gnl|WGS:JAJSEB|jg8925.t1-1;Parent=rna-gnl|WGS:JAJSEB|jg8925.t1;gbkey=mRNA;locus_tag=LSM04_005153;orig_protein_id=gnl|WGS:JAJSEB|jg8925.t1.CDS1;orig_transcript_id=gnl|WGS:JAJSEB|jg8925.t1;product=hypothetical protein",822
"JAJSEB010000012.1","Genbank","CDS",234289,235110,".","+","0","ID=cds-KAH9600160.1;Parent=rna-gnl|WGS:JAJSEB|jg8925.t1;Dbxref=NCBI_GP:KAH9600160.1;Name=KAH9600160.1;gbkey=CDS;locus_tag=LSM04_005153;orig_transcript_id=gnl|WGS:JAJSEB|jg8925.t1;product=hypothetical protein;protein_id=KAH9600160.1",822
"JAJSEB010000012.1","Genbank","gene",235479,236774,".","+",".","ID=gene-LSM04_004088;Name=LSM04_004088;gbkey=Gene;gene_biotype=protein_coding;locus_tag=LSM04_004088",1296
"JAJSEB010000012.1","Genbank","mRNA",235479,236774,".","+",".","ID=rna-gnl|WGS:JAJSEB|jg8926.t1;Parent=gene-LSM04_004088;gbkey=mRNA;locus_tag=LSM04_004088;orig_protein_id=gnl|WGS:JAJSEB|jg8926.t1.CDS1;orig_transcript_id=gnl|WGS:JAJSEB|jg8926.t1;product=hypothetical protein",1296
"JAJSEB010000012.1","Genbank","exon",235479,236774,".","+",".","ID=exon-gnl|WGS:JAJSEB|jg8926.t1-1;Parent=rna-gnl|WGS:JAJSEB|jg8926.t1;gbkey=mRNA;locus_tag=LSM04_004088;orig_protein_id=gnl|WGS:JAJSEB|jg8926.t1.CDS1;orig_transcript_id=gnl|WGS:JAJSEB|jg8926.t1;product=hypothetical protein",1296
"JAJSEB010000012.1","Genbank","CDS",235479,236774,".","+","0","ID=cds-KAH9600143.1;Parent=rna-gnl|WGS:JAJSEB|jg8926.t1;Dbxref=NCBI_GP:KAH9600143.1;Name=KAH9600143.1;gbkey=CDS;locus_tag=LSM04_004088;orig_transcript_id=gnl|WGS:JAJSEB|jg8926.t1;product=hypothetical protein;protein_id=KAH9600143.1",1296
"JAJSEB010000012.1","Genbank","gene",237557,239092,".","+",".","ID=gene-LSM04_001247;Name=LSM04_001247;gbkey=Gene;gene_biotype=protein_coding;locus_tag=LSM04_001247",1536
"JAJSEB010000012.1","Genbank","mRNA",237557,239092,".","+",".","ID=rna-gnl|WGS:JAJSEB|jg8927.t1;Parent=gene-LSM04_001247;gbkey=mRNA;locus_tag=LSM04_001247;orig_protein_id=gnl|WGS:JAJSEB|jg8927.t1.CDS1;orig_transcript_id=gnl|WGS:JAJSEB|jg8927.t1;product=hypothetical protein",1536
"JAJSEB010000012.1","Genbank","exon",237557,239092,".","+",".","ID=exon-gnl|WGS:JAJSEB|jg8927.t1-1;Parent=rna-gnl|WGS:JAJSEB|jg8927.t1;gbkey=mRNA;locus_tag=LSM04_001247;orig_protein_id=gnl|WGS:JAJSEB|jg8927.t1.CDS1;orig_transcript_id=gnl|WGS:JAJSEB|jg8927.t1;product=hypothetical protein",1536
"JAJSEB010000012.1","Genbank","CDS",237557,239092,".","+","0","ID=cds-KAH9600080.1;Parent=rna-gnl|WGS:JAJSEB|jg8927.t1;Dbxref=NCBI_GP:KAH9600080.1;Name=KAH9600080.1;gbkey=CDS;locus_tag=LSM04_001247;orig_transcript_id=gnl|WGS:JAJSEB|jg8927.t1;product=hypothetical protein;protein_id=KAH9600080.1",1536
"JAJSEB010000012.1","Genbank","gene",239929,244788,".","+",".","ID=gene-LSM04_004965;Name=LSM04_004965;gbkey=Gene;gene_biotype=protein_coding;locus_tag=LSM04_004965",4860
"JAJSEB010000012.1","Genbank","mRNA",239929,244788,".","+",".","ID=rna-gnl|WGS:JAJSEB|jg8928.t1;Parent=gene-LSM04_004965;gbkey=mRNA;locus_tag=LSM04_004965;orig_protein_id=gnl|WGS:JAJSEB|jg8928.t1.CDS1;orig_transcript_id=gnl|WGS:JAJSEB|jg8928.t1;product=Adenosine/AMP deaminase domain",4860
"JAJSEB010000012.1","Genbank","exon",239929,240268,".","+",".","ID=exon-gnl|WGS:JAJSEB|jg8928.t1-1;Parent=rna-gnl|WGS:JAJSEB|jg8928.t1;gbkey=mRNA;locus_tag=LSM04_004965;orig_protein_id=gnl|WGS:JAJSEB|jg8928.t1.CDS1;orig_transcript_id=gnl|WGS:JAJSEB|jg8928.t1;product=Adenosine/AMP deaminase domain",340
"JAJSEB010000012.1","Genbank","exon",240392,244788,".","+",".","ID=exon-gnl|WGS:JAJSEB|jg8928.t1-2;Parent=rna-gnl|WGS:JAJSEB|jg8928.t1;gbkey=mRNA;locus_tag=LSM04_004965;orig_protein_id=gnl|WGS:JAJSEB|jg8928.t1.CDS1;orig_transcript_id=gnl|WGS:JAJSEB|jg8928.t1;product=Adenosine/AMP deaminase domain",4397
"JAJSEB010000012.1","Genbank","CDS",239929,240268,".","+","0","ID=cds-KAH9600156.1;Parent=rna-gnl|WGS:JAJSEB|jg8928.t1;Dbxref=NCBI_GP:KAH9600156.1;Name=KAH9600156.1;gbkey=CDS;locus_tag=LSM04_004965;orig_transcript_id=gnl|WGS:JAJSEB|jg8928.t1;product=Adenosine/AMP deaminase domain;protein_id=KAH9600156.1",340
"JAJSEB010000012.1","Genbank","CDS",240392,244788,".","+","2","ID=cds-KAH9600156.1;Parent=rna-gnl|WGS:JAJSEB|jg8928.t1;Dbxref=NCBI_GP:KAH9600156.1;Name=KAH9600156.1;gbkey=CDS;locus_tag=LSM04_004965;orig_transcript_id=gnl|WGS:JAJSEB|jg8928.t1;product=Adenosine/AMP deaminase domain;protein_id=KAH9600156.1",4397
"JAJSEB010000012.1","Genbank","gene",245567,247453,".","+",".","ID=gene-LSM04_009703;Name=LSM04_009703;gbkey=Gene;gene_biotype=protein_coding;locus_tag=LSM04_009703",1887
"JAJSEB010000012.1","Genbank","mRNA",245567,247453,".","+",".","ID=rna-gnl|WGS:JAJSEB|jg8929.t1;Parent=gene-LSM04_009703;gbkey=mRNA;locus_tag=LSM04_009703;orig_protein_id=gnl|WGS:JAJSEB|jg8929.t1.CDS1;orig_transcript_id=gnl|WGS:JAJSEB|jg8929.t1;product=hypothetical protein",1887
"JAJSEB010000012.1","Genbank","exon",245567,247453,".","+",".","ID=exon-gnl|WGS:JAJSEB|jg8929.t1-1;Parent=rna-gnl|WGS:JAJSEB|jg8929.t1;gbkey=mRNA;locus_tag=LSM04_009703;orig_protein_id=gnl|WGS:JAJSEB|jg8929.t1.CDS1;orig_transcript_id=gnl|WGS:JAJSEB|jg8929.t1;product=hypothetical protein",1887
"JAJSEB010000012.1","Genbank","CDS",245567,247453,".","+","0","ID=cds-KAH9600238.1;Parent=rna-gnl|WGS:JAJSEB|jg8929.t1;Dbxref=NCBI_GP:KAH9600238.1;Name=KAH9600238.1;gbkey=CDS;locus_tag=LSM04_009703;orig_transcript_id=gnl|WGS:JAJSEB|jg8929.t1;product=hypothetical protein;protein_id=KAH9600238.1",1887
"JAJSEB010000012.1","Genbank","gene",248516,250282,".","+",".","ID=gene-LSM04_009045;Name=LSM04_009045;gbkey=Gene;gene_biotype=protein_coding;locus_tag=LSM04_009045",1767
"JAJSEB010000012.1","Genbank","mRNA",248516,250282,".","+",".","ID=rna-gnl|WGS:JAJSEB|jg8930.t1;Parent=gene-LSM04_009045;gbkey=mRNA;locus_tag=LSM04_009045;orig_protein_id=gnl|WGS:JAJSEB|jg8930.t1.CDS1;orig_transcript_id=gnl|WGS:JAJSEB|jg8930.t1;product=AAA ATPase",1767
"JAJSEB010000012.1","Genbank","exon",248516,250282,".","+",".","ID=exon-gnl|WGS:JAJSEB|jg8930.t1-1;Parent=rna-gnl|WGS:JAJSEB|jg8930.t1;gbkey=mRNA;locus_tag=LSM04_009045;orig_protein_id=gnl|WGS:JAJSEB|jg8930.t1.CDS1;orig_transcript_id=gnl|WGS:JAJSEB|jg8930.t1;product=AAA ATPase",1767
"JAJSEB010000012.1","Genbank","CDS",248516,250282,".","+","0","ID=cds-KAH9600225.1;Parent=rna-gnl|WGS:JAJSEB|jg8930.t1;Dbxref=NCBI_GP:KAH9600225.1;Name=KAH9600225.1;gbkey=CDS;locus_tag=LSM04_009045;orig_transcript_id=gnl|WGS:JAJSEB|jg8930.t1;product=AAA ATPase;protein_id=KAH9600225.1",1767
"JAJSEB010000012.1","Genbank","gene",251432,252667,".","+",".","ID=gene-LSM04_002306;Name=LSM04_002306;gbkey=Gene;gene_biotype=protein_coding;locus_tag=LSM04_002306",1236
"JAJSEB010000012.1","Genbank","mRNA",251432,252667,".","+",".","ID=rna-gnl|WGS:JAJSEB|jg8931.t1;Parent=gene-LSM04_002306;gbkey=mRNA;locus_tag=LSM04_002306;orig_protein_id=gnl|WGS:JAJSEB|jg8931.t1.CDS1;orig_transcript_id=gnl|WGS:JAJSEB|jg8931.t1;product=Actin family",1236
"JAJSEB010000012.1","Genbank","exon",251432,252667,".","+",".","ID=exon-gnl|WGS:JAJSEB|jg8931.t1-1;Parent=rna-gnl|WGS:JAJSEB|jg8931.t1;gbkey=mRNA;locus_tag=LSM04_002306;orig_protein_id=gnl|WGS:JAJSEB|jg8931.t1.CDS1;orig_transcript_id=gnl|WGS:JAJSEB|jg8931.t1;product=Actin family",1236
"JAJSEB010000012.1","Genbank","CDS",251432,252667,".","+","0","ID=cds-KAH9600101.1;Parent=rna-gnl|WGS:JAJSEB|jg8931.t1;Dbxref=NCBI_GP:KAH9600101.1;Name=KAH9600101.1;gbkey=CDS;locus_tag=LSM04_002306;orig_transcript_id=gnl|WGS:JAJSEB|jg8931.t1;product=Actin family;protein_id=KAH9600101.1",1236
"JAJSEB010000012.1","Genbank","gene",253301,255373,".","+",".","ID=gene-LSM04_009713;Name=LSM04_009713;gbkey=Gene;gene_biotype=protein_coding;locus_tag=LSM04_009713",2073
"JAJSEB010000012.1","Genbank","mRNA",253301,255373,".","+",".","ID=rna-gnl|WGS:JAJSEB|jg8932.t1;Parent=gene-LSM04_009713;gbkey=mRNA;locus_tag=LSM04_009713;orig_protein_id=gnl|WGS:JAJSEB|jg8932.t1.CDS1;orig_transcript_id=gnl|WGS:JAJSEB|jg8932.t1;product=tRNA methyltransferase",2073
"JAJSEB010000012.1","Genbank","exon",253301,255373,".","+",".","ID=exon-gnl|WGS:JAJSEB|jg8932.t1-1;Parent=rna-gnl|WGS:JAJSEB|jg8932.t1;gbkey=mRNA;locus_tag=LSM04_009713;orig_protein_id=gnl|WGS:JAJSEB|jg8932.t1.CDS1;orig_transcript_id=gnl|WGS:JAJSEB|jg8932.t1;product=tRNA methyltransferase",2073
"JAJSEB010000012.1","Genbank","CDS",253301,255373,".","+","0","ID=cds-KAH9600239.1;Parent=rna-gnl|WGS:JAJSEB|jg8932.t1;Dbxref=NCBI_GP:KAH9600239.1;Name=KAH9600239.1;gbkey=CDS;locus_tag=LSM04_009713;orig_transcript_id=gnl|WGS:JAJSEB|jg8932.t1;product=tRNA methyltransferase;protein_id=KAH9600239.1",2073
"JAJSEB010000012.1","Genbank","gene",255942,256769,".","+",".","ID=gene-LSM04_001098;Name=LSM04_001098;gbkey=Gene;gene_biotype=protein_coding;locus_tag=LSM04_001098",828
"JAJSEB010000012.1","Genbank","mRNA",255942,256769,".","+",".","ID=rna-gnl|WGS:JAJSEB|jg8933.t1;Parent=gene-LSM04_001098;gbkey=mRNA;locus_tag=LSM04_001098;orig_protein_id=gnl|WGS:JAJSEB|jg8933.t1.CDS1;orig_transcript_id=gnl|WGS:JAJSEB|jg8933.t1;product=Glycosyl transferase",828
"JAJSEB010000012.1","Genbank","exon",255942,256769,".","+",".","ID=exon-gnl|WGS:JAJSEB|jg8933.t1-1;Parent=rna-gnl|WGS:JAJSEB|jg8933.t1;gbkey=mRNA;locus_tag=LSM04_001098;orig_protein_id=gnl|WGS:JAJSEB|jg8933.t1.CDS1;orig_transcript_id=gnl|WGS:JAJSEB|jg8933.t1;product=Glycosyl transferase",828
"JAJSEB010000012.1","Genbank","CDS",255942,256769,".","+","0","ID=cds-KAH9600077.1;Parent=rna-gnl|WGS:JAJSEB|jg8933.t1;Dbxref=NCBI_GP:KAH9600077.1;Name=KAH9600077.1;gbkey=CDS;locus_tag=LSM04_001098;orig_transcript_id=gnl|WGS:JAJSEB|jg8933.t1;product=Glycosyl transferase;protein_id=KAH9600077.1",828
"JAJSEB010000012.1","Genbank","gene",257497,260763,".","+",".","ID=gene-LSM04_008811;Name=LSM04_008811;gbkey=Gene;gene_biotype=protein_coding;locus_tag=LSM04_008811",3267
"JAJSEB010000012.1","Genbank","mRNA",257497,260763,".","+",".","ID=rna-gnl|WGS:JAJSEB|jg8934.t1;Parent=gene-LSM04_008811;gbkey=mRNA;locus_tag=LSM04_008811;orig_protein_id=gnl|WGS:JAJSEB|jg8934.t1.CDS1;orig_transcript_id=gnl|WGS:JAJSEB|jg8934.t1;product=hypothetical protein",3267
"JAJSEB010000012.1","Genbank","exon",257497,260763,".","+",".","ID=exon-gnl|WGS:JAJSEB|jg8934.t1-1;Parent=rna-gnl|WGS:JAJSEB|jg8934.t1;gbkey=mRNA;locus_tag=LSM04_008811;orig_protein_id=gnl|WGS:JAJSEB|jg8934.t1.CDS1;orig_transcript_id=gnl|WGS:JAJSEB|jg8934.t1;product=hypothetical protein",3267
"JAJSEB010000012.1","Genbank","CDS",257497,260763,".","+","0","ID=cds-KAH9600220.1;Parent=rna-gnl|WGS:JAJSEB|jg8934.t1;Dbxref=NCBI_GP:KAH9600220.1;Name=KAH9600220.1;gbkey=CDS;locus_tag=LSM04_008811;orig_transcript_id=gnl|WGS:JAJSEB|jg8934.t1;product=hypothetical protein;protein_id=KAH9600220.1",3267
"JAJSEB010000012.1","Genbank","gene",261700,263607,".","+",".","ID=gene-LSM04_006065;Name=LSM04_006065;gbkey=Gene;gene_biotype=protein_coding;locus_tag=LSM04_006065",1908
"JAJSEB010000012.1","Genbank","mRNA",261700,263607,".","+",".","ID=rna-gnl|WGS:JAJSEB|jg8935.t1;Parent=gene-LSM04_006065;gbkey=mRNA;locus_tag=LSM04_006065;orig_protein_id=gnl|WGS:JAJSEB|jg8935.t1.CDS1;orig_transcript_id=gnl|WGS:JAJSEB|jg8935.t1;product=Leucine-rich repeat",1908
"JAJSEB010000012.1","Genbank","exon",261700,263607,".","+",".","ID=exon-gnl|WGS:JAJSEB|jg8935.t1-1;Parent=rna-gnl|WGS:JAJSEB|jg8935.t1;gbkey=mRNA;locus_tag=LSM04_006065;orig_protein_id=gnl|WGS:JAJSEB|jg8935.t1.CDS1;orig_transcript_id=gnl|WGS:JAJSEB|jg8935.t1;product=Leucine-rich repeat",1908
"JAJSEB010000012.1","Genbank","CDS",261700,263607,".","+","0","ID=cds-KAH9600176.1;Parent=rna-gnl|WGS:JAJSEB|jg8935.t1;Dbxref=NCBI_GP:KAH9600176.1;Name=KAH9600176.1;gbkey=CDS;locus_tag=LSM04_006065;orig_transcript_id=gnl|WGS:JAJSEB|jg8935.t1;product=Leucine-rich repeat;protein_id=KAH9600176.1",1908
"JAJSEB010000012.1","Genbank","gene",264711,265937,".","+",".","ID=gene-LSM04_009296;Name=LSM04_009296;gbkey=Gene;gene_biotype=protein_coding;locus_tag=LSM04_009296",1227
"JAJSEB010000012.1","Genbank","mRNA",264711,265937,".","+",".","ID=rna-gnl|WGS:JAJSEB|jg8936.t1;Parent=gene-LSM04_009296;gbkey=mRNA;locus_tag=LSM04_009296;orig_protein_id=gnl|WGS:JAJSEB|jg8936.t1.CDS1;orig_transcript_id=gnl|WGS:JAJSEB|jg8936.t1;product=hypothetical protein",1227
"JAJSEB010000012.1","Genbank","exon",264711,265937,".","+",".","ID=exon-gnl|WGS:JAJSEB|jg8936.t1-1;Parent=rna-gnl|WGS:JAJSEB|jg8936.t1;gbkey=mRNA;locus_tag=LSM04_009296;orig_protein_id=gnl|WGS:JAJSEB|jg8936.t1.CDS1;orig_transcript_id=gnl|WGS:JAJSEB|jg8936.t1;product=hypothetical protein",1227
"JAJSEB010000012.1","Genbank","CDS",264711,265937,".","+","0","ID=cds-KAH9600229.1;Parent=rna-gnl|WGS:JAJSEB|jg8936.t1;Dbxref=NCBI_GP:KAH9600229.1;Name=KAH9600229.1;gbkey=CDS;locus_tag=LSM04_009296;orig_transcript_id=gnl|WGS:JAJSEB|jg8936.t1;product=hypothetical protein;protein_id=KAH9600229.1",1227
"JAJSEB010000012.1","Genbank","gene",266521,267483,".","+",".","ID=gene-LSM04_009283;Name=LSM04_009283;gbkey=Gene;gene_biotype=protein_coding;locus_tag=LSM04_009283",963
"JAJSEB010000012.1","Genbank","mRNA",266521,267483,".","+",".","ID=rna-gnl|WGS:JAJSEB|jg8937.t1;Parent=gene-LSM04_009283;gbkey=mRNA;locus_tag=LSM04_009283;orig_protein_id=gnl|WGS:JAJSEB|jg8937.t1.CDS1;orig_transcript_id=gnl|WGS:JAJSEB|jg8937.t1;product=hypothetical protein",963
"JAJSEB010000012.1","Genbank","exon",266521,267483,".","+",".","ID=exon-gnl|WGS:JAJSEB|jg8937.t1-1;Parent=rna-gnl|WGS:JAJSEB|jg8937.t1;gbkey=mRNA;locus_tag=LSM04_009283;orig_protein_id=gnl|WGS:JAJSEB|jg8937.t1.CDS1;orig_transcript_id=gnl|WGS:JAJSEB|jg8937.t1;product=hypothetical protein",963
"JAJSEB010000012.1","Genbank","CDS",266521,267483,".","+","0","ID=cds-KAH9600228.1;Parent=rna-gnl|WGS:JAJSEB|jg8937.t1;Dbxref=NCBI_GP:KAH9600228.1;Name=KAH9600228.1;gbkey=CDS;locus_tag=LSM04_009283;orig_transcript_id=gnl|WGS:JAJSEB|jg8937.t1;product=hypothetical protein;protein_id=KAH9600228.1",963
"JAJSEB010000012.1","Genbank","gene",267942,269075,".","+",".","ID=gene-LSM04_004673;Name=LSM04_004673;gbkey=Gene;gene_biotype=protein_coding;locus_tag=LSM04_004673",1134
"JAJSEB010000012.1","Genbank","mRNA",267942,269075,".","+",".","ID=rna-gnl|WGS:JAJSEB|jg8938.t1;Parent=gene-LSM04_004673;gbkey=mRNA;locus_tag=LSM04_004673;orig_protein_id=gnl|WGS:JAJSEB|jg8938.t1.CDS1;orig_transcript_id=gnl|WGS:JAJSEB|jg8938.t1;product=hypothetical protein",1134
"JAJSEB010000012.1","Genbank","exon",267942,269075,".","+",".","ID=exon-gnl|WGS:JAJSEB|jg8938.t1-1;Parent=rna-gnl|WGS:JAJSEB|jg8938.t1;gbkey=mRNA;locus_tag=LSM04_004673;orig_protein_id=gnl|WGS:JAJSEB|jg8938.t1.CDS1;orig_transcript_id=gnl|WGS:JAJSEB|jg8938.t1;product=hypothetical protein",1134
"JAJSEB010000012.1","Genbank","CDS",267942,269075,".","+","0","ID=cds-KAH9600152.1;Parent=rna-gnl|WGS:JAJSEB|jg8938.t1;Dbxref=NCBI_GP:KAH9600152.1;Name=KAH9600152.1;gbkey=CDS;locus_tag=LSM04_004673;orig_transcript_id=gnl|WGS:JAJSEB|jg8938.t1;product=hypothetical protein;protein_id=KAH9600152.1",1134
"JAJSEB010000012.1","Genbank","gene",269508,271892,".","+",".","ID=gene-LSM04_009194;Name=LSM04_009194;gbkey=Gene;gene_biotype=protein_coding;locus_tag=LSM04_009194",2385
"JAJSEB010000012.1","Genbank","mRNA",269508,271892,".","+",".","ID=rna-gnl|WGS:JAJSEB|jg8939.t1;Parent=gene-LSM04_009194;gbkey=mRNA;locus_tag=LSM04_009194;orig_protein_id=gnl|WGS:JAJSEB|jg8939.t1.CDS1;orig_transcript_id=gnl|WGS:JAJSEB|jg8939.t1;product=Potassium channel tetramerization-type BTB domain",2385
"JAJSEB010000012.1","Genbank","exon",269508,271892,".","+",".","ID=exon-gnl|WGS:JAJSEB|jg8939.t1-1;Parent=rna-gnl|WGS:JAJSEB|jg8939.t1;gbkey=mRNA;locus_tag=LSM04_009194;orig_protein_id=gnl|WGS:JAJSEB|jg8939.t1.CDS1;orig_transcript_id=gnl|WGS:JAJSEB|jg8939.t1;product=Potassium channel tetramerization-type BTB domain",2385
"JAJSEB010000012.1","Genbank","CDS",269508,271892,".","+","0","ID=cds-KAH9600227.1;Parent=rna-gnl|WGS:JAJSEB|jg8939.t1;Dbxref=NCBI_GP:KAH9600227.1;Name=KAH9600227.1;gbkey=CDS;locus_tag=LSM04_009194;orig_transcript_id=gnl|WGS:JAJSEB|jg8939.t1;product=Potassium channel tetramerization-type BTB domain;protein_id=KAH9600227.1",2385
"JAJSEB010000012.1","Genbank","gene",272621,275017,".","+",".","ID=gene-LSM04_004122;Name=LSM04_004122;gbkey=Gene;gene_biotype=protein_coding;locus_tag=LSM04_004122",2397
"JAJSEB010000012.1","Genbank","mRNA",272621,275017,".","+",".","ID=rna-gnl|WGS:JAJSEB|jg8940.t1;Parent=gene-LSM04_004122;gbkey=mRNA;locus_tag=LSM04_004122;orig_protein_id=gnl|WGS:JAJSEB|jg8940.t1.CDS1;orig_transcript_id=gnl|WGS:JAJSEB|jg8940.t1;product=hypothetical protein",2397
"JAJSEB010000012.1","Genbank","exon",272621,275017,".","+",".","ID=exon-gnl|WGS:JAJSEB|jg8940.t1-1;Parent=rna-gnl|WGS:JAJSEB|jg8940.t1;gbkey=mRNA;locus_tag=LSM04_004122;orig_protein_id=gnl|WGS:JAJSEB|jg8940.t1.CDS1;orig_transcript_id=gnl|WGS:JAJSEB|jg8940.t1;product=hypothetical protein",2397
"JAJSEB010000012.1","Genbank","CDS",272621,275017,".","+","0","ID=cds-KAH9600145.1;Parent=rna-gnl|WGS:JAJSEB|jg8940.t1;Dbxref=NCBI_GP:KAH9600145.1;Name=KAH9600145.1;gbkey=CDS;locus_tag=LSM04_004122;orig_transcript_id=gnl|WGS:JAJSEB|jg8940.t1;product=hypothetical protein;protein_id=KAH9600145.1",2397
"JAJSEB010000012.1","Genbank","gene",277421,278989,".","+",".","ID=gene-LSM04_006875;Name=LSM04_006875;gbkey=Gene;gene_biotype=protein_coding;locus_tag=LSM04_006875",1569
"JAJSEB010000012.1","Genbank","mRNA",277421,278989,".","+",".","ID=rna-gnl|WGS:JAJSEB|jg8941.t1;Parent=gene-LSM04_006875;gbkey=mRNA;locus_tag=LSM04_006875;orig_protein_id=gnl|WGS:JAJSEB|jg8941.t1.CDS1;orig_transcript_id=gnl|WGS:JAJSEB|jg8941.t1;product=Peptidase M16",1569
"JAJSEB010000012.1","Genbank","exon",277421,278989,".","+",".","ID=exon-gnl|WGS:JAJSEB|jg8941.t1-1;Parent=rna-gnl|WGS:JAJSEB|jg8941.t1;gbkey=mRNA;locus_tag=LSM04_006875;orig_protein_id=gnl|WGS:JAJSEB|jg8941.t1.CDS1;orig_transcript_id=gnl|WGS:JAJSEB|jg8941.t1;product=Peptidase M16",1569
"JAJSEB010000012.1","Genbank","CDS",277421,278989,".","+","0","ID=cds-KAH9600194.1;Parent=rna-gnl|WGS:JAJSEB|jg8941.t1;Dbxref=NCBI_GP:KAH9600194.1;Name=KAH9600194.1;gbkey=CDS;locus_tag=LSM04_006875;orig_transcript_id=gnl|WGS:JAJSEB|jg8941.t1;product=Peptidase M16;protein_id=KAH9600194.1",1569
"JAJSEB010000012.1","Genbank","gene",279720,280673,".","+",".","ID=gene-LSM04_003292;Name=LSM04_003292;gbkey=Gene;gene_biotype=protein_coding;locus_tag=LSM04_003292",954
"JAJSEB010000012.1","Genbank","mRNA",279720,280673,".","+",".","ID=rna-gnl|WGS:JAJSEB|jg8942.t1;Parent=gene-LSM04_003292;gbkey=mRNA;locus_tag=LSM04_003292;orig_protein_id=gnl|WGS:JAJSEB|jg8942.t1.CDS1;orig_transcript_id=gnl|WGS:JAJSEB|jg8942.t1;product=hypothetical protein",954
"JAJSEB010000012.1","Genbank","exon",279720,280673,".","+",".","ID=exon-gnl|WGS:JAJSEB|jg8942.t1-1;Parent=rna-gnl|WGS:JAJSEB|jg8942.t1;gbkey=mRNA;locus_tag=LSM04_003292;orig_protein_id=gnl|WGS:JAJSEB|jg8942.t1.CDS1;orig_transcript_id=gnl|WGS:JAJSEB|jg8942.t1;product=hypothetical protein",954
"JAJSEB010000012.1","Genbank","CDS",279720,280673,".","+","0","ID=cds-KAH9600124.1;Parent=rna-gnl|WGS:JAJSEB|jg8942.t1;Dbxref=NCBI_GP:KAH9600124.1;Name=KAH9600124.1;gbkey=CDS;locus_tag=LSM04_003292;orig_transcript_id=gnl|WGS:JAJSEB|jg8942.t1;product=hypothetical protein;protein_id=KAH9600124.1",954
"JAJSEB010000012.1","Genbank","gene",281229,282989,".","+",".","ID=gene-LSM04_005048;Name=LSM04_005048;gbkey=Gene;gene_biotype=protein_coding;locus_tag=LSM04_005048",1761
"JAJSEB010000012.1","Genbank","mRNA",281229,282989,".","+",".","ID=rna-gnl|WGS:JAJSEB|jg8943.t1;Parent=gene-LSM04_005048;gbkey=mRNA;locus_tag=LSM04_005048;orig_protein_id=gnl|WGS:JAJSEB|jg8943.t1.CDS1;orig_transcript_id=gnl|WGS:JAJSEB|jg8943.t1;product=hypothetical protein",1761
"JAJSEB010000012.1","Genbank","exon",281229,282989,".","+",".","ID=exon-gnl|WGS:JAJSEB|jg8943.t1-1;Parent=rna-gnl|WGS:JAJSEB|jg8943.t1;gbkey=mRNA;locus_tag=LSM04_005048;orig_protein_id=gnl|WGS:JAJSEB|jg8943.t1.CDS1;orig_transcript_id=gnl|WGS:JAJSEB|jg8943.t1;product=hypothetical protein",1761
"JAJSEB010000012.1","Genbank","CDS",281229,282989,".","+","0","ID=cds-KAH9600158.1;Parent=rna-gnl|WGS:JAJSEB|jg8943.t1;Dbxref=NCBI_GP:KAH9600158.1;Name=KAH9600158.1;gbkey=CDS;locus_tag=LSM04_005048;orig_transcript_id=gnl|WGS:JAJSEB|jg8943.t1;product=hypothetical protein;protein_id=KAH9600158.1",1761
"JAJSEB010000012.1","Genbank","gene",283999,286344,".","+",".","ID=gene-LSM04_007939;Name=LSM04_007939;gbkey=Gene;gene_biotype=protein_coding;locus_tag=LSM04_007939",2346
"JAJSEB010000012.1","Genbank","mRNA",283999,286344,".","+",".","ID=rna-gnl|WGS:JAJSEB|jg8944.t1;Parent=gene-LSM04_007939;gbkey=mRNA;locus_tag=LSM04_007939;orig_protein_id=gnl|WGS:JAJSEB|jg8944.t1.CDS1;orig_transcript_id=gnl|WGS:JAJSEB|jg8944.t1;product=hypothetical protein",2346
"JAJSEB010000012.1","Genbank","exon",283999,286344,".","+",".","ID=exon-gnl|WGS:JAJSEB|jg8944.t1-1;Parent=rna-gnl|WGS:JAJSEB|jg8944.t1;gbkey=mRNA;locus_tag=LSM04_007939;orig_protein_id=gnl|WGS:JAJSEB|jg8944.t1.CDS1;orig_transcript_id=gnl|WGS:JAJSEB|jg8944.t1;product=hypothetical protein",2346
"JAJSEB010000012.1","Genbank","CDS",283999,286344,".","+","0","ID=cds-KAH9600212.1;Parent=rna-gnl|WGS:JAJSEB|jg8944.t1;Dbxref=NCBI_GP:KAH9600212.1;Name=KAH9600212.1;gbkey=CDS;locus_tag=LSM04_007939;orig_transcript_id=gnl|WGS:JAJSEB|jg8944.t1;product=hypothetical protein;protein_id=KAH9600212.1",2346
"JAJSEB010000012.1","Genbank","gene",287702,291325,".","+",".","ID=gene-LSM04_001287;Name=LSM04_001287;gbkey=Gene;gene_biotype=protein_coding;locus_tag=LSM04_001287",3624
"JAJSEB010000012.1","Genbank","mRNA",287702,291325,".","+",".","ID=rna-gnl|WGS:JAJSEB|jg8945.t1;Parent=gene-LSM04_001287;gbkey=mRNA;locus_tag=LSM04_001287;orig_protein_id=gnl|WGS:JAJSEB|jg8945.t1.CDS1;orig_transcript_id=gnl|WGS:JAJSEB|jg8945.t1;product=hypothetical protein",3624
"JAJSEB010000012.1","Genbank","exon",287702,291325,".","+",".","ID=exon-gnl|WGS:JAJSEB|jg8945.t1-1;Parent=rna-gnl|WGS:JAJSEB|jg8945.t1;gbkey=mRNA;locus_tag=LSM04_001287;orig_protein_id=gnl|WGS:JAJSEB|jg8945.t1.CDS1;orig_transcript_id=gnl|WGS:JAJSEB|jg8945.t1;product=hypothetical protein",3624
"JAJSEB010000012.1","Genbank","CDS",287702,291325,".","+","0","ID=cds-KAH9600081.1;Parent=rna-gnl|WGS:JAJSEB|jg8945.t1;Dbxref=NCBI_GP:KAH9600081.1;Name=KAH9600081.1;gbkey=CDS;locus_tag=LSM04_001287;orig_transcript_id=gnl|WGS:JAJSEB|jg8945.t1;product=hypothetical protein;protein_id=KAH9600081.1",3624
"JAJSEB010000012.1","Genbank","gene",291869,292537,".","+",".","ID=gene-LSM04_008342;Name=LSM04_008342;gbkey=Gene;gene_biotype=protein_coding;locus_tag=LSM04_008342",669
"JAJSEB010000012.1","Genbank","mRNA",291869,292537,".","+",".","ID=rna-gnl|WGS:JAJSEB|jg8946.t1;Parent=gene-LSM04_008342;gbkey=mRNA;locus_tag=LSM04_008342;orig_protein_id=gnl|WGS:JAJSEB|jg8946.t1.CDS1;orig_transcript_id=gnl|WGS:JAJSEB|jg8946.t1;product=hypothetical protein",669
"JAJSEB010000012.1","Genbank","exon",291869,292537,".","+",".","ID=exon-gnl|WGS:JAJSEB|jg8946.t1-1;Parent=rna-gnl|WGS:JAJSEB|jg8946.t1;gbkey=mRNA;locus_tag=LSM04_008342;orig_protein_id=gnl|WGS:JAJSEB|jg8946.t1.CDS1;orig_transcript_id=gnl|WGS:JAJSEB|jg8946.t1;product=hypothetical protein",669
"JAJSEB010000012.1","Genbank","CDS",291869,292537,".","+","0","ID=cds-KAH9600216.1;Parent=rna-gnl|WGS:JAJSEB|jg8946.t1;Dbxref=NCBI_GP:KAH9600216.1;Name=KAH9600216.1;gbkey=CDS;locus_tag=LSM04_008342;orig_transcript_id=gnl|WGS:JAJSEB|jg8946.t1;product=hypothetical protein;protein_id=KAH9600216.1",669
"JAJSEB010000012.1","Genbank","gene",293595,299120,".","+",".","ID=gene-LSM04_005794;Name=LSM04_005794;gbkey=Gene;gene_biotype=protein_coding;locus_tag=LSM04_005794",5526
"JAJSEB010000012.1","Genbank","mRNA",293595,299120,".","+",".","ID=rna-gnl|WGS:JAJSEB|jg8947.t1;Parent=gene-LSM04_005794;gbkey=mRNA;locus_tag=LSM04_005794;orig_protein_id=gnl|WGS:JAJSEB|jg8947.t1.CDS1;orig_transcript_id=gnl|WGS:JAJSEB|jg8947.t1;product=hypothetical protein",5526
"JAJSEB010000012.1","Genbank","exon",293595,299120,".","+",".","ID=exon-gnl|WGS:JAJSEB|jg8947.t1-1;Parent=rna-gnl|WGS:JAJSEB|jg8947.t1;gbkey=mRNA;locus_tag=LSM04_005794;orig_protein_id=gnl|WGS:JAJSEB|jg8947.t1.CDS1;orig_transcript_id=gnl|WGS:JAJSEB|jg8947.t1;product=hypothetical protein",5526
"JAJSEB010000012.1","Genbank","CDS",293595,299120,".","+","0","ID=cds-KAH9600174.1;Parent=rna-gnl|WGS:JAJSEB|jg8947.t1;Dbxref=NCBI_GP:KAH9600174.1;Name=KAH9600174.1;gbkey=CDS;locus_tag=LSM04_005794;orig_transcript_id=gnl|WGS:JAJSEB|jg8947.t1;product=hypothetical protein;protein_id=KAH9600174.1",5526
"JAJSEB010000012.1","Genbank","gene",300772,302103,".","+",".","ID=gene-LSM04_005071;Name=LSM04_005071;gbkey=Gene;gene_biotype=protein_coding;locus_tag=LSM04_005071",1332
"JAJSEB010000012.1","Genbank","mRNA",300772,302103,".","+",".","ID=rna-gnl|WGS:JAJSEB|jg8948.t1;Parent=gene-LSM04_005071;gbkey=mRNA;locus_tag=LSM04_005071;orig_protein_id=gnl|WGS:JAJSEB|jg8948.t1.CDS1;orig_transcript_id=gnl|WGS:JAJSEB|jg8948.t1;product=hypothetical protein",1332
"JAJSEB010000012.1","Genbank","exon",300772,302103,".","+",".","ID=exon-gnl|WGS:JAJSEB|jg8948.t1-1;Parent=rna-gnl|WGS:JAJSEB|jg8948.t1;gbkey=mRNA;locus_tag=LSM04_005071;orig_protein_id=gnl|WGS:JAJSEB|jg8948.t1.CDS1;orig_transcript_id=gnl|WGS:JAJSEB|jg8948.t1;product=hypothetical protein",1332
"JAJSEB010000012.1","Genbank","CDS",300772,302103,".","+","0","ID=cds-KAH9600159.1;Parent=rna-gnl|WGS:JAJSEB|jg8948.t1;Dbxref=NCBI_GP:KAH9600159.1;Name=KAH9600159.1;gbkey=CDS;locus_tag=LSM04_005071;orig_transcript_id=gnl|WGS:JAJSEB|jg8948.t1;product=hypothetical protein;protein_id=KAH9600159.1",1332
"JAJSEB010000012.1","Genbank","gene",303775,305772,".","+",".","ID=gene-LSM04_003634;Name=LSM04_003634;gbkey=Gene;gene_biotype=protein_coding;locus_tag=LSM04_003634",1998
"JAJSEB010000012.1","Genbank","mRNA",303775,305772,".","+",".","ID=rna-gnl|WGS:JAJSEB|jg8949.t1;Parent=gene-LSM04_003634;gbkey=mRNA;locus_tag=LSM04_003634;orig_protein_id=gnl|WGS:JAJSEB|jg8949.t1.CDS1;orig_transcript_id=gnl|WGS:JAJSEB|jg8949.t1;product=hypothetical protein",1998
"JAJSEB010000012.1","Genbank","exon",303775,305772,".","+",".","ID=exon-gnl|WGS:JAJSEB|jg8949.t1-1;Parent=rna-gnl|WGS:JAJSEB|jg8949.t1;gbkey=mRNA;locus_tag=LSM04_003634;orig_protein_id=gnl|WGS:JAJSEB|jg8949.t1.CDS1;orig_transcript_id=gnl|WGS:JAJSEB|jg8949.t1;product=hypothetical protein",1998
"JAJSEB010000012.1","Genbank","CDS",303775,305772,".","+","0","ID=cds-KAH9600133.1;Parent=rna-gnl|WGS:JAJSEB|jg8949.t1;Dbxref=NCBI_GP:KAH9600133.1;Name=KAH9600133.1;gbkey=CDS;locus_tag=LSM04_003634;orig_transcript_id=gnl|WGS:JAJSEB|jg8949.t1;product=hypothetical protein;protein_id=KAH9600133.1",1998
"JAJSEB010000012.1","Genbank","gene",306368,308056,".","+",".","ID=gene-LSM04_003771;Name=LSM04_003771;gbkey=Gene;gene_biotype=protein_coding;locus_tag=LSM04_003771",1689
"JAJSEB010000012.1","Genbank","mRNA",306368,308056,".","+",".","ID=rna-gnl|WGS:JAJSEB|jg8950.t1;Parent=gene-LSM04_003771;gbkey=mRNA;locus_tag=LSM04_003771;orig_protein_id=gnl|WGS:JAJSEB|jg8950.t1.CDS1;orig_transcript_id=gnl|WGS:JAJSEB|jg8950.t1;product=Protein kinase domain",1689
"JAJSEB010000012.1","Genbank","exon",306368,308056,".","+",".","ID=exon-gnl|WGS:JAJSEB|jg8950.t1-1;Parent=rna-gnl|WGS:JAJSEB|jg8950.t1;gbkey=mRNA;locus_tag=LSM04_003771;orig_protein_id=gnl|WGS:JAJSEB|jg8950.t1.CDS1;orig_transcript_id=gnl|WGS:JAJSEB|jg8950.t1;product=Protein kinase domain",1689
"JAJSEB010000012.1","Genbank","CDS",306368,308056,".","+","0","ID=cds-KAH9600136.1;Parent=rna-gnl|WGS:JAJSEB|jg8950.t1;Dbxref=NCBI_GP:KAH9600136.1;Name=KAH9600136.1;gbkey=CDS;locus_tag=LSM04_003771;orig_transcript_id=gnl|WGS:JAJSEB|jg8950.t1;product=Protein kinase domain;protein_id=KAH9600136.1",1689
"JAJSEB010000012.1","Genbank","gene",308777,310579,".","+",".","ID=gene-LSM04_004282;Name=LSM04_004282;gbkey=Gene;gene_biotype=protein_coding;locus_tag=LSM04_004282",1803
"JAJSEB010000012.1","Genbank","mRNA",308777,310579,".","+",".","ID=rna-gnl|WGS:JAJSEB|jg8951.t1;Parent=gene-LSM04_004282;gbkey=mRNA;locus_tag=LSM04_004282;orig_protein_id=gnl|WGS:JAJSEB|jg8951.t1.CDS1;orig_transcript_id=gnl|WGS:JAJSEB|jg8951.t1;product=Dual specificity phosphatase",1803
"JAJSEB010000012.1","Genbank","exon",308777,310579,".","+",".","ID=exon-gnl|WGS:JAJSEB|jg8951.t1-1;Parent=rna-gnl|WGS:JAJSEB|jg8951.t1;gbkey=mRNA;locus_tag=LSM04_004282;orig_protein_id=gnl|WGS:JAJSEB|jg8951.t1.CDS1;orig_transcript_id=gnl|WGS:JAJSEB|jg8951.t1;product=Dual specificity phosphatase",1803
"JAJSEB010000012.1","Genbank","CDS",308777,310579,".","+","0","ID=cds-KAH9600147.1;Parent=rna-gnl|WGS:JAJSEB|jg8951.t1;Dbxref=NCBI_GP:KAH9600147.1;Name=KAH9600147.1;gbkey=CDS;locus_tag=LSM04_004282;orig_transcript_id=gnl|WGS:JAJSEB|jg8951.t1;product=Dual specificity phosphatase;protein_id=KAH9600147.1",1803
"JAJSEB010000012.1","Genbank","gene",311225,315172,".","+",".","ID=gene-LSM04_000798;Name=LSM04_000798;gbkey=Gene;gene_biotype=protein_coding;locus_tag=LSM04_000798",3948
"JAJSEB010000012.1","Genbank","mRNA",311225,315172,".","+",".","ID=rna-gnl|WGS:JAJSEB|jg8952.t1;Parent=gene-LSM04_000798;gbkey=mRNA;locus_tag=LSM04_000798;orig_protein_id=gnl|WGS:JAJSEB|jg8952.t1.CDS1;orig_transcript_id=gnl|WGS:JAJSEB|jg8952.t1;product=C2 domain",3948
"JAJSEB010000012.1","Genbank","exon",311225,315172,".","+",".","ID=exon-gnl|WGS:JAJSEB|jg8952.t1-1;Parent=rna-gnl|WGS:JAJSEB|jg8952.t1;gbkey=mRNA;locus_tag=LSM04_000798;orig_protein_id=gnl|WGS:JAJSEB|jg8952.t1.CDS1;orig_transcript_id=gnl|WGS:JAJSEB|jg8952.t1;product=C2 domain",3948
"JAJSEB010000012.1","Genbank","CDS",311225,315172,".","+","0","ID=cds-KAH9600076.1;Parent=rna-gnl|WGS:JAJSEB|jg8952.t1;Dbxref=NCBI_GP:KAH9600076.1;Name=KAH9600076.1;gbkey=CDS;locus_tag=LSM04_000798;orig_transcript_id=gnl|WGS:JAJSEB|jg8952.t1;product=C2 domain;protein_id=KAH9600076.1",3948
"JAJSEB010000012.1","Genbank","gene",315571,317463,".","+",".","ID=gene-LSM04_006315;Name=LSM04_006315;gbkey=Gene;gene_biotype=protein_coding;locus_tag=LSM04_006315",1893
"JAJSEB010000012.1","Genbank","mRNA",315571,317463,".","+",".","ID=rna-gnl|WGS:JAJSEB|jg8953.t1;Parent=gene-LSM04_006315;gbkey=mRNA;locus_tag=LSM04_006315;orig_protein_id=gnl|WGS:JAJSEB|jg8953.t1.CDS1;orig_transcript_id=gnl|WGS:JAJSEB|jg8953.t1;product=hypothetical protein",1893
"JAJSEB010000012.1","Genbank","exon",315571,317463,".","+",".","ID=exon-gnl|WGS:JAJSEB|jg8953.t1-1;Parent=rna-gnl|WGS:JAJSEB|jg8953.t1;gbkey=mRNA;locus_tag=LSM04_006315;orig_protein_id=gnl|WGS:JAJSEB|jg8953.t1.CDS1;orig_transcript_id=gnl|WGS:JAJSEB|jg8953.t1;product=hypothetical protein",1893
"JAJSEB010000012.1","Genbank","CDS",315571,317463,".","+","0","ID=cds-KAH9600180.1;Parent=rna-gnl|WGS:JAJSEB|jg8953.t1;Dbxref=NCBI_GP:KAH9600180.1;Name=KAH9600180.1;gbkey=CDS;locus_tag=LSM04_006315;orig_transcript_id=gnl|WGS:JAJSEB|jg8953.t1;product=hypothetical protein;protein_id=KAH9600180.1",1893
"JAJSEB010000012.1","Genbank","gene",317860,318471,".","+",".","ID=gene-LSM04_001964;Name=LSM04_001964;gbkey=Gene;gene_biotype=protein_coding;locus_tag=LSM04_001964",612
"JAJSEB010000012.1","Genbank","mRNA",317860,318471,".","+",".","ID=rna-gnl|WGS:JAJSEB|jg8954.t1;Parent=gene-LSM04_001964;gbkey=mRNA;locus_tag=LSM04_001964;orig_protein_id=gnl|WGS:JAJSEB|jg8954.t1.CDS1;orig_transcript_id=gnl|WGS:JAJSEB|jg8954.t1;product=hypothetical protein",612
"JAJSEB010000012.1","Genbank","exon",317860,318471,".","+",".","ID=exon-gnl|WGS:JAJSEB|jg8954.t1-1;Parent=rna-gnl|WGS:JAJSEB|jg8954.t1;gbkey=mRNA;locus_tag=LSM04_001964;orig_protein_id=gnl|WGS:JAJSEB|jg8954.t1.CDS1;orig_transcript_id=gnl|WGS:JAJSEB|jg8954.t1;product=hypothetical protein",612
"JAJSEB010000012.1","Genbank","CDS",317860,318471,".","+","0","ID=cds-KAH9600092.1;Parent=rna-gnl|WGS:JAJSEB|jg8954.t1;Dbxref=NCBI_GP:KAH9600092.1;Name=KAH9600092.1;gbkey=CDS;locus_tag=LSM04_001964;orig_transcript_id=gnl|WGS:JAJSEB|jg8954.t1;product=hypothetical protein;protein_id=KAH9600092.1",612
"JAJSEB010000012.1","Genbank","gene",318804,320810,".","+",".","ID=gene-LSM04_002331;Name=LSM04_002331;gbkey=Gene;gene_biotype=protein_coding;locus_tag=LSM04_002331",2007
"JAJSEB010000012.1","Genbank","mRNA",318804,320810,".","+",".","ID=rna-gnl|WGS:JAJSEB|jg8955.t1;Parent=gene-LSM04_002331;gbkey=mRNA;locus_tag=LSM04_002331;orig_protein_id=gnl|WGS:JAJSEB|jg8955.t1.CDS1;orig_transcript_id=gnl|WGS:JAJSEB|jg8955.t1;product=Ubiquitin domain",2007
"JAJSEB010000012.1","Genbank","exon",318804,320810,".","+",".","ID=exon-gnl|WGS:JAJSEB|jg8955.t1-1;Parent=rna-gnl|WGS:JAJSEB|jg8955.t1;gbkey=mRNA;locus_tag=LSM04_002331;orig_protein_id=gnl|WGS:JAJSEB|jg8955.t1.CDS1;orig_transcript_id=gnl|WGS:JAJSEB|jg8955.t1;product=Ubiquitin domain",2007
"JAJSEB010000012.1","Genbank","CDS",318804,320810,".","+","0","ID=cds-KAH9600103.1;Parent=rna-gnl|WGS:JAJSEB|jg8955.t1;Dbxref=NCBI_GP:KAH9600103.1;Name=KAH9600103.1;gbkey=CDS;locus_tag=LSM04_002331;orig_transcript_id=gnl|WGS:JAJSEB|jg8955.t1;product=Ubiquitin domain;protein_id=KAH9600103.1",2007
"JAJSEB010000012.1","Genbank","gene",323212,324843,".","-",".","ID=gene-LSM04_004150;Name=LSM04_004150;gbkey=Gene;gene_biotype=protein_coding;locus_tag=LSM04_004150",1632
"JAJSEB010000012.1","Genbank","mRNA",323212,324843,".","-",".","ID=rna-gnl|WGS:JAJSEB|jg8956.t1;Parent=gene-LSM04_004150;gbkey=mRNA;locus_tag=LSM04_004150;orig_protein_id=gnl|WGS:JAJSEB|jg8956.t1.CDS1;orig_transcript_id=gnl|WGS:JAJSEB|jg8956.t1;product=PSP1",1632
"JAJSEB010000012.1","Genbank","exon",323212,324843,".","-",".","ID=exon-gnl|WGS:JAJSEB|jg8956.t1-1;Parent=rna-gnl|WGS:JAJSEB|jg8956.t1;gbkey=mRNA;locus_tag=LSM04_004150;orig_protein_id=gnl|WGS:JAJSEB|jg8956.t1.CDS1;orig_transcript_id=gnl|WGS:JAJSEB|jg8956.t1;product=PSP1",1632
"JAJSEB010000012.1","Genbank","CDS",323212,324843,".","-","0","ID=cds-KAH9600146.1;Parent=rna-gnl|WGS:JAJSEB|jg8956.t1;Dbxref=NCBI_GP:KAH9600146.1;Name=KAH9600146.1;gbkey=CDS;locus_tag=LSM04_004150;orig_transcript_id=gnl|WGS:JAJSEB|jg8956.t1;product=PSP1;protein_id=KAH9600146.1",1632
"JAJSEB010000012.1","Genbank","gene",325956,327614,".","-",".","ID=gene-LSM04_001888;Name=LSM04_001888;gbkey=Gene;gene_biotype=protein_coding;locus_tag=LSM04_001888",1659
"JAJSEB010000012.1","Genbank","mRNA",325956,327614,".","-",".","ID=rna-gnl|WGS:JAJSEB|jg8957.t1;Parent=gene-LSM04_001888;gbkey=mRNA;locus_tag=LSM04_001888;orig_protein_id=gnl|WGS:JAJSEB|jg8957.t1.CDS1;orig_transcript_id=gnl|WGS:JAJSEB|jg8957.t1;product=Peptidase M24",1659
"JAJSEB010000012.1","Genbank","exon",325956,327614,".","-",".","ID=exon-gnl|WGS:JAJSEB|jg8957.t1-1;Parent=rna-gnl|WGS:JAJSEB|jg8957.t1;gbkey=mRNA;locus_tag=LSM04_001888;orig_protein_id=gnl|WGS:JAJSEB|jg8957.t1.CDS1;orig_transcript_id=gnl|WGS:JAJSEB|jg8957.t1;product=Peptidase M24",1659
"JAJSEB010000012.1","Genbank","CDS",325956,327614,".","-","0","ID=cds-KAH9600090.1;Parent=rna-gnl|WGS:JAJSEB|jg8957.t1;Dbxref=NCBI_GP:KAH9600090.1;Name=KAH9600090.1;gbkey=CDS;locus_tag=LSM04_001888;orig_transcript_id=gnl|WGS:JAJSEB|jg8957.t1;product=Peptidase M24;protein_id=KAH9600090.1",1659
"JAJSEB010000012.1","Genbank","gene",328345,330108,".","-",".","ID=gene-LSM04_002826;Name=LSM04_002826;gbkey=Gene;gene_biotype=protein_coding;locus_tag=LSM04_002826",1764
"JAJSEB010000012.1","Genbank","mRNA",328345,330108,".","-",".","ID=rna-gnl|WGS:JAJSEB|jg8958.t1;Parent=gene-LSM04_002826;gbkey=mRNA;locus_tag=LSM04_002826;orig_protein_id=gnl|WGS:JAJSEB|jg8958.t1.CDS1;orig_transcript_id=gnl|WGS:JAJSEB|jg8958.t1;product=Legume-like lectin",1764
"JAJSEB010000012.1","Genbank","exon",328345,330108,".","-",".","ID=exon-gnl|WGS:JAJSEB|jg8958.t1-1;Parent=rna-gnl|WGS:JAJSEB|jg8958.t1;gbkey=mRNA;locus_tag=LSM04_002826;orig_protein_id=gnl|WGS:JAJSEB|jg8958.t1.CDS1;orig_transcript_id=gnl|WGS:JAJSEB|jg8958.t1;product=Legume-like lectin",1764
"JAJSEB010000012.1","Genbank","CDS",328345,330108,".","-","0","ID=cds-KAH9600116.1;Parent=rna-gnl|WGS:JAJSEB|jg8958.t1;Dbxref=NCBI_GP:KAH9600116.1;Name=KAH9600116.1;gbkey=CDS;locus_tag=LSM04_002826;orig_transcript_id=gnl|WGS:JAJSEB|jg8958.t1;product=Legume-like lectin;protein_id=KAH9600116.1",1764
"JAJSEB010000012.1","Genbank","gene",331913,333817,".","-",".","ID=gene-LSM04_002729;Name=LSM04_002729;gbkey=Gene;gene_biotype=protein_coding;locus_tag=LSM04_002729",1905
"JAJSEB010000012.1","Genbank","mRNA",331913,333817,".","-",".","ID=rna-gnl|WGS:JAJSEB|jg8959.t1;Parent=gene-LSM04_002729;gbkey=mRNA;locus_tag=LSM04_002729;orig_protein_id=gnl|WGS:JAJSEB|jg8959.t1.CDS1;orig_transcript_id=gnl|WGS:JAJSEB|jg8959.t1;product=U box domain",1905
"JAJSEB010000012.1","Genbank","exon",331913,333817,".","-",".","ID=exon-gnl|WGS:JAJSEB|jg8959.t1-1;Parent=rna-gnl|WGS:JAJSEB|jg8959.t1;gbkey=mRNA;locus_tag=LSM04_002729;orig_protein_id=gnl|WGS:JAJSEB|jg8959.t1.CDS1;orig_transcript_id=gnl|WGS:JAJSEB|jg8959.t1;product=U box domain",1905
"JAJSEB010000012.1","Genbank","CDS",331913,333817,".","-","0","ID=cds-KAH9600114.1;Parent=rna-gnl|WGS:JAJSEB|jg8959.t1;Dbxref=NCBI_GP:KAH9600114.1;Name=KAH9600114.1;gbkey=CDS;locus_tag=LSM04_002729;orig_transcript_id=gnl|WGS:JAJSEB|jg8959.t1;product=U box domain;protein_id=KAH9600114.1",1905
"JAJSEB010000012.1","Genbank","gene",335165,336439,".","-",".","ID=gene-LSM04_000191;Name=LSM04_000191;gbkey=Gene;gene_biotype=protein_coding;locus_tag=LSM04_000191",1275
"JAJSEB010000012.1","Genbank","mRNA",335165,336439,".","-",".","ID=rna-gnl|WGS:JAJSEB|jg8960.t1;Parent=gene-LSM04_000191;gbkey=mRNA;locus_tag=LSM04_000191;orig_protein_id=gnl|WGS:JAJSEB|jg8960.t1.CDS1;orig_transcript_id=gnl|WGS:JAJSEB|jg8960.t1;product=Palmitoyltransferase",1275
"JAJSEB010000012.1","Genbank","exon",335165,336439,".","-",".","ID=exon-gnl|WGS:JAJSEB|jg8960.t1-1;Parent=rna-gnl|WGS:JAJSEB|jg8960.t1;gbkey=mRNA;locus_tag=LSM04_000191;orig_protein_id=gnl|WGS:JAJSEB|jg8960.t1.CDS1;orig_transcript_id=gnl|WGS:JAJSEB|jg8960.t1;product=Palmitoyltransferase",1275
"JAJSEB010000012.1","Genbank","CDS",335165,336439,".","-","0","ID=cds-KAH9600054.1;Parent=rna-gnl|WGS:JAJSEB|jg8960.t1;Dbxref=NCBI_GP:KAH9600054.1;Name=KAH9600054.1;gbkey=CDS;locus_tag=LSM04_000191;orig_transcript_id=gnl|WGS:JAJSEB|jg8960.t1;product=Palmitoyltransferase;protein_id=KAH9600054.1",1275
"JAJSEB010000012.1","Genbank","gene",337267,340926,".","-",".","ID=gene-LSM04_001298;Name=LSM04_001298;gbkey=Gene;gene_biotype=protein_coding;locus_tag=LSM04_001298",3660
"JAJSEB010000012.1","Genbank","mRNA",337267,340926,".","-",".","ID=rna-gnl|WGS:JAJSEB|jg8961.t1;Parent=gene-LSM04_001298;gbkey=mRNA;locus_tag=LSM04_001298;orig_protein_id=gnl|WGS:JAJSEB|jg8961.t1.CDS1;orig_transcript_id=gnl|WGS:JAJSEB|jg8961.t1;product=hypothetical protein",3660
"JAJSEB010000012.1","Genbank","exon",337267,340926,".","-",".","ID=exon-gnl|WGS:JAJSEB|jg8961.t1-1;Parent=rna-gnl|WGS:JAJSEB|jg8961.t1;gbkey=mRNA;locus_tag=LSM04_001298;orig_protein_id=gnl|WGS:JAJSEB|jg8961.t1.CDS1;orig_transcript_id=gnl|WGS:JAJSEB|jg8961.t1;product=hypothetical protein",3660
"JAJSEB010000012.1","Genbank","CDS",337267,340926,".","-","0","ID=cds-KAH9600082.1;Parent=rna-gnl|WGS:JAJSEB|jg8961.t1;Dbxref=NCBI_GP:KAH9600082.1;Name=KAH9600082.1;gbkey=CDS;locus_tag=LSM04_001298;orig_transcript_id=gnl|WGS:JAJSEB|jg8961.t1;product=hypothetical protein;protein_id=KAH9600082.1",3660
"JAJSEB010000012.1","Genbank","gene",341532,345245,".","-",".","ID=gene-LSM04_002242;Name=LSM04_002242;gbkey=Gene;gene_biotype=protein_coding;locus_tag=LSM04_002242",3714
"JAJSEB010000012.1","Genbank","mRNA",341532,345245,".","-",".","ID=rna-gnl|WGS:JAJSEB|jg8962.t1;Parent=gene-LSM04_002242;gbkey=mRNA;locus_tag=LSM04_002242;orig_protein_id=gnl|WGS:JAJSEB|jg8962.t1.CDS1;orig_transcript_id=gnl|WGS:JAJSEB|jg8962.t1;product=hypothetical protein",3714
"JAJSEB010000012.1","Genbank","exon",341532,345245,".","-",".","ID=exon-gnl|WGS:JAJSEB|jg8962.t1-1;Parent=rna-gnl|WGS:JAJSEB|jg8962.t1;gbkey=mRNA;locus_tag=LSM04_002242;orig_protein_id=gnl|WGS:JAJSEB|jg8962.t1.CDS1;orig_transcript_id=gnl|WGS:JAJSEB|jg8962.t1;product=hypothetical protein",3714
"JAJSEB010000012.1","Genbank","CDS",341532,345245,".","-","0","ID=cds-KAH9600099.1;Parent=rna-gnl|WGS:JAJSEB|jg8962.t1;Dbxref=NCBI_GP:KAH9600099.1;Name=KAH9600099.1;gbkey=CDS;locus_tag=LSM04_002242;orig_transcript_id=gnl|WGS:JAJSEB|jg8962.t1;product=hypothetical protein;protein_id=KAH9600099.1",3714
"JAJSEB010000012.1","Genbank","gene",345761,348085,".","-",".","ID=gene-LSM04_003332;Name=LSM04_003332;gbkey=Gene;gene_biotype=protein_coding;locus_tag=LSM04_003332",2325
"JAJSEB010000012.1","Genbank","mRNA",345761,348085,".","-",".","ID=rna-gnl|WGS:JAJSEB|jg8963.t1;Parent=gene-LSM04_003332;gbkey=mRNA;locus_tag=LSM04_003332;orig_protein_id=gnl|WGS:JAJSEB|jg8963.t1.CDS1;orig_transcript_id=gnl|WGS:JAJSEB|jg8963.t1;product=hypothetical protein",2325
"JAJSEB010000012.1","Genbank","exon",345761,348085,".","-",".","ID=exon-gnl|WGS:JAJSEB|jg8963.t1-1;Parent=rna-gnl|WGS:JAJSEB|jg8963.t1;gbkey=mRNA;locus_tag=LSM04_003332;orig_protein_id=gnl|WGS:JAJSEB|jg8963.t1.CDS1;orig_transcript_id=gnl|WGS:JAJSEB|jg8963.t1;product=hypothetical protein",2325
"JAJSEB010000012.1","Genbank","CDS",345761,348085,".","-","0","ID=cds-KAH9600125.1;Parent=rna-gnl|WGS:JAJSEB|jg8963.t1;Dbxref=NCBI_GP:KAH9600125.1;Name=KAH9600125.1;gbkey=CDS;locus_tag=LSM04_003332;orig_transcript_id=gnl|WGS:JAJSEB|jg8963.t1;product=hypothetical protein;protein_id=KAH9600125.1",2325
"JAJSEB010000016.1","Genbank","gene",165564,167171,".","-",".","ID=gene-LSM04_005439;Name=LSM04_005439;gbkey=Gene;gene_biotype=protein_coding;locus_tag=LSM04_005439",1608
"JAJSEB010000016.1","Genbank","mRNA",165564,167171,".","-",".","ID=rna-gnl|WGS:JAJSEB|jg2901.t1;Parent=gene-LSM04_005439;gbkey=mRNA;locus_tag=LSM04_005439;orig_protein_id=gnl|WGS:JAJSEB|jg2901.t1.CDS1;orig_transcript_id=gnl|WGS:JAJSEB|jg2901.t1;product=hypothetical protein",1608
"JAJSEB010000016.1","Genbank","exon",165564,167171,".","-",".","ID=exon-gnl|WGS:JAJSEB|jg2901.t1-1;Parent=rna-gnl|WGS:JAJSEB|jg2901.t1;gbkey=mRNA;locus_tag=LSM04_005439;orig_protein_id=gnl|WGS:JAJSEB|jg2901.t1.CDS1;orig_transcript_id=gnl|WGS:JAJSEB|jg2901.t1;product=hypothetical protein",1608
"JAJSEB010000016.1","Genbank","CDS",165564,167171,".","-","0","ID=cds-KAH9599542.1;Parent=rna-gnl|WGS:JAJSEB|jg2901.t1;Dbxref=NCBI_GP:KAH9599542.1;Name=KAH9599542.1;gbkey=CDS;locus_tag=LSM04_005439;orig_transcript_id=gnl|WGS:JAJSEB|jg2901.t1;product=hypothetical protein;protein_id=KAH9599542.1",1608
"JAJSEB010000016.1","Genbank","gene",167746,170784,".","-",".","ID=gene-LSM04_004354;Name=LSM04_004354;gbkey=Gene;gene_biotype=protein_coding;locus_tag=LSM04_004354",3039
"JAJSEB010000016.1","Genbank","mRNA",167746,170784,".","-",".","ID=rna-gnl|WGS:JAJSEB|jg2902.t1;Parent=gene-LSM04_004354;gbkey=mRNA;locus_tag=LSM04_004354;orig_protein_id=gnl|WGS:JAJSEB|jg2902.t1.CDS1;orig_transcript_id=gnl|WGS:JAJSEB|jg2902.t1;product=Cullin",3039
"JAJSEB010000016.1","Genbank","exon",167746,170784,".","-",".","ID=exon-gnl|WGS:JAJSEB|jg2902.t1-1;Parent=rna-gnl|WGS:JAJSEB|jg2902.t1;gbkey=mRNA;locus_tag=LSM04_004354;orig_protein_id=gnl|WGS:JAJSEB|jg2902.t1.CDS1;orig_transcript_id=gnl|WGS:JAJSEB|jg2902.t1;product=Cullin",3039
"JAJSEB010000016.1","Genbank","CDS",167746,170784,".","-","0","ID=cds-KAH9599501.1;Parent=rna-gnl|WGS:JAJSEB|jg2902.t1;Dbxref=NCBI_GP:KAH9599501.1;Name=KAH9599501.1;gbkey=CDS;locus_tag=LSM04_004354;orig_transcript_id=gnl|WGS:JAJSEB|jg2902.t1;product=Cullin;protein_id=KAH9599501.1",3039
"JAJSEB010000016.1","Genbank","gene",171768,173003,".","-",".","ID=gene-LSM04_003894;Name=LSM04_003894;gbkey=Gene;gene_biotype=protein_coding;locus_tag=LSM04_003894",1236
"JAJSEB010000016.1","Genbank","mRNA",171768,173003,".","-",".","ID=rna-gnl|WGS:JAJSEB|jg2903.t1;Parent=gene-LSM04_003894;gbkey=mRNA;locus_tag=LSM04_003894;orig_protein_id=gnl|WGS:JAJSEB|jg2903.t1.CDS1;orig_transcript_id=gnl|WGS:JAJSEB|jg2903.t1;product=Nuclear pore localization protein NPL4",1236
"JAJSEB010000016.1","Genbank","exon",171768,173003,".","-",".","ID=exon-gnl|WGS:JAJSEB|jg2903.t1-1;Parent=rna-gnl|WGS:JAJSEB|jg2903.t1;gbkey=mRNA;locus_tag=LSM04_003894;orig_protein_id=gnl|WGS:JAJSEB|jg2903.t1.CDS1;orig_transcript_id=gnl|WGS:JAJSEB|jg2903.t1;product=Nuclear pore localization protein NPL4",1236
"JAJSEB010000016.1","Genbank","CDS",171768,173003,".","-","0","ID=cds-KAH9599490.1;Parent=rna-gnl|WGS:JAJSEB|jg2903.t1;Dbxref=NCBI_GP:KAH9599490.1;Name=KAH9599490.1;gbkey=CDS;locus_tag=LSM04_003894;orig_transcript_id=gnl|WGS:JAJSEB|jg2903.t1;product=Nuclear pore localization protein NPL4;protein_id=KAH9599490.1",1236
"JAJSEB010000016.1","Genbank","gene",173540,175138,".","-",".","ID=gene-LSM04_007718;Name=LSM04_007718;gbkey=Gene;gene_biotype=protein_coding;locus_tag=LSM04_007718",1599
"JAJSEB010000016.1","Genbank","mRNA",173540,175138,".","-",".","ID=rna-gnl|WGS:JAJSEB|jg2904.t1;Parent=gene-LSM04_007718;gbkey=mRNA;locus_tag=LSM04_007718;orig_protein_id=gnl|WGS:JAJSEB|jg2904.t1.CDS1;orig_transcript_id=gnl|WGS:JAJSEB|jg2904.t1;product=hypothetical protein",1599
"JAJSEB010000016.1","Genbank","exon",173540,175138,".","-",".","ID=exon-gnl|WGS:JAJSEB|jg2904.t1-1;Parent=rna-gnl|WGS:JAJSEB|jg2904.t1;gbkey=mRNA;locus_tag=LSM04_007718;orig_protein_id=gnl|WGS:JAJSEB|jg2904.t1.CDS1;orig_transcript_id=gnl|WGS:JAJSEB|jg2904.t1;product=hypothetical protein",1599
"JAJSEB010000016.1","Genbank","CDS",173540,175138,".","-","0","ID=cds-KAH9599584.1;Parent=rna-gnl|WGS:JAJSEB|jg2904.t1;Dbxref=NCBI_GP:KAH9599584.1;Name=KAH9599584.1;gbkey=CDS;locus_tag=LSM04_007718;orig_transcript_id=gnl|WGS:JAJSEB|jg2904.t1;product=hypothetical protein;protein_id=KAH9599584.1",1599
"JAJSEB010000016.1","Genbank","gene",175487,176095,".","-",".","ID=gene-LSM04_005280;Name=LSM04_005280;gbkey=Gene;gene_biotype=protein_coding;locus_tag=LSM04_005280",609
"JAJSEB010000016.1","Genbank","mRNA",175487,176095,".","-",".","ID=rna-gnl|WGS:JAJSEB|jg2905.t1;Parent=gene-LSM04_005280;gbkey=mRNA;locus_tag=LSM04_005280;orig_protein_id=gnl|WGS:JAJSEB|jg2905.t1.CDS1;orig_transcript_id=gnl|WGS:JAJSEB|jg2905.t1;product=hypothetical protein",609
"JAJSEB010000016.1","Genbank","exon",175487,176095,".","-",".","ID=exon-gnl|WGS:JAJSEB|jg2905.t1-1;Parent=rna-gnl|WGS:JAJSEB|jg2905.t1;gbkey=mRNA;locus_tag=LSM04_005280;orig_protein_id=gnl|WGS:JAJSEB|jg2905.t1.CDS1;orig_transcript_id=gnl|WGS:JAJSEB|jg2905.t1;product=hypothetical protein",609
"JAJSEB010000016.1","Genbank","CDS",175487,176095,".","-","0","ID=cds-KAH9599537.1;Parent=rna-gnl|WGS:JAJSEB|jg2905.t1;Dbxref=NCBI_GP:KAH9599537.1;Name=KAH9599537.1;gbkey=CDS;locus_tag=LSM04_005280;orig_transcript_id=gnl|WGS:JAJSEB|jg2905.t1;product=hypothetical protein;protein_id=KAH9599537.1",609
"JAJSEB010000016.1","Genbank","gene",176508,177188,".","-",".","ID=gene-LSM04_009424;Name=LSM04_009424;gbkey=Gene;gene_biotype=protein_coding;locus_tag=LSM04_009424",681
"JAJSEB010000016.1","Genbank","mRNA",176508,177188,".","-",".","ID=rna-gnl|WGS:JAJSEB|jg2906.t1;Parent=gene-LSM04_009424;gbkey=mRNA;locus_tag=LSM04_009424;orig_protein_id=gnl|WGS:JAJSEB|jg2906.t1.CDS1;orig_transcript_id=gnl|WGS:JAJSEB|jg2906.t1;product=Biogenesis of lysosome-related organelles complex 1 subunit 1",681
"JAJSEB010000016.1","Genbank","exon",176821,177188,".","-",".","ID=exon-gnl|WGS:JAJSEB|jg2906.t1-1;Parent=rna-gnl|WGS:JAJSEB|jg2906.t1;gbkey=mRNA;locus_tag=LSM04_009424;orig_protein_id=gnl|WGS:JAJSEB|jg2906.t1.CDS1;orig_transcript_id=gnl|WGS:JAJSEB|jg2906.t1;product=Biogenesis of lysosome-related organelles complex 1 subunit 1",368
"JAJSEB010000016.1","Genbank","exon",176508,176766,".","-",".","ID=exon-gnl|WGS:JAJSEB|jg2906.t1-2;Parent=rna-gnl|WGS:JAJSEB|jg2906.t1;gbkey=mRNA;locus_tag=LSM04_009424;orig_protein_id=gnl|WGS:JAJSEB|jg2906.t1.CDS1;orig_transcript_id=gnl|WGS:JAJSEB|jg2906.t1;product=Biogenesis of lysosome-related organelles complex 1 subunit 1",259
"JAJSEB010000016.1","Genbank","CDS",176821,177188,".","-","0","ID=cds-KAH9599636.1;Parent=rna-gnl|WGS:JAJSEB|jg2906.t1;Dbxref=NCBI_GP:KAH9599636.1;Name=KAH9599636.1;gbkey=CDS;locus_tag=LSM04_009424;orig_transcript_id=gnl|WGS:JAJSEB|jg2906.t1;product=Biogenesis of lysosome-related organelles complex 1 subunit 1;protein_id=KAH9599636.1",368
"JAJSEB010000016.1","Genbank","CDS",176508,176766,".","-","1","ID=cds-KAH9599636.1;Parent=rna-gnl|WGS:JAJSEB|jg2906.t1;Dbxref=NCBI_GP:KAH9599636.1;Name=KAH9599636.1;gbkey=CDS;locus_tag=LSM04_009424;orig_transcript_id=gnl|WGS:JAJSEB|jg2906.t1;product=Biogenesis of lysosome-related organelles complex 1 subunit 1;protein_id=KAH9599636.1",259
"JAJSEB010000016.1","Genbank","gene",177722,177976,".","-",".","ID=gene-LSM04_006648;Name=LSM04_006648;gbkey=Gene;gene_biotype=protein_coding;locus_tag=LSM04_006648",255
"JAJSEB010000016.1","Genbank","mRNA",177722,177976,".","-",".","ID=rna-gnl|WGS:JAJSEB|jg2907.t1;Parent=gene-LSM04_006648;gbkey=mRNA;locus_tag=LSM04_006648;orig_protein_id=gnl|WGS:JAJSEB|jg2907.t1.CDS1;orig_transcript_id=gnl|WGS:JAJSEB|jg2907.t1;product=DNA-directed RNA polymerase",255
"JAJSEB010000016.1","Genbank","exon",177722,177976,".","-",".","ID=exon-gnl|WGS:JAJSEB|jg2907.t1-1;Parent=rna-gnl|WGS:JAJSEB|jg2907.t1;gbkey=mRNA;locus_tag=LSM04_006648;orig_protein_id=gnl|WGS:JAJSEB|jg2907.t1.CDS1;orig_transcript_id=gnl|WGS:JAJSEB|jg2907.t1;product=DNA-directed RNA polymerase",255
"JAJSEB010000016.1","Genbank","CDS",177722,177976,".","-","0","ID=cds-KAH9599571.1;Parent=rna-gnl|WGS:JAJSEB|jg2907.t1;Dbxref=NCBI_GP:KAH9599571.1;Name=KAH9599571.1;gbkey=CDS;locus_tag=LSM04_006648;orig_transcript_id=gnl|WGS:JAJSEB|jg2907.t1;product=DNA-directed RNA polymerase;protein_id=KAH9599571.1",255
"JAJSEB010000016.1","Genbank","gene",179146,180138,".","-",".","ID=gene-LSM04_006068;Name=LSM04_006068;gbkey=Gene;gene_biotype=protein_coding;locus_tag=LSM04_006068",993
"JAJSEB010000016.1","Genbank","mRNA",179146,180138,".","-",".","ID=rna-gnl|WGS:JAJSEB|jg2908.t1;Parent=gene-LSM04_006068;gbkey=mRNA;locus_tag=LSM04_006068;orig_protein_id=gnl|WGS:JAJSEB|jg2908.t1.CDS1;orig_transcript_id=gnl|WGS:JAJSEB|jg2908.t1;product=Calcineurin-like phosphoesterase domain",993
"JAJSEB010000016.1","Genbank","exon",179146,180138,".","-",".","ID=exon-gnl|WGS:JAJSEB|jg2908.t1-1;Parent=rna-gnl|WGS:JAJSEB|jg2908.t1;gbkey=mRNA;locus_tag=LSM04_006068;orig_protein_id=gnl|WGS:JAJSEB|jg2908.t1.CDS1;orig_transcript_id=gnl|WGS:JAJSEB|jg2908.t1;product=Calcineurin-like phosphoesterase domain",993
"JAJSEB010000016.1","Genbank","CDS",179146,180138,".","-","0","ID=cds-KAH9599554.1;Parent=rna-gnl|WGS:JAJSEB|jg2908.t1;Dbxref=NCBI_GP:KAH9599554.1;Name=KAH9599554.1;gbkey=CDS;locus_tag=LSM04_006068;orig_transcript_id=gnl|WGS:JAJSEB|jg2908.t1;product=Calcineurin-like phosphoesterase domain;protein_id=KAH9599554.1",993
"JAJSEB010000016.1","Genbank","gene",181007,184159,".","-",".","ID=gene-LSM04_004075;Name=LSM04_004075;gbkey=Gene;gene_biotype=protein_coding;locus_tag=LSM04_004075",3153
"JAJSEB010000016.1","Genbank","mRNA",181007,184159,".","-",".","ID=rna-gnl|WGS:JAJSEB|jg2909.t2;Parent=gene-LSM04_004075;gbkey=mRNA;locus_tag=LSM04_004075;orig_protein_id=gnl|WGS:JAJSEB|jg2909.t2.CDS1;orig_transcript_id=gnl|WGS:JAJSEB|jg2909.t2;product=hypothetical protein",3153
"JAJSEB010000016.1","Genbank","exon",181007,184159,".","-",".","ID=exon-gnl|WGS:JAJSEB|jg2909.t2-1;Parent=rna-gnl|WGS:JAJSEB|jg2909.t2;gbkey=mRNA;locus_tag=LSM04_004075;orig_protein_id=gnl|WGS:JAJSEB|jg2909.t2.CDS1;orig_transcript_id=gnl|WGS:JAJSEB|jg2909.t2;product=hypothetical protein",3153
"JAJSEB010000016.1","Genbank","CDS",181007,184159,".","-","0","ID=cds-KAH9599493.1;Parent=rna-gnl|WGS:JAJSEB|jg2909.t2;Dbxref=NCBI_GP:KAH9599493.1;Name=KAH9599493.1;gbkey=CDS;locus_tag=LSM04_004075;orig_transcript_id=gnl|WGS:JAJSEB|jg2909.t2;product=hypothetical protein;protein_id=KAH9599493.1",3153
"JAJSEB010000016.1","Genbank","mRNA",181007,181951,".","-",".","ID=rna-gnl|WGS:JAJSEB|jg2909.t1;Parent=gene-LSM04_004075;gbkey=mRNA;locus_tag=LSM04_004075;orig_protein_id=gnl|WGS:JAJSEB|jg2909.t1.CDS1;orig_transcript_id=gnl|WGS:JAJSEB|jg2909.t1;product=hypothetical protein",945
"JAJSEB010000016.1","Genbank","exon",181007,181951,".","-",".","ID=exon-gnl|WGS:JAJSEB|jg2909.t1-1;Parent=rna-gnl|WGS:JAJSEB|jg2909.t1;gbkey=mRNA;locus_tag=LSM04_004075;orig_protein_id=gnl|WGS:JAJSEB|jg2909.t1.CDS1;orig_transcript_id=gnl|WGS:JAJSEB|jg2909.t1;product=hypothetical protein",945
"JAJSEB010000016.1","Genbank","CDS",181007,181951,".","-","0","ID=cds-KAH9599492.1;Parent=rna-gnl|WGS:JAJSEB|jg2909.t1;Dbxref=NCBI_GP:KAH9599492.1;Name=KAH9599492.1;gbkey=CDS;locus_tag=LSM04_004075;orig_transcript_id=gnl|WGS:JAJSEB|jg2909.t1;product=hypothetical protein;protein_id=KAH9599492.1",945
"JAJSEB010000016.1","Genbank","gene",184356,186164,".","-",".","ID=gene-LSM04_004794;Name=LSM04_004794;gbkey=Gene;gene_biotype=protein_coding;locus_tag=LSM04_004794",1809
"JAJSEB010000016.1","Genbank","mRNA",184356,186164,".","-",".","ID=rna-gnl|WGS:JAJSEB|jg2910.t1;Parent=gene-LSM04_004794;gbkey=mRNA;locus_tag=LSM04_004794;orig_protein_id=gnl|WGS:JAJSEB|jg2910.t1.CDS1;orig_transcript_id=gnl|WGS:JAJSEB|jg2910.t1;product=hypothetical protein",1809
"JAJSEB010000016.1","Genbank","exon",184356,186164,".","-",".","ID=exon-gnl|WGS:JAJSEB|jg2910.t1-1;Parent=rna-gnl|WGS:JAJSEB|jg2910.t1;gbkey=mRNA;locus_tag=LSM04_004794;orig_protein_id=gnl|WGS:JAJSEB|jg2910.t1.CDS1;orig_transcript_id=gnl|WGS:JAJSEB|jg2910.t1;product=hypothetical protein",1809
"JAJSEB010000016.1","Genbank","CDS",184356,186164,".","-","0","ID=cds-KAH9599518.1;Parent=rna-gnl|WGS:JAJSEB|jg2910.t1;Dbxref=NCBI_GP:KAH9599518.1;Name=KAH9599518.1;gbkey=CDS;locus_tag=LSM04_004794;orig_transcript_id=gnl|WGS:JAJSEB|jg2910.t1;product=hypothetical protein;protein_id=KAH9599518.1",1809
"JAJSEB010000016.1","Genbank","gene",187799,190894,".","-",".","ID=gene-LSM04_002716;Name=LSM04_002716;gbkey=Gene;gene_biotype=protein_coding;locus_tag=LSM04_002716",3096
"JAJSEB010000016.1","Genbank","mRNA",187799,190894,".","-",".","ID=rna-gnl|WGS:JAJSEB|jg2911.t1;Parent=gene-LSM04_002716;gbkey=mRNA;locus_tag=LSM04_002716;orig_protein_id=gnl|WGS:JAJSEB|jg2911.t1.CDS1;orig_transcript_id=gnl|WGS:JAJSEB|jg2911.t1;product=Sec23/Sec24",3096
"JAJSEB010000016.1","Genbank","exon",187799,190894,".","-",".","ID=exon-gnl|WGS:JAJSEB|jg2911.t1-1;Parent=rna-gnl|WGS:JAJSEB|jg2911.t1;gbkey=mRNA;locus_tag=LSM04_002716;orig_protein_id=gnl|WGS:JAJSEB|jg2911.t1.CDS1;orig_transcript_id=gnl|WGS:JAJSEB|jg2911.t1;product=Sec23/Sec24",3096
"JAJSEB010000016.1","Genbank","CDS",187799,190894,".","-","0","ID=cds-KAH9599468.1;Parent=rna-gnl|WGS:JAJSEB|jg2911.t1;Dbxref=NCBI_GP:KAH9599468.1;Name=KAH9599468.1;gbkey=CDS;locus_tag=LSM04_002716;orig_transcript_id=gnl|WGS:JAJSEB|jg2911.t1;product=Sec23/Sec24;protein_id=KAH9599468.1",3096
"JAJSEB010000016.1","Genbank","gene",192322,195198,".","-",".","ID=gene-LSM04_008116;Name=LSM04_008116;gbkey=Gene;gene_biotype=protein_coding;locus_tag=LSM04_008116",2877
"JAJSEB010000016.1","Genbank","mRNA",192322,195198,".","-",".","ID=rna-gnl|WGS:JAJSEB|jg2912.t1;Parent=gene-LSM04_008116;gbkey=mRNA;locus_tag=LSM04_008116;orig_protein_id=gnl|WGS:JAJSEB|jg2912.t1.CDS1;orig_transcript_id=gnl|WGS:JAJSEB|jg2912.t1;product=hypothetical protein",2877
"JAJSEB010000016.1","Genbank","exon",192763,195198,".","-",".","ID=exon-gnl|WGS:JAJSEB|jg2912.t1-1;Parent=rna-gnl|WGS:JAJSEB|jg2912.t1;gbkey=mRNA;locus_tag=LSM04_008116;orig_protein_id=gnl|WGS:JAJSEB|jg2912.t1.CDS1;orig_transcript_id=gnl|WGS:JAJSEB|jg2912.t1;product=hypothetical protein",2436
"JAJSEB010000016.1","Genbank","exon",192322,192522,".","-",".","ID=exon-gnl|WGS:JAJSEB|jg2912.t1-2;Parent=rna-gnl|WGS:JAJSEB|jg2912.t1;gbkey=mRNA;locus_tag=LSM04_008116;orig_protein_id=gnl|WGS:JAJSEB|jg2912.t1.CDS1;orig_transcript_id=gnl|WGS:JAJSEB|jg2912.t1;product=hypothetical protein",201
"JAJSEB010000016.1","Genbank","CDS",192763,195198,".","-","0","ID=cds-KAH9599593.1;Parent=rna-gnl|WGS:JAJSEB|jg2912.t1;Dbxref=NCBI_GP:KAH9599593.1;Name=KAH9599593.1;gbkey=CDS;locus_tag=LSM04_008116;orig_transcript_id=gnl|WGS:JAJSEB|jg2912.t1;product=hypothetical protein;protein_id=KAH9599593.1",2436
"JAJSEB010000016.1","Genbank","CDS",192322,192522,".","-","0","ID=cds-KAH9599593.1;Parent=rna-gnl|WGS:JAJSEB|jg2912.t1;Dbxref=NCBI_GP:KAH9599593.1;Name=KAH9599593.1;gbkey=CDS;locus_tag=LSM04_008116;orig_transcript_id=gnl|WGS:JAJSEB|jg2912.t1;product=hypothetical protein;protein_id=KAH9599593.1",201
"JAJSEB010000016.1","Genbank","gene",195829,203672,".","-",".","ID=gene-LSM04_004244;Name=LSM04_004244;gbkey=Gene;gene_biotype=protein_coding;locus_tag=LSM04_004244",7844
"JAJSEB010000016.1","Genbank","mRNA",195829,203672,".","-",".","ID=rna-gnl|WGS:JAJSEB|jg2914.t1;Parent=gene-LSM04_004244;gbkey=mRNA;locus_tag=LSM04_004244;orig_protein_id=gnl|WGS:JAJSEB|jg2914.t1.CDS1;orig_transcript_id=gnl|WGS:JAJSEB|jg2914.t1;product=hypothetical protein",7844
"JAJSEB010000016.1","Genbank","exon",196472,203672,".","-",".","ID=exon-gnl|WGS:JAJSEB|jg2914.t1-1;Parent=rna-gnl|WGS:JAJSEB|jg2914.t1;gbkey=mRNA;locus_tag=LSM04_004244;orig_protein_id=gnl|WGS:JAJSEB|jg2914.t1.CDS1;orig_transcript_id=gnl|WGS:JAJSEB|jg2914.t1;product=hypothetical protein",7201
"JAJSEB010000016.1","Genbank","exon",195829,196244,".","-",".","ID=exon-gnl|WGS:JAJSEB|jg2914.t1-2;Parent=rna-gnl|WGS:JAJSEB|jg2914.t1;gbkey=mRNA;locus_tag=LSM04_004244;orig_protein_id=gnl|WGS:JAJSEB|jg2914.t1.CDS1;orig_transcript_id=gnl|WGS:JAJSEB|jg2914.t1;product=hypothetical protein",416
"JAJSEB010000016.1","Genbank","CDS",196472,203672,".","-","0","ID=cds-KAH9599497.1;Parent=rna-gnl|WGS:JAJSEB|jg2914.t1;Dbxref=NCBI_GP:KAH9599497.1;Name=KAH9599497.1;gbkey=CDS;locus_tag=LSM04_004244;orig_transcript_id=gnl|WGS:JAJSEB|jg2914.t1;product=hypothetical protein;protein_id=KAH9599497.1",7201
"JAJSEB010000016.1","Genbank","CDS",195829,196244,".","-","2","ID=cds-KAH9599497.1;Parent=rna-gnl|WGS:JAJSEB|jg2914.t1;Dbxref=NCBI_GP:KAH9599497.1;Name=KAH9599497.1;gbkey=CDS;locus_tag=LSM04_004244;orig_transcript_id=gnl|WGS:JAJSEB|jg2914.t1;product=hypothetical protein;protein_id=KAH9599497.1",416
"JAJSEB010000016.1","Genbank","mRNA",195829,201986,".","-",".","ID=rna-gnl|WGS:JAJSEB|jg2914.t3;Parent=gene-LSM04_004244;gbkey=mRNA;locus_tag=LSM04_004244;orig_protein_id=gnl|WGS:JAJSEB|jg2914.t3.CDS1;orig_transcript_id=gnl|WGS:JAJSEB|jg2914.t3;product=hypothetical protein",6158
"JAJSEB010000016.1","Genbank","exon",196472,201986,".","-",".","ID=exon-gnl|WGS:JAJSEB|jg2914.t3-1;Parent=rna-gnl|WGS:JAJSEB|jg2914.t3;gbkey=mRNA;locus_tag=LSM04_004244;orig_protein_id=gnl|WGS:JAJSEB|jg2914.t3.CDS1;orig_transcript_id=gnl|WGS:JAJSEB|jg2914.t3;product=hypothetical protein",5515
"JAJSEB010000016.1","Genbank","exon",195829,196244,".","-",".","ID=exon-gnl|WGS:JAJSEB|jg2914.t3-2;Parent=rna-gnl|WGS:JAJSEB|jg2914.t3;gbkey=mRNA;locus_tag=LSM04_004244;orig_protein_id=gnl|WGS:JAJSEB|jg2914.t3.CDS1;orig_transcript_id=gnl|WGS:JAJSEB|jg2914.t3;product=hypothetical protein",416
"JAJSEB010000016.1","Genbank","CDS",196472,201986,".","-","0","ID=cds-KAH9599499.1;Parent=rna-gnl|WGS:JAJSEB|jg2914.t3;Dbxref=NCBI_GP:KAH9599499.1;Name=KAH9599499.1;gbkey=CDS;locus_tag=LSM04_004244;orig_transcript_id=gnl|WGS:JAJSEB|jg2914.t3;product=hypothetical protein;protein_id=KAH9599499.1",5515
"JAJSEB010000016.1","Genbank","CDS",195829,196244,".","-","2","ID=cds-KAH9599499.1;Parent=rna-gnl|WGS:JAJSEB|jg2914.t3;Dbxref=NCBI_GP:KAH9599499.1;Name=KAH9599499.1;gbkey=CDS;locus_tag=LSM04_004244;orig_transcript_id=gnl|WGS:JAJSEB|jg2914.t3;product=hypothetical protein;protein_id=KAH9599499.1",416
"JAJSEB010000016.1","Genbank","mRNA",195829,197333,".","-",".","ID=rna-gnl|WGS:JAJSEB|jg2914.t2;Parent=gene-LSM04_004244;gbkey=mRNA;locus_tag=LSM04_004244;orig_protein_id=gnl|WGS:JAJSEB|jg2914.t2.CDS1;orig_transcript_id=gnl|WGS:JAJSEB|jg2914.t2;product=hypothetical protein",1505
"JAJSEB010000016.1","Genbank","exon",196472,197333,".","-",".","ID=exon-gnl|WGS:JAJSEB|jg2914.t2-1;Parent=rna-gnl|WGS:JAJSEB|jg2914.t2;gbkey=mRNA;locus_tag=LSM04_004244;orig_protein_id=gnl|WGS:JAJSEB|jg2914.t2.CDS1;orig_transcript_id=gnl|WGS:JAJSEB|jg2914.t2;product=hypothetical protein",862
"JAJSEB010000016.1","Genbank","exon",195829,196244,".","-",".","ID=exon-gnl|WGS:JAJSEB|jg2914.t2-2;Parent=rna-gnl|WGS:JAJSEB|jg2914.t2;gbkey=mRNA;locus_tag=LSM04_004244;orig_protein_id=gnl|WGS:JAJSEB|jg2914.t2.CDS1;orig_transcript_id=gnl|WGS:JAJSEB|jg2914.t2;product=hypothetical protein",416
"JAJSEB010000016.1","Genbank","CDS",196472,197333,".","-","0","ID=cds-KAH9599498.1;Parent=rna-gnl|WGS:JAJSEB|jg2914.t2;Dbxref=NCBI_GP:KAH9599498.1;Name=KAH9599498.1;gbkey=CDS;locus_tag=LSM04_004244;orig_transcript_id=gnl|WGS:JAJSEB|jg2914.t2;product=hypothetical protein;protein_id=KAH9599498.1",862
"JAJSEB010000016.1","Genbank","CDS",195829,196244,".","-","2","ID=cds-KAH9599498.1;Parent=rna-gnl|WGS:JAJSEB|jg2914.t2;Dbxref=NCBI_GP:KAH9599498.1;Name=KAH9599498.1;gbkey=CDS;locus_tag=LSM04_004244;orig_transcript_id=gnl|WGS:JAJSEB|jg2914.t2;product=hypothetical protein;protein_id=KAH9599498.1",416
"JAJSEB010000016.1","Genbank","gene",197356,197595,".","+",".","ID=gene-LSM04_008307;Name=LSM04_008307;gbkey=Gene;gene_biotype=protein_coding;locus_tag=LSM04_008307",240
"JAJSEB010000016.1","Genbank","mRNA",197356,197595,".","+",".","ID=rna-gnl|WGS:JAJSEB|jg2913.t1;Parent=gene-LSM04_008307;gbkey=mRNA;locus_tag=LSM04_008307;orig_protein_id=gnl|WGS:JAJSEB|jg2913.t1.CDS1;orig_transcript_id=gnl|WGS:JAJSEB|jg2913.t1;product=hypothetical protein",240
"JAJSEB010000016.1","Genbank","exon",197356,197595,".","+",".","ID=exon-gnl|WGS:JAJSEB|jg2913.t1-1;Parent=rna-gnl|WGS:JAJSEB|jg2913.t1;gbkey=mRNA;locus_tag=LSM04_008307;orig_protein_id=gnl|WGS:JAJSEB|jg2913.t1.CDS1;orig_transcript_id=gnl|WGS:JAJSEB|jg2913.t1;product=hypothetical protein",240
"JAJSEB010000016.1","Genbank","CDS",197356,197595,".","+","0","ID=cds-KAH9599601.1;Parent=rna-gnl|WGS:JAJSEB|jg2913.t1;Dbxref=NCBI_GP:KAH9599601.1;Name=KAH9599601.1;gbkey=CDS;locus_tag=LSM04_008307;orig_transcript_id=gnl|WGS:JAJSEB|jg2913.t1;product=hypothetical protein;protein_id=KAH9599601.1",240
"JAJSEB010000016.1","Genbank","gene",204733,207285,".","-",".","ID=gene-LSM04_007159;Name=LSM04_007159;gbkey=Gene;gene_biotype=protein_coding;locus_tag=LSM04_007159",2553
"JAJSEB010000016.1","Genbank","mRNA",204733,207285,".","-",".","ID=rna-gnl|WGS:JAJSEB|jg2915.t1;Parent=gene-LSM04_007159;gbkey=mRNA;locus_tag=LSM04_007159;orig_protein_id=gnl|WGS:JAJSEB|jg2915.t1.CDS1;orig_transcript_id=gnl|WGS:JAJSEB|jg2915.t1;product=hypothetical protein",2553
"JAJSEB010000016.1","Genbank","exon",204733,207285,".","-",".","ID=exon-gnl|WGS:JAJSEB|jg2915.t1-1;Parent=rna-gnl|WGS:JAJSEB|jg2915.t1;gbkey=mRNA;locus_tag=LSM04_007159;orig_protein_id=gnl|WGS:JAJSEB|jg2915.t1.CDS1;orig_transcript_id=gnl|WGS:JAJSEB|jg2915.t1;product=hypothetical protein",2553
"JAJSEB010000016.1","Genbank","CDS",204733,207285,".","-","0","ID=cds-KAH9599579.1;Parent=rna-gnl|WGS:JAJSEB|jg2915.t1;Dbxref=NCBI_GP:KAH9599579.1;Name=KAH9599579.1;gbkey=CDS;locus_tag=LSM04_007159;orig_transcript_id=gnl|WGS:JAJSEB|jg2915.t1;product=hypothetical protein;protein_id=KAH9599579.1",2553
"JAJSEB010000016.1","Genbank","gene",207950,209125,".","-",".","ID=gene-LSM04_008722;Name=LSM04_008722;gbkey=Gene;gene_biotype=protein_coding;locus_tag=LSM04_008722",1176
"JAJSEB010000016.1","Genbank","mRNA",207950,209125,".","-",".","ID=rna-gnl|WGS:JAJSEB|jg2916.t1;Parent=gene-LSM04_008722;gbkey=mRNA;locus_tag=LSM04_008722;orig_protein_id=gnl|WGS:JAJSEB|jg2916.t1.CDS1;orig_transcript_id=gnl|WGS:JAJSEB|jg2916.t1;product=TAP46-like protein",1176
"JAJSEB010000016.1","Genbank","exon",207950,209125,".","-",".","ID=exon-gnl|WGS:JAJSEB|jg2916.t1-1;Parent=rna-gnl|WGS:JAJSEB|jg2916.t1;gbkey=mRNA;locus_tag=LSM04_008722;orig_protein_id=gnl|WGS:JAJSEB|jg2916.t1.CDS1;orig_transcript_id=gnl|WGS:JAJSEB|jg2916.t1;product=TAP46-like protein",1176
"JAJSEB010000016.1","Genbank","CDS",207950,209125,".","-","0","ID=cds-KAH9599618.1;Parent=rna-gnl|WGS:JAJSEB|jg2916.t1;Dbxref=NCBI_GP:KAH9599618.1;Name=KAH9599618.1;gbkey=CDS;locus_tag=LSM04_008722;orig_transcript_id=gnl|WGS:JAJSEB|jg2916.t1;product=TAP46-like protein;protein_id=KAH9599618.1",1176
"JAJSEB010000016.1","Genbank","gene",209577,210344,".","-",".","ID=gene-LSM04_005838;Name=LSM04_005838;gbkey=Gene;gene_biotype=protein_coding;locus_tag=LSM04_005838",768
"JAJSEB010000016.1","Genbank","mRNA",209577,210344,".","-",".","ID=rna-gnl|WGS:JAJSEB|jg2917.t1;Parent=gene-LSM04_005838;gbkey=mRNA;locus_tag=LSM04_005838;orig_protein_id=gnl|WGS:JAJSEB|jg2917.t1.CDS1;orig_transcript_id=gnl|WGS:JAJSEB|jg2917.t1;product=hypothetical protein",768
"JAJSEB010000016.1","Genbank","exon",209577,210344,".","-",".","ID=exon-gnl|WGS:JAJSEB|jg2917.t1-1;Parent=rna-gnl|WGS:JAJSEB|jg2917.t1;gbkey=mRNA;locus_tag=LSM04_005838;orig_protein_id=gnl|WGS:JAJSEB|jg2917.t1.CDS1;orig_transcript_id=gnl|WGS:JAJSEB|jg2917.t1;product=hypothetical protein",768
"JAJSEB010000016.1","Genbank","CDS",209577,210344,".","-","0","ID=cds-KAH9599550.1;Parent=rna-gnl|WGS:JAJSEB|jg2917.t1;Dbxref=NCBI_GP:KAH9599550.1;Name=KAH9599550.1;gbkey=CDS;locus_tag=LSM04_005838;orig_transcript_id=gnl|WGS:JAJSEB|jg2917.t1;product=hypothetical protein;protein_id=KAH9599550.1",768
"JAJSEB010000016.1","Genbank","gene",211099,211956,".","-",".","ID=gene-LSM04_003077;Name=LSM04_003077;gbkey=Gene;gene_biotype=protein_coding;locus_tag=LSM04_003077",858
"JAJSEB010000016.1","Genbank","mRNA",211099,211956,".","-",".","ID=rna-gnl|WGS:JAJSEB|jg2918.t1;Parent=gene-LSM04_003077;gbkey=mRNA;locus_tag=LSM04_003077;orig_protein_id=gnl|WGS:JAJSEB|jg2918.t1.CDS1;orig_transcript_id=gnl|WGS:JAJSEB|jg2918.t1;product=GPN-loop GTPase",858
"JAJSEB010000016.1","Genbank","exon",211099,211956,".","-",".","ID=exon-gnl|WGS:JAJSEB|jg2918.t1-1;Parent=rna-gnl|WGS:JAJSEB|jg2918.t1;gbkey=mRNA;locus_tag=LSM04_003077;orig_protein_id=gnl|WGS:JAJSEB|jg2918.t1.CDS1;orig_transcript_id=gnl|WGS:JAJSEB|jg2918.t1;product=GPN-loop GTPase",858
"JAJSEB010000016.1","Genbank","CDS",211099,211956,".","-","0","ID=cds-KAH9599476.1;Parent=rna-gnl|WGS:JAJSEB|jg2918.t1;Dbxref=NCBI_GP:KAH9599476.1;Name=KAH9599476.1;gbkey=CDS;locus_tag=LSM04_003077;orig_transcript_id=gnl|WGS:JAJSEB|jg2918.t1;product=GPN-loop GTPase;protein_id=KAH9599476.1",858
"JAJSEB010000016.1","Genbank","gene",212350,213807,".","-",".","ID=gene-LSM04_000468;Name=LSM04_000468;gbkey=Gene;gene_biotype=protein_coding;locus_tag=LSM04_000468",1458
"JAJSEB010000016.1","Genbank","mRNA",212350,213807,".","-",".","ID=rna-gnl|WGS:JAJSEB|jg2919.t1;Parent=gene-LSM04_000468;gbkey=mRNA;locus_tag=LSM04_000468;orig_protein_id=gnl|WGS:JAJSEB|jg2919.t1.CDS1;orig_transcript_id=gnl|WGS:JAJSEB|jg2919.t1;product=SWAP/Surp",1458
"JAJSEB010000016.1","Genbank","exon",212350,213807,".","-",".","ID=exon-gnl|WGS:JAJSEB|jg2919.t1-1;Parent=rna-gnl|WGS:JAJSEB|jg2919.t1;gbkey=mRNA;locus_tag=LSM04_000468;orig_protein_id=gnl|WGS:JAJSEB|jg2919.t1.CDS1;orig_transcript_id=gnl|WGS:JAJSEB|jg2919.t1;product=SWAP/Surp",1458
"JAJSEB010000016.1","Genbank","CDS",212350,213807,".","-","0","ID=cds-KAH9599422.1;Parent=rna-gnl|WGS:JAJSEB|jg2919.t1;Dbxref=NCBI_GP:KAH9599422.1;Name=KAH9599422.1;gbkey=CDS;locus_tag=LSM04_000468;orig_transcript_id=gnl|WGS:JAJSEB|jg2919.t1;product=SWAP/Surp;protein_id=KAH9599422.1",1458
"JAJSEB010000016.1","Genbank","gene",214381,216117,".","-",".","ID=gene-LSM04_000366;Name=LSM04_000366;gbkey=Gene;gene_biotype=protein_coding;locus_tag=LSM04_000366",1737
"JAJSEB010000016.1","Genbank","mRNA",214381,216117,".","-",".","ID=rna-gnl|WGS:JAJSEB|jg2920.t1;Parent=gene-LSM04_000366;gbkey=mRNA;locus_tag=LSM04_000366;orig_protein_id=gnl|WGS:JAJSEB|jg2920.t1.CDS1;orig_transcript_id=gnl|WGS:JAJSEB|jg2920.t1;product=DNA polymerase delta subunit",1737
"JAJSEB010000016.1","Genbank","exon",214381,216117,".","-",".","ID=exon-gnl|WGS:JAJSEB|jg2920.t1-1;Parent=rna-gnl|WGS:JAJSEB|jg2920.t1;gbkey=mRNA;locus_tag=LSM04_000366;orig_protein_id=gnl|WGS:JAJSEB|jg2920.t1.CDS1;orig_transcript_id=gnl|WGS:JAJSEB|jg2920.t1;product=DNA polymerase delta subunit",1737
"JAJSEB010000016.1","Genbank","CDS",214381,216117,".","-","0","ID=cds-KAH9599419.1;Parent=rna-gnl|WGS:JAJSEB|jg2920.t1;Dbxref=NCBI_GP:KAH9599419.1;Name=KAH9599419.1;gbkey=CDS;locus_tag=LSM04_000366;orig_transcript_id=gnl|WGS:JAJSEB|jg2920.t1;product=DNA polymerase delta subunit;protein_id=KAH9599419.1",1737
"JAJSEB010000016.1","Genbank","gene",217903,218556,".","-",".","ID=gene-LSM04_004711;Name=LSM04_004711;gbkey=Gene;gene_biotype=protein_coding;locus_tag=LSM04_004711",654
"JAJSEB010000016.1","Genbank","mRNA",217903,218556,".","-",".","ID=rna-gnl|WGS:JAJSEB|jg2921.t1;Parent=gene-LSM04_004711;gbkey=mRNA;locus_tag=LSM04_004711;orig_protein_id=gnl|WGS:JAJSEB|jg2921.t1.CDS1;orig_transcript_id=gnl|WGS:JAJSEB|jg2921.t1;product=Small GTPase",654
"JAJSEB010000016.1","Genbank","exon",217903,218556,".","-",".","ID=exon-gnl|WGS:JAJSEB|jg2921.t1-1;Parent=rna-gnl|WGS:JAJSEB|jg2921.t1;gbkey=mRNA;locus_tag=LSM04_004711;orig_protein_id=gnl|WGS:JAJSEB|jg2921.t1.CDS1;orig_transcript_id=gnl|WGS:JAJSEB|jg2921.t1;product=Small GTPase",654
"JAJSEB010000016.1","Genbank","CDS",217903,218556,".","-","0","ID=cds-KAH9599514.1;Parent=rna-gnl|WGS:JAJSEB|jg2921.t1;Dbxref=NCBI_GP:KAH9599514.1;Name=KAH9599514.1;gbkey=CDS;locus_tag=LSM04_004711;orig_transcript_id=gnl|WGS:JAJSEB|jg2921.t1;product=Small GTPase;protein_id=KAH9599514.1",654
"JAJSEB010000016.1","Genbank","gene",219804,221375,".","-",".","ID=gene-LSM04_009559;Name=LSM04_009559;gbkey=Gene;gene_biotype=protein_coding;locus_tag=LSM04_009559",1572
"JAJSEB010000016.1","Genbank","mRNA",219804,221375,".","-",".","ID=rna-gnl|WGS:JAJSEB|jg2922.t1;Parent=gene-LSM04_009559;gbkey=mRNA;locus_tag=LSM04_009559;orig_protein_id=gnl|WGS:JAJSEB|jg2922.t1.CDS1;orig_transcript_id=gnl|WGS:JAJSEB|jg2922.t1;product=Clusterin-associated protein-1",1572
"JAJSEB010000016.1","Genbank","exon",219804,221375,".","-",".","ID=exon-gnl|WGS:JAJSEB|jg2922.t1-1;Parent=rna-gnl|WGS:JAJSEB|jg2922.t1;gbkey=mRNA;locus_tag=LSM04_009559;orig_protein_id=gnl|WGS:JAJSEB|jg2922.t1.CDS1;orig_transcript_id=gnl|WGS:JAJSEB|jg2922.t1;product=Clusterin-associated protein-1",1572
"JAJSEB010000016.1","Genbank","CDS",219804,221375,".","-","0","ID=cds-KAH9599637.1;Parent=rna-gnl|WGS:JAJSEB|jg2922.t1;Dbxref=NCBI_GP:KAH9599637.1;Name=KAH9599637.1;gbkey=CDS;locus_tag=LSM04_009559;orig_transcript_id=gnl|WGS:JAJSEB|jg2922.t1;product=Clusterin-associated protein-1;protein_id=KAH9599637.1",1572
"JAJSEB010000016.1","Genbank","gene",222011,223183,".","-",".","ID=gene-LSM04_000572;Name=LSM04_000572;gbkey=Gene;gene_biotype=protein_coding;locus_tag=LSM04_000572",1173
"JAJSEB010000016.1","Genbank","mRNA",222011,223183,".","-",".","ID=rna-gnl|WGS:JAJSEB|jg2923.t1;Parent=gene-LSM04_000572;gbkey=mRNA;locus_tag=LSM04_000572;orig_protein_id=gnl|WGS:JAJSEB|jg2923.t1.CDS1;orig_transcript_id=gnl|WGS:JAJSEB|jg2923.t1;product=Exonuclease",1173
"JAJSEB010000016.1","Genbank","exon",222011,223183,".","-",".","ID=exon-gnl|WGS:JAJSEB|jg2923.t1-1;Parent=rna-gnl|WGS:JAJSEB|jg2923.t1;gbkey=mRNA;locus_tag=LSM04_000572;orig_protein_id=gnl|WGS:JAJSEB|jg2923.t1.CDS1;orig_transcript_id=gnl|WGS:JAJSEB|jg2923.t1;product=Exonuclease",1173
"JAJSEB010000016.1","Genbank","CDS",222011,223183,".","-","0","ID=cds-KAH9599423.1;Parent=rna-gnl|WGS:JAJSEB|jg2923.t1;Dbxref=NCBI_GP:KAH9599423.1;Name=KAH9599423.1;gbkey=CDS;locus_tag=LSM04_000572;orig_transcript_id=gnl|WGS:JAJSEB|jg2923.t1;product=Exonuclease;protein_id=KAH9599423.1",1173
"JAJSEB010000016.1","Genbank","gene",224082,224846,".","-",".","ID=gene-LSM04_003785;Name=LSM04_003785;gbkey=Gene;gene_biotype=protein_coding;locus_tag=LSM04_003785",765
"JAJSEB010000016.1","Genbank","mRNA",224082,224846,".","-",".","ID=rna-gnl|WGS:JAJSEB|jg2924.t1;Parent=gene-LSM04_003785;gbkey=mRNA;locus_tag=LSM04_003785;orig_protein_id=gnl|WGS:JAJSEB|jg2924.t1.CDS1;orig_transcript_id=gnl|WGS:JAJSEB|jg2924.t1;product=hypothetical protein",765
"JAJSEB010000016.1","Genbank","exon",224082,224846,".","-",".","ID=exon-gnl|WGS:JAJSEB|jg2924.t1-1;Parent=rna-gnl|WGS:JAJSEB|jg2924.t1;gbkey=mRNA;locus_tag=LSM04_003785;orig_protein_id=gnl|WGS:JAJSEB|jg2924.t1.CDS1;orig_transcript_id=gnl|WGS:JAJSEB|jg2924.t1;product=hypothetical protein",765
"JAJSEB010000016.1","Genbank","CDS",224082,224846,".","-","0","ID=cds-KAH9599489.1;Parent=rna-gnl|WGS:JAJSEB|jg2924.t1;Dbxref=NCBI_GP:KAH9599489.1;Name=KAH9599489.1;gbkey=CDS;locus_tag=LSM04_003785;orig_transcript_id=gnl|WGS:JAJSEB|jg2924.t1;product=hypothetical protein;protein_id=KAH9599489.1",765
"JAJSEB010000016.1","Genbank","gene",225318,225581,".","-",".","ID=gene-LSM04_000068;Name=LSM04_000068;gbkey=Gene;gene_biotype=protein_coding;locus_tag=LSM04_000068",264
"JAJSEB010000016.1","Genbank","mRNA",225318,225581,".","-",".","ID=rna-gnl|WGS:JAJSEB|jg2925.t1;Parent=gene-LSM04_000068;gbkey=mRNA;locus_tag=LSM04_000068;orig_protein_id=gnl|WGS:JAJSEB|jg2925.t1.CDS1;orig_transcript_id=gnl|WGS:JAJSEB|jg2925.t1;product=hypothetical protein",264
"JAJSEB010000016.1","Genbank","exon",225318,225581,".","-",".","ID=exon-gnl|WGS:JAJSEB|jg2925.t1-1;Parent=rna-gnl|WGS:JAJSEB|jg2925.t1;gbkey=mRNA;locus_tag=LSM04_000068;orig_protein_id=gnl|WGS:JAJSEB|jg2925.t1.CDS1;orig_transcript_id=gnl|WGS:JAJSEB|jg2925.t1;product=hypothetical protein",264
"JAJSEB010000016.1","Genbank","CDS",225318,225581,".","-","0","ID=cds-KAH9599411.1;Parent=rna-gnl|WGS:JAJSEB|jg2925.t1;Dbxref=NCBI_GP:KAH9599411.1;Name=KAH9599411.1;gbkey=CDS;locus_tag=LSM04_000068;orig_transcript_id=gnl|WGS:JAJSEB|jg2925.t1;product=hypothetical protein;protein_id=KAH9599411.1",264
"JAJSEB010000016.1","Genbank","gene",226029,226787,".","-",".","ID=gene-LSM04_006280;Name=LSM04_006280;gbkey=Gene;gene_biotype=protein_coding;locus_tag=LSM04_006280",759
"JAJSEB010000016.1","Genbank","mRNA",226029,226787,".","-",".","ID=rna-gnl|WGS:JAJSEB|jg2926.t1;Parent=gene-LSM04_006280;gbkey=mRNA;locus_tag=LSM04_006280;orig_protein_id=gnl|WGS:JAJSEB|jg2926.t1.CDS1;orig_transcript_id=gnl|WGS:JAJSEB|jg2926.t1;product=Protein of unknown function DUF1295",759
"JAJSEB010000016.1","Genbank","exon",226029,226787,".","-",".","ID=exon-gnl|WGS:JAJSEB|jg2926.t1-1;Parent=rna-gnl|WGS:JAJSEB|jg2926.t1;gbkey=mRNA;locus_tag=LSM04_006280;orig_protein_id=gnl|WGS:JAJSEB|jg2926.t1.CDS1;orig_transcript_id=gnl|WGS:JAJSEB|jg2926.t1;product=Protein of unknown function DUF1295",759
"JAJSEB010000016.1","Genbank","CDS",226029,226787,".","-","0","ID=cds-KAH9599561.1;Parent=rna-gnl|WGS:JAJSEB|jg2926.t1;Dbxref=NCBI_GP:KAH9599561.1;Name=KAH9599561.1;gbkey=CDS;locus_tag=LSM04_006280;orig_transcript_id=gnl|WGS:JAJSEB|jg2926.t1;product=Protein of unknown function DUF1295;protein_id=KAH9599561.1",759
"JAJSEB010000016.1","Genbank","gene",227062,228405,".","-",".","ID=gene-LSM04_004428;Name=LSM04_004428;gbkey=Gene;gene_biotype=protein_coding;locus_tag=LSM04_004428",1344
"JAJSEB010000016.1","Genbank","mRNA",227062,228405,".","-",".","ID=rna-gnl|WGS:JAJSEB|jg2927.t1;Parent=gene-LSM04_004428;gbkey=mRNA;locus_tag=LSM04_004428;orig_protein_id=gnl|WGS:JAJSEB|jg2927.t1.CDS1;orig_transcript_id=gnl|WGS:JAJSEB|jg2927.t1;product=Peptide chain release factor",1344
"JAJSEB010000016.1","Genbank","exon",227062,228405,".","-",".","ID=exon-gnl|WGS:JAJSEB|jg2927.t1-1;Parent=rna-gnl|WGS:JAJSEB|jg2927.t1;gbkey=mRNA;locus_tag=LSM04_004428;orig_protein_id=gnl|WGS:JAJSEB|jg2927.t1.CDS1;orig_transcript_id=gnl|WGS:JAJSEB|jg2927.t1;product=Peptide chain release factor",1344
"JAJSEB010000016.1","Genbank","CDS",227062,228405,".","-","0","ID=cds-KAH9599505.1;Parent=rna-gnl|WGS:JAJSEB|jg2927.t1;Dbxref=NCBI_GP:KAH9599505.1;Name=KAH9599505.1;gbkey=CDS;locus_tag=LSM04_004428;orig_transcript_id=gnl|WGS:JAJSEB|jg2927.t1;product=Peptide chain release factor;protein_id=KAH9599505.1",1344
"JAJSEB010000016.1","Genbank","gene",228819,231170,".","-",".","ID=gene-LSM04_006163;Name=LSM04_006163;gbkey=Gene;gene_biotype=protein_coding;locus_tag=LSM04_006163",2352
"JAJSEB010000016.1","Genbank","mRNA",228819,231170,".","-",".","ID=rna-gnl|WGS:JAJSEB|jg2928.t1;Parent=gene-LSM04_006163;gbkey=mRNA;locus_tag=LSM04_006163;orig_protein_id=gnl|WGS:JAJSEB|jg2928.t1.CDS1;orig_transcript_id=gnl|WGS:JAJSEB|jg2928.t1;product=protein of unknown function DUF1126",2352
"JAJSEB010000016.1","Genbank","exon",228819,231170,".","-",".","ID=exon-gnl|WGS:JAJSEB|jg2928.t1-1;Parent=rna-gnl|WGS:JAJSEB|jg2928.t1;gbkey=mRNA;locus_tag=LSM04_006163;orig_protein_id=gnl|WGS:JAJSEB|jg2928.t1.CDS1;orig_transcript_id=gnl|WGS:JAJSEB|jg2928.t1;product=protein of unknown function DUF1126",2352
"JAJSEB010000016.1","Genbank","CDS",228819,231170,".","-","0","ID=cds-KAH9599559.1;Parent=rna-gnl|WGS:JAJSEB|jg2928.t1;Dbxref=NCBI_GP:KAH9599559.1;Name=KAH9599559.1;gbkey=CDS;locus_tag=LSM04_006163;orig_transcript_id=gnl|WGS:JAJSEB|jg2928.t1;product=protein of unknown function DUF1126;protein_id=KAH9599559.1",2352
"JAJSEB010000016.1","Genbank","gene",231533,232537,".","-",".","ID=gene-LSM04_005249;Name=LSM04_005249;gbkey=Gene;gene_biotype=protein_coding;locus_tag=LSM04_005249",1005
"JAJSEB010000016.1","Genbank","mRNA",231533,232537,".","-",".","ID=rna-gnl|WGS:JAJSEB|jg2929.t1;Parent=gene-LSM04_005249;gbkey=mRNA;locus_tag=LSM04_005249;orig_protein_id=gnl|WGS:JAJSEB|jg2929.t1.CDS1;orig_transcript_id=gnl|WGS:JAJSEB|jg2929.t1;product=Cyclin",1005
"JAJSEB010000016.1","Genbank","exon",231533,232537,".","-",".","ID=exon-gnl|WGS:JAJSEB|jg2929.t1-1;Parent=rna-gnl|WGS:JAJSEB|jg2929.t1;gbkey=mRNA;locus_tag=LSM04_005249;orig_protein_id=gnl|WGS:JAJSEB|jg2929.t1.CDS1;orig_transcript_id=gnl|WGS:JAJSEB|jg2929.t1;product=Cyclin",1005
"JAJSEB010000016.1","Genbank","CDS",231533,232537,".","-","0","ID=cds-KAH9599533.1;Parent=rna-gnl|WGS:JAJSEB|jg2929.t1;Dbxref=NCBI_GP:KAH9599533.1;Name=KAH9599533.1;gbkey=CDS;locus_tag=LSM04_005249;orig_transcript_id=gnl|WGS:JAJSEB|jg2929.t1;product=Cyclin;protein_id=KAH9599533.1",1005
"JAJSEB010000016.1","Genbank","gene",237749,238021,".","-",".","ID=gene-LSM04_000375;Name=LSM04_000375;gbkey=Gene;gene_biotype=protein_coding;locus_tag=LSM04_000375",273
"JAJSEB010000016.1","Genbank","mRNA",237749,238021,".","-",".","ID=rna-gnl|WGS:JAJSEB|jg2930.t1;Parent=gene-LSM04_000375;gbkey=mRNA;locus_tag=LSM04_000375;orig_protein_id=gnl|WGS:JAJSEB|jg2930.t1.CDS1;orig_transcript_id=gnl|WGS:JAJSEB|jg2930.t1;product=hypothetical protein",273
"JAJSEB010000016.1","Genbank","exon",237749,238021,".","-",".","ID=exon-gnl|WGS:JAJSEB|jg2930.t1-1;Parent=rna-gnl|WGS:JAJSEB|jg2930.t1;gbkey=mRNA;locus_tag=LSM04_000375;orig_protein_id=gnl|WGS:JAJSEB|jg2930.t1.CDS1;orig_transcript_id=gnl|WGS:JAJSEB|jg2930.t1;product=hypothetical protein",273
"JAJSEB010000016.1","Genbank","CDS",237749,238021,".","-","0","ID=cds-KAH9599420.1;Parent=rna-gnl|WGS:JAJSEB|jg2930.t1;Dbxref=NCBI_GP:KAH9599420.1;Name=KAH9599420.1;gbkey=CDS;locus_tag=LSM04_000375;orig_transcript_id=gnl|WGS:JAJSEB|jg2930.t1;product=hypothetical protein;protein_id=KAH9599420.1",273
"JAJSEB010000016.1","Genbank","gene",239006,240146,".","+",".","ID=gene-LSM04_008594;Name=LSM04_008594;gbkey=Gene;gene_biotype=protein_coding;locus_tag=LSM04_008594",1141
"JAJSEB010000016.1","Genbank","mRNA",239006,240146,".","+",".","ID=rna-gnl|WGS:JAJSEB|jg2931.t1;Parent=gene-LSM04_008594;gbkey=mRNA;locus_tag=LSM04_008594;orig_protein_id=gnl|WGS:JAJSEB|jg2931.t1.CDS1;orig_transcript_id=gnl|WGS:JAJSEB|jg2931.t1;product=hypothetical protein",1141
"JAJSEB010000016.1","Genbank","exon",239006,239273,".","+",".","ID=exon-gnl|WGS:JAJSEB|jg2931.t1-1;Parent=rna-gnl|WGS:JAJSEB|jg2931.t1;gbkey=mRNA;locus_tag=LSM04_008594;orig_protein_id=gnl|WGS:JAJSEB|jg2931.t1.CDS1;orig_transcript_id=gnl|WGS:JAJSEB|jg2931.t1;product=hypothetical protein",268
"JAJSEB010000016.1","Genbank","exon",239797,240146,".","+",".","ID=exon-gnl|WGS:JAJSEB|jg2931.t1-2;Parent=rna-gnl|WGS:JAJSEB|jg2931.t1;gbkey=mRNA;locus_tag=LSM04_008594;orig_protein_id=gnl|WGS:JAJSEB|jg2931.t1.CDS1;orig_transcript_id=gnl|WGS:JAJSEB|jg2931.t1;product=hypothetical protein",350
"JAJSEB010000016.1","Genbank","CDS",239006,239273,".","+","0","ID=cds-KAH9599608.1;Parent=rna-gnl|WGS:JAJSEB|jg2931.t1;Dbxref=NCBI_GP:KAH9599608.1;Name=KAH9599608.1;gbkey=CDS;locus_tag=LSM04_008594;orig_transcript_id=gnl|WGS:JAJSEB|jg2931.t1;product=hypothetical protein;protein_id=KAH9599608.1",268
"JAJSEB010000016.1","Genbank","CDS",239797,240146,".","+","2","ID=cds-KAH9599608.1;Parent=rna-gnl|WGS:JAJSEB|jg2931.t1;Dbxref=NCBI_GP:KAH9599608.1;Name=KAH9599608.1;gbkey=CDS;locus_tag=LSM04_008594;orig_transcript_id=gnl|WGS:JAJSEB|jg2931.t1;product=hypothetical protein;protein_id=KAH9599608.1",350
"JAJSEB010000016.1","Genbank","mRNA",239006,239287,".","+",".","ID=rna-gnl|WGS:JAJSEB|jg2931.t2;Parent=gene-LSM04_008594;gbkey=mRNA;locus_tag=LSM04_008594;orig_protein_id=gnl|WGS:JAJSEB|jg2931.t2.CDS1;orig_transcript_id=gnl|WGS:JAJSEB|jg2931.t2;product=hypothetical protein",282
"JAJSEB010000016.1","Genbank","exon",239006,239287,".","+",".","ID=exon-gnl|WGS:JAJSEB|jg2931.t2-1;Parent=rna-gnl|WGS:JAJSEB|jg2931.t2;gbkey=mRNA;locus_tag=LSM04_008594;orig_protein_id=gnl|WGS:JAJSEB|jg2931.t2.CDS1;orig_transcript_id=gnl|WGS:JAJSEB|jg2931.t2;product=hypothetical protein",282
"JAJSEB010000016.1","Genbank","CDS",239006,239287,".","+","0","ID=cds-KAH9599609.1;Parent=rna-gnl|WGS:JAJSEB|jg2931.t2;Dbxref=NCBI_GP:KAH9599609.1;Name=KAH9599609.1;gbkey=CDS;locus_tag=LSM04_008594;orig_transcript_id=gnl|WGS:JAJSEB|jg2931.t2;product=hypothetical protein;protein_id=KAH9599609.1",282
"JAJSEB010000016.1","Genbank","gene",240180,240446,".","-",".","ID=gene-LSM04_002554;Name=LSM04_002554;gbkey=Gene;gene_biotype=protein_coding;locus_tag=LSM04_002554",267
"JAJSEB010000016.1","Genbank","mRNA",240180,240446,".","-",".","ID=rna-gnl|WGS:JAJSEB|jg2933.t1;Parent=gene-LSM04_002554;gbkey=mRNA;locus_tag=LSM04_002554;orig_protein_id=gnl|WGS:JAJSEB|jg2933.t1.CDS1;orig_transcript_id=gnl|WGS:JAJSEB|jg2933.t1;product=hypothetical protein",267
"JAJSEB010000016.1","Genbank","exon",240180,240446,".","-",".","ID=exon-gnl|WGS:JAJSEB|jg2933.t1-1;Parent=rna-gnl|WGS:JAJSEB|jg2933.t1;gbkey=mRNA;locus_tag=LSM04_002554;orig_protein_id=gnl|WGS:JAJSEB|jg2933.t1.CDS1;orig_transcript_id=gnl|WGS:JAJSEB|jg2933.t1;product=hypothetical protein",267
"JAJSEB010000016.1","Genbank","CDS",240180,240446,".","-","0","ID=cds-KAH9599461.1;Parent=rna-gnl|WGS:JAJSEB|jg2933.t1;Dbxref=NCBI_GP:KAH9599461.1;Name=KAH9599461.1;gbkey=CDS;locus_tag=LSM04_002554;orig_transcript_id=gnl|WGS:JAJSEB|jg2933.t1;product=hypothetical protein;protein_id=KAH9599461.1",267
"JAJSEB010000016.1","Genbank","gene",240362,241284,".","+",".","ID=gene-LSM04_000639;Name=LSM04_000639;gbkey=Gene;gene_biotype=protein_coding;locus_tag=LSM04_000639",923
"JAJSEB010000016.1","Genbank","mRNA",240362,241284,".","+",".","ID=rna-gnl|WGS:JAJSEB|jg2932.t1;Parent=gene-LSM04_000639;gbkey=mRNA;locus_tag=LSM04_000639;orig_protein_id=gnl|WGS:JAJSEB|jg2932.t1.CDS1;orig_transcript_id=gnl|WGS:JAJSEB|jg2932.t1;product=Ribonuclease H domain",923
"JAJSEB010000016.1","Genbank","exon",240362,240473,".","+",".","ID=exon-gnl|WGS:JAJSEB|jg2932.t1-1;Parent=rna-gnl|WGS:JAJSEB|jg2932.t1;gbkey=mRNA;locus_tag=LSM04_000639;orig_protein_id=gnl|WGS:JAJSEB|jg2932.t1.CDS1;orig_transcript_id=gnl|WGS:JAJSEB|jg2932.t1;product=Ribonuclease H domain",112
"JAJSEB010000016.1","Genbank","exon",240587,241284,".","+",".","ID=exon-gnl|WGS:JAJSEB|jg2932.t1-2;Parent=rna-gnl|WGS:JAJSEB|jg2932.t1;gbkey=mRNA;locus_tag=LSM04_000639;orig_protein_id=gnl|WGS:JAJSEB|jg2932.t1.CDS1;orig_transcript_id=gnl|WGS:JAJSEB|jg2932.t1;product=Ribonuclease H domain",698
"JAJSEB010000016.1","Genbank","CDS",240362,240473,".","+","0","ID=cds-KAH9599426.1;Parent=rna-gnl|WGS:JAJSEB|jg2932.t1;Dbxref=NCBI_GP:KAH9599426.1;Name=KAH9599426.1;gbkey=CDS;locus_tag=LSM04_000639;orig_transcript_id=gnl|WGS:JAJSEB|jg2932.t1;product=Ribonuclease H domain;protein_id=KAH9599426.1",112
"JAJSEB010000016.1","Genbank","CDS",240587,241284,".","+","2","ID=cds-KAH9599426.1;Parent=rna-gnl|WGS:JAJSEB|jg2932.t1;Dbxref=NCBI_GP:KAH9599426.1;Name=KAH9599426.1;gbkey=CDS;locus_tag=LSM04_000639;orig_transcript_id=gnl|WGS:JAJSEB|jg2932.t1;product=Ribonuclease H domain;protein_id=KAH9599426.1",698
"JAJSEB010000016.1","Genbank","gene",241580,242309,".","-",".","ID=gene-LSM04_009184;Name=LSM04_009184;gbkey=Gene;gene_biotype=protein_coding;locus_tag=LSM04_009184",730
"JAJSEB010000016.1","Genbank","mRNA",241580,242309,".","-",".","ID=rna-gnl|WGS:JAJSEB|jg2934.t1;Parent=gene-LSM04_009184;gbkey=mRNA;locus_tag=LSM04_009184;orig_protein_id=gnl|WGS:JAJSEB|jg2934.t1.CDS1;orig_transcript_id=gnl|WGS:JAJSEB|jg2934.t1;product=hypothetical protein",730
"JAJSEB010000016.1","Genbank","exon",242285,242309,".","-",".","ID=exon-gnl|WGS:JAJSEB|jg2934.t1-1;Parent=rna-gnl|WGS:JAJSEB|jg2934.t1;gbkey=mRNA;locus_tag=LSM04_009184;orig_protein_id=gnl|WGS:JAJSEB|jg2934.t1.CDS1;orig_transcript_id=gnl|WGS:JAJSEB|jg2934.t1;product=hypothetical protein",25
"JAJSEB010000016.1","Genbank","exon",241580,242169,".","-",".","ID=exon-gnl|WGS:JAJSEB|jg2934.t1-2;Parent=rna-gnl|WGS:JAJSEB|jg2934.t1;gbkey=mRNA;locus_tag=LSM04_009184;orig_protein_id=gnl|WGS:JAJSEB|jg2934.t1.CDS1;orig_transcript_id=gnl|WGS:JAJSEB|jg2934.t1;product=hypothetical protein",590
"JAJSEB010000016.1","Genbank","CDS",242285,242309,".","-","0","ID=cds-KAH9599633.1;Parent=rna-gnl|WGS:JAJSEB|jg2934.t1;Dbxref=NCBI_GP:KAH9599633.1;Name=KAH9599633.1;gbkey=CDS;locus_tag=LSM04_009184;orig_transcript_id=gnl|WGS:JAJSEB|jg2934.t1;product=hypothetical protein;protein_id=KAH9599633.1",25
"JAJSEB010000016.1","Genbank","CDS",241580,242169,".","-","2","ID=cds-KAH9599633.1;Parent=rna-gnl|WGS:JAJSEB|jg2934.t1;Dbxref=NCBI_GP:KAH9599633.1;Name=KAH9599633.1;gbkey=CDS;locus_tag=LSM04_009184;orig_transcript_id=gnl|WGS:JAJSEB|jg2934.t1;product=hypothetical protein;protein_id=KAH9599633.1",590
"JAJSEB010000016.1","Genbank","gene",242324,242686,".","+",".","ID=gene-LSM04_002269;Name=LSM04_002269;gbkey=Gene;gene_biotype=protein_coding;locus_tag=LSM04_002269",363
"JAJSEB010000016.1","Genbank","mRNA",242324,242686,".","+",".","ID=rna-gnl|WGS:JAJSEB|jg2935.t1;Parent=gene-LSM04_002269;gbkey=mRNA;locus_tag=LSM04_002269;orig_protein_id=gnl|WGS:JAJSEB|jg2935.t1.CDS1;orig_transcript_id=gnl|WGS:JAJSEB|jg2935.t1;product=hypothetical protein",363
"JAJSEB010000016.1","Genbank","exon",242324,242571,".","+",".","ID=exon-gnl|WGS:JAJSEB|jg2935.t1-1;Parent=rna-gnl|WGS:JAJSEB|jg2935.t1;gbkey=mRNA;locus_tag=LSM04_002269;orig_protein_id=gnl|WGS:JAJSEB|jg2935.t1.CDS1;orig_transcript_id=gnl|WGS:JAJSEB|jg2935.t1;product=hypothetical protein",248
"JAJSEB010000016.1","Genbank","exon",242641,242686,".","+",".","ID=exon-gnl|WGS:JAJSEB|jg2935.t1-2;Parent=rna-gnl|WGS:JAJSEB|jg2935.t1;gbkey=mRNA;locus_tag=LSM04_002269;orig_protein_id=gnl|WGS:JAJSEB|jg2935.t1.CDS1;orig_transcript_id=gnl|WGS:JAJSEB|jg2935.t1;product=hypothetical protein",46
"JAJSEB010000016.1","Genbank","CDS",242324,242571,".","+","0","ID=cds-KAH9599457.1;Parent=rna-gnl|WGS:JAJSEB|jg2935.t1;Dbxref=NCBI_GP:KAH9599457.1;Name=KAH9599457.1;gbkey=CDS;locus_tag=LSM04_002269;orig_transcript_id=gnl|WGS:JAJSEB|jg2935.t1;product=hypothetical protein;protein_id=KAH9599457.1",248
"JAJSEB010000016.1","Genbank","CDS",242641,242686,".","+","1","ID=cds-KAH9599457.1;Parent=rna-gnl|WGS:JAJSEB|jg2935.t1;Dbxref=NCBI_GP:KAH9599457.1;Name=KAH9599457.1;gbkey=CDS;locus_tag=LSM04_002269;orig_transcript_id=gnl|WGS:JAJSEB|jg2935.t1;product=hypothetical protein;protein_id=KAH9599457.1",46
"JAJSEB010000016.1","Genbank","gene",244043,245383,".","+",".","ID=gene-LSM04_000972;Name=LSM04_000972;gbkey=Gene;gene_biotype=protein_coding;locus_tag=LSM04_000972",1341
"JAJSEB010000016.1","Genbank","mRNA",244043,245383,".","+",".","ID=rna-gnl|WGS:JAJSEB|jg2936.t1;Parent=gene-LSM04_000972;gbkey=mRNA;locus_tag=LSM04_000972;orig_protein_id=gnl|WGS:JAJSEB|jg2936.t1.CDS1;orig_transcript_id=gnl|WGS:JAJSEB|jg2936.t1;product=hypothetical protein",1341
"JAJSEB010000016.1","Genbank","exon",244043,245383,".","+",".","ID=exon-gnl|WGS:JAJSEB|jg2936.t1-1;Parent=rna-gnl|WGS:JAJSEB|jg2936.t1;gbkey=mRNA;locus_tag=LSM04_000972;orig_protein_id=gnl|WGS:JAJSEB|jg2936.t1.CDS1;orig_transcript_id=gnl|WGS:JAJSEB|jg2936.t1;product=hypothetical protein",1341
"JAJSEB010000016.1","Genbank","CDS",244043,245383,".","+","0","ID=cds-KAH9599431.1;Parent=rna-gnl|WGS:JAJSEB|jg2936.t1;Dbxref=NCBI_GP:KAH9599431.1;Name=KAH9599431.1;gbkey=CDS;locus_tag=LSM04_000972;orig_transcript_id=gnl|WGS:JAJSEB|jg2936.t1;product=hypothetical protein;protein_id=KAH9599431.1",1341
"JAJSEB010000016.1","Genbank","gene",246910,247943,".","-",".","ID=gene-LSM04_002612;Name=LSM04_002612;gbkey=Gene;gene_biotype=protein_coding;locus_tag=LSM04_002612",1034
"JAJSEB010000016.1","Genbank","mRNA",246910,247943,".","-",".","ID=rna-gnl|WGS:JAJSEB|jg2937.t1;Parent=gene-LSM04_002612;gbkey=mRNA;locus_tag=LSM04_002612;orig_protein_id=gnl|WGS:JAJSEB|jg2937.t1.CDS1;orig_transcript_id=gnl|WGS:JAJSEB|jg2937.t1;product=hypothetical protein",1034
"JAJSEB010000016.1","Genbank","exon",247631,247943,".","-",".","ID=exon-gnl|WGS:JAJSEB|jg2937.t1-1;Parent=rna-gnl|WGS:JAJSEB|jg2937.t1;gbkey=mRNA;locus_tag=LSM04_002612;orig_protein_id=gnl|WGS:JAJSEB|jg2937.t1.CDS1;orig_transcript_id=gnl|WGS:JAJSEB|jg2937.t1;product=hypothetical protein",313
"JAJSEB010000016.1","Genbank","exon",246910,247295,".","-",".","ID=exon-gnl|WGS:JAJSEB|jg2937.t1-2;Parent=rna-gnl|WGS:JAJSEB|jg2937.t1;gbkey=mRNA;locus_tag=LSM04_002612;orig_protein_id=gnl|WGS:JAJSEB|jg2937.t1.CDS1;orig_transcript_id=gnl|WGS:JAJSEB|jg2937.t1;product=hypothetical protein",386
"JAJSEB010000016.1","Genbank","CDS",247631,247943,".","-","0","ID=cds-KAH9599464.1;Parent=rna-gnl|WGS:JAJSEB|jg2937.t1;Dbxref=NCBI_GP:KAH9599464.1;Name=KAH9599464.1;gbkey=CDS;locus_tag=LSM04_002612;orig_transcript_id=gnl|WGS:JAJSEB|jg2937.t1;product=hypothetical protein;protein_id=KAH9599464.1",313
"JAJSEB010000016.1","Genbank","CDS",246910,247295,".","-","2","ID=cds-KAH9599464.1;Parent=rna-gnl|WGS:JAJSEB|jg2937.t1;Dbxref=NCBI_GP:KAH9599464.1;Name=KAH9599464.1;gbkey=CDS;locus_tag=LSM04_002612;orig_transcript_id=gnl|WGS:JAJSEB|jg2937.t1;product=hypothetical protein;protein_id=KAH9599464.1",386
"JAJSEB010000016.1","Genbank","mRNA",247589,247943,".","-",".","ID=rna-gnl|WGS:JAJSEB|jg2937.t2;Parent=gene-LSM04_002612;gbkey=mRNA;locus_tag=LSM04_002612;orig_protein_id=gnl|WGS:JAJSEB|jg2937.t2.CDS1;orig_transcript_id=gnl|WGS:JAJSEB|jg2937.t2;product=hypothetical protein",355
"JAJSEB010000016.1","Genbank","exon",247710,247943,".","-",".","ID=exon-gnl|WGS:JAJSEB|jg2937.t2-1;Parent=rna-gnl|WGS:JAJSEB|jg2937.t2;gbkey=mRNA;locus_tag=LSM04_002612;orig_protein_id=gnl|WGS:JAJSEB|jg2937.t2.CDS1;orig_transcript_id=gnl|WGS:JAJSEB|jg2937.t2;product=hypothetical protein",234
"JAJSEB010000016.1","Genbank","exon",247589,247657,".","-",".","ID=exon-gnl|WGS:JAJSEB|jg2937.t2-2;Parent=rna-gnl|WGS:JAJSEB|jg2937.t2;gbkey=mRNA;locus_tag=LSM04_002612;orig_protein_id=gnl|WGS:JAJSEB|jg2937.t2.CDS1;orig_transcript_id=gnl|WGS:JAJSEB|jg2937.t2;product=hypothetical protein",69
"JAJSEB010000016.1","Genbank","CDS",247710,247943,".","-","0","ID=cds-KAH9599465.1;Parent=rna-gnl|WGS:JAJSEB|jg2937.t2;Dbxref=NCBI_GP:KAH9599465.1;Name=KAH9599465.1;gbkey=CDS;locus_tag=LSM04_002612;orig_transcript_id=gnl|WGS:JAJSEB|jg2937.t2;product=hypothetical protein;protein_id=KAH9599465.1",234
"JAJSEB010000016.1","Genbank","CDS",247589,247657,".","-","0","ID=cds-KAH9599465.1;Parent=rna-gnl|WGS:JAJSEB|jg2937.t2;Dbxref=NCBI_GP:KAH9599465.1;Name=KAH9599465.1;gbkey=CDS;locus_tag=LSM04_002612;orig_transcript_id=gnl|WGS:JAJSEB|jg2937.t2;product=hypothetical protein;protein_id=KAH9599465.1",69
"JAJSEB010000016.1","Genbank","gene",248002,248406,".","+",".","ID=gene-LSM04_001252;Name=LSM04_001252;gbkey=Gene;gene_biotype=protein_coding;locus_tag=LSM04_001252",405
"JAJSEB010000016.1","Genbank","mRNA",248002,248406,".","+",".","ID=rna-gnl|WGS:JAJSEB|jg2938.t1;Parent=gene-LSM04_001252;gbkey=mRNA;locus_tag=LSM04_001252;orig_protein_id=gnl|WGS:JAJSEB|jg2938.t1.CDS1;orig_transcript_id=gnl|WGS:JAJSEB|jg2938.t1;product=hypothetical protein",405
"JAJSEB010000016.1","Genbank","exon",248002,248406,".","+",".","ID=exon-gnl|WGS:JAJSEB|jg2938.t1-1;Parent=rna-gnl|WGS:JAJSEB|jg2938.t1;gbkey=mRNA;locus_tag=LSM04_001252;orig_protein_id=gnl|WGS:JAJSEB|jg2938.t1.CDS1;orig_transcript_id=gnl|WGS:JAJSEB|jg2938.t1;product=hypothetical protein",405
"JAJSEB010000016.1","Genbank","CDS",248002,248406,".","+","0","ID=cds-KAH9599436.1;Parent=rna-gnl|WGS:JAJSEB|jg2938.t1;Dbxref=NCBI_GP:KAH9599436.1;Name=KAH9599436.1;gbkey=CDS;locus_tag=LSM04_001252;orig_transcript_id=gnl|WGS:JAJSEB|jg2938.t1;product=hypothetical protein;protein_id=KAH9599436.1",405
"JAJSEB010000016.1","Genbank","gene",249270,250172,".","-",".","ID=gene-LSM04_001759;Name=LSM04_001759;gbkey=Gene;gene_biotype=protein_coding;locus_tag=LSM04_001759",903
"JAJSEB010000016.1","Genbank","mRNA",249270,250172,".","-",".","ID=rna-gnl|WGS:JAJSEB|jg2939.t1;Parent=gene-LSM04_001759;gbkey=mRNA;locus_tag=LSM04_001759;orig_protein_id=gnl|WGS:JAJSEB|jg2939.t1.CDS1;orig_transcript_id=gnl|WGS:JAJSEB|jg2939.t1;product=CAAX prenyl protease 2",903
"JAJSEB010000016.1","Genbank","exon",249270,250172,".","-",".","ID=exon-gnl|WGS:JAJSEB|jg2939.t1-1;Parent=rna-gnl|WGS:JAJSEB|jg2939.t1;gbkey=mRNA;locus_tag=LSM04_001759;orig_protein_id=gnl|WGS:JAJSEB|jg2939.t1.CDS1;orig_transcript_id=gnl|WGS:JAJSEB|jg2939.t1;product=CAAX prenyl protease 2",903
"JAJSEB010000016.1","Genbank","CDS",249270,250172,".","-","0","ID=cds-KAH9599452.1;Parent=rna-gnl|WGS:JAJSEB|jg2939.t1;Dbxref=NCBI_GP:KAH9599452.1;Name=KAH9599452.1;gbkey=CDS;locus_tag=LSM04_001759;orig_transcript_id=gnl|WGS:JAJSEB|jg2939.t1;product=CAAX prenyl protease 2;protein_id=KAH9599452.1",903
"JAJSEB010000016.1","Genbank","gene",250539,253625,".","-",".","ID=gene-LSM04_006479;Name=LSM04_006479;gbkey=Gene;gene_biotype=protein_coding;locus_tag=LSM04_006479",3087
"JAJSEB010000016.1","Genbank","mRNA",250539,253625,".","-",".","ID=rna-gnl|WGS:JAJSEB|jg2940.t1;Parent=gene-LSM04_006479;gbkey=mRNA;locus_tag=LSM04_006479;orig_protein_id=gnl|WGS:JAJSEB|jg2940.t1.CDS1;orig_transcript_id=gnl|WGS:JAJSEB|jg2940.t1;product=Rab3 GTPase-activating protein catalytic subunit",3087
"JAJSEB010000016.1","Genbank","exon",250539,253625,".","-",".","ID=exon-gnl|WGS:JAJSEB|jg2940.t1-1;Parent=rna-gnl|WGS:JAJSEB|jg2940.t1;gbkey=mRNA;locus_tag=LSM04_006479;orig_protein_id=gnl|WGS:JAJSEB|jg2940.t1.CDS1;orig_transcript_id=gnl|WGS:JAJSEB|jg2940.t1;product=Rab3 GTPase-activating protein catalytic subunit",3087
"JAJSEB010000016.1","Genbank","CDS",250539,253625,".","-","0","ID=cds-KAH9599569.1;Parent=rna-gnl|WGS:JAJSEB|jg2940.t1;Dbxref=NCBI_GP:KAH9599569.1;Name=KAH9599569.1;gbkey=CDS;locus_tag=LSM04_006479;orig_transcript_id=gnl|WGS:JAJSEB|jg2940.t1;product=Rab3 GTPase-activating protein catalytic subunit;protein_id=KAH9599569.1",3087
"JAJSEB010000016.1","Genbank","gene",254004,255836,".","-",".","ID=gene-LSM04_006845;Name=LSM04_006845;gbkey=Gene;gene_biotype=protein_coding;locus_tag=LSM04_006845",1833
"JAJSEB010000016.1","Genbank","mRNA",254004,255836,".","-",".","ID=rna-gnl|WGS:JAJSEB|jg2941.t1;Parent=gene-LSM04_006845;gbkey=mRNA;locus_tag=LSM04_006845;orig_protein_id=gnl|WGS:JAJSEB|jg2941.t1.CDS1;orig_transcript_id=gnl|WGS:JAJSEB|jg2941.t1;product=PUA domain",1833
"JAJSEB010000016.1","Genbank","exon",254004,255836,".","-",".","ID=exon-gnl|WGS:JAJSEB|jg2941.t1-1;Parent=rna-gnl|WGS:JAJSEB|jg2941.t1;gbkey=mRNA;locus_tag=LSM04_006845;orig_protein_id=gnl|WGS:JAJSEB|jg2941.t1.CDS1;orig_transcript_id=gnl|WGS:JAJSEB|jg2941.t1;product=PUA domain",1833
"JAJSEB010000016.1","Genbank","CDS",254004,255836,".","-","0","ID=cds-KAH9599575.1;Parent=rna-gnl|WGS:JAJSEB|jg2941.t1;Dbxref=NCBI_GP:KAH9599575.1;Name=KAH9599575.1;gbkey=CDS;locus_tag=LSM04_006845;orig_transcript_id=gnl|WGS:JAJSEB|jg2941.t1;product=PUA domain;protein_id=KAH9599575.1",1833
"JAJSEB010000016.1","Genbank","gene",256028,257224,".","-",".","ID=gene-LSM04_000976;Name=LSM04_000976;gbkey=Gene;gene_biotype=protein_coding;locus_tag=LSM04_000976",1197
"JAJSEB010000016.1","Genbank","mRNA",256028,257224,".","-",".","ID=rna-gnl|WGS:JAJSEB|jg2942.t1;Parent=gene-LSM04_000976;gbkey=mRNA;locus_tag=LSM04_000976;orig_protein_id=gnl|WGS:JAJSEB|jg2942.t1.CDS1;orig_transcript_id=gnl|WGS:JAJSEB|jg2942.t1;product=hypothetical protein",1197
"JAJSEB010000016.1","Genbank","exon",256028,257224,".","-",".","ID=exon-gnl|WGS:JAJSEB|jg2942.t1-1;Parent=rna-gnl|WGS:JAJSEB|jg2942.t1;gbkey=mRNA;locus_tag=LSM04_000976;orig_protein_id=gnl|WGS:JAJSEB|jg2942.t1.CDS1;orig_transcript_id=gnl|WGS:JAJSEB|jg2942.t1;product=hypothetical protein",1197
"JAJSEB010000016.1","Genbank","CDS",256028,257224,".","-","0","ID=cds-KAH9599432.1;Parent=rna-gnl|WGS:JAJSEB|jg2942.t1;Dbxref=NCBI_GP:KAH9599432.1;Name=KAH9599432.1;gbkey=CDS;locus_tag=LSM04_000976;orig_transcript_id=gnl|WGS:JAJSEB|jg2942.t1;product=hypothetical protein;protein_id=KAH9599432.1",1197
"JAJSEB010000016.1","Genbank","gene",257585,258322,".","-",".","ID=gene-LSM04_001885;Name=LSM04_001885;gbkey=Gene;gene_biotype=protein_coding;locus_tag=LSM04_001885",738
"JAJSEB010000016.1","Genbank","mRNA",257585,258322,".","-",".","ID=rna-gnl|WGS:JAJSEB|jg2943.t1;Parent=gene-LSM04_001885;gbkey=mRNA;locus_tag=LSM04_001885;orig_protein_id=gnl|WGS:JAJSEB|jg2943.t1.CDS1;orig_transcript_id=gnl|WGS:JAJSEB|jg2943.t1;product=hypothetical protein",738
"JAJSEB010000016.1","Genbank","exon",257585,258322,".","-",".","ID=exon-gnl|WGS:JAJSEB|jg2943.t1-1;Parent=rna-gnl|WGS:JAJSEB|jg2943.t1;gbkey=mRNA;locus_tag=LSM04_001885;orig_protein_id=gnl|WGS:JAJSEB|jg2943.t1.CDS1;orig_transcript_id=gnl|WGS:JAJSEB|jg2943.t1;product=hypothetical protein",738
"JAJSEB010000016.1","Genbank","CDS",257585,258322,".","-","0","ID=cds-KAH9599453.1;Parent=rna-gnl|WGS:JAJSEB|jg2943.t1;Dbxref=NCBI_GP:KAH9599453.1;Name=KAH9599453.1;gbkey=CDS;locus_tag=LSM04_001885;orig_transcript_id=gnl|WGS:JAJSEB|jg2943.t1;product=hypothetical protein;protein_id=KAH9599453.1",738
"JAJSEB010000016.1","Genbank","gene",259313,261082,".","-",".","ID=gene-LSM04_004575;Name=LSM04_004575;gbkey=Gene;gene_biotype=protein_coding;locus_tag=LSM04_004575",1770
"JAJSEB010000016.1","Genbank","mRNA",259313,261082,".","-",".","ID=rna-gnl|WGS:JAJSEB|jg2944.t1;Parent=gene-LSM04_004575;gbkey=mRNA;locus_tag=LSM04_004575;orig_protein_id=gnl|WGS:JAJSEB|jg2944.t1.CDS1;orig_transcript_id=gnl|WGS:JAJSEB|jg2944.t1;product=Protein kinase domain",1770
"JAJSEB010000016.1","Genbank","exon",259313,261082,".","-",".","ID=exon-gnl|WGS:JAJSEB|jg2944.t1-1;Parent=rna-gnl|WGS:JAJSEB|jg2944.t1;gbkey=mRNA;locus_tag=LSM04_004575;orig_protein_id=gnl|WGS:JAJSEB|jg2944.t1.CDS1;orig_transcript_id=gnl|WGS:JAJSEB|jg2944.t1;product=Protein kinase domain",1770
"JAJSEB010000016.1","Genbank","CDS",259313,261082,".","-","0","ID=cds-KAH9599509.1;Parent=rna-gnl|WGS:JAJSEB|jg2944.t1;Dbxref=NCBI_GP:KAH9599509.1;Name=KAH9599509.1;gbkey=CDS;locus_tag=LSM04_004575;orig_transcript_id=gnl|WGS:JAJSEB|jg2944.t1;product=Protein kinase domain;protein_id=KAH9599509.1",1770
"JAJSEB010000016.1","Genbank","gene",261609,263342,".","-",".","ID=gene-LSM04_001700;Name=LSM04_001700;gbkey=Gene;gene_biotype=protein_coding;locus_tag=LSM04_001700",1734
"JAJSEB010000016.1","Genbank","mRNA",261609,263342,".","-",".","ID=rna-gnl|WGS:JAJSEB|jg2945.t1;Parent=gene-LSM04_001700;gbkey=mRNA;locus_tag=LSM04_001700;orig_protein_id=gnl|WGS:JAJSEB|jg2945.t1.CDS1;orig_transcript_id=gnl|WGS:JAJSEB|jg2945.t1;product=hypothetical protein",1734
"JAJSEB010000016.1","Genbank","exon",261609,263342,".","-",".","ID=exon-gnl|WGS:JAJSEB|jg2945.t1-1;Parent=rna-gnl|WGS:JAJSEB|jg2945.t1;gbkey=mRNA;locus_tag=LSM04_001700;orig_protein_id=gnl|WGS:JAJSEB|jg2945.t1.CDS1;orig_transcript_id=gnl|WGS:JAJSEB|jg2945.t1;product=hypothetical protein",1734
"JAJSEB010000016.1","Genbank","CDS",261609,263342,".","-","0","ID=cds-KAH9599445.1;Parent=rna-gnl|WGS:JAJSEB|jg2945.t1;Dbxref=NCBI_GP:KAH9599445.1;Name=KAH9599445.1;gbkey=CDS;locus_tag=LSM04_001700;orig_transcript_id=gnl|WGS:JAJSEB|jg2945.t1;product=hypothetical protein;protein_id=KAH9599445.1",1734
"JAJSEB010000016.1","Genbank","gene",263812,265332,".","-",".","ID=gene-LSM04_003530;Name=LSM04_003530;gbkey=Gene;gene_biotype=protein_coding;locus_tag=LSM04_003530",1521
"JAJSEB010000016.1","Genbank","mRNA",263812,265332,".","-",".","ID=rna-gnl|WGS:JAJSEB|jg2946.t1;Parent=gene-LSM04_003530;gbkey=mRNA;locus_tag=LSM04_003530;orig_protein_id=gnl|WGS:JAJSEB|jg2946.t1.CDS1;orig_transcript_id=gnl|WGS:JAJSEB|jg2946.t1;product=hypothetical protein",1521
"JAJSEB010000016.1","Genbank","exon",263812,265332,".","-",".","ID=exon-gnl|WGS:JAJSEB|jg2946.t1-1;Parent=rna-gnl|WGS:JAJSEB|jg2946.t1;gbkey=mRNA;locus_tag=LSM04_003530;orig_protein_id=gnl|WGS:JAJSEB|jg2946.t1.CDS1;orig_transcript_id=gnl|WGS:JAJSEB|jg2946.t1;product=hypothetical protein",1521
"JAJSEB010000016.1","Genbank","CDS",263812,265332,".","-","0","ID=cds-KAH9599482.1;Parent=rna-gnl|WGS:JAJSEB|jg2946.t1;Dbxref=NCBI_GP:KAH9599482.1;Name=KAH9599482.1;gbkey=CDS;locus_tag=LSM04_003530;orig_transcript_id=gnl|WGS:JAJSEB|jg2946.t1;product=hypothetical protein;protein_id=KAH9599482.1",1521
"JAJSEB010000016.1","Genbank","gene",265948,267963,".","-",".","ID=gene-LSM04_002586;Name=LSM04_002586;gbkey=Gene;gene_biotype=protein_coding;locus_tag=LSM04_002586",2016
"JAJSEB010000016.1","Genbank","mRNA",265948,267963,".","-",".","ID=rna-gnl|WGS:JAJSEB|jg2947.t1;Parent=gene-LSM04_002586;gbkey=mRNA;locus_tag=LSM04_002586;orig_protein_id=gnl|WGS:JAJSEB|jg2947.t1.CDS1;orig_transcript_id=gnl|WGS:JAJSEB|jg2947.t1;product=ABC transporter",2016
"JAJSEB010000016.1","Genbank","exon",265948,267963,".","-",".","ID=exon-gnl|WGS:JAJSEB|jg2947.t1-1;Parent=rna-gnl|WGS:JAJSEB|jg2947.t1;gbkey=mRNA;locus_tag=LSM04_002586;orig_protein_id=gnl|WGS:JAJSEB|jg2947.t1.CDS1;orig_transcript_id=gnl|WGS:JAJSEB|jg2947.t1;product=ABC transporter",2016
"JAJSEB010000016.1","Genbank","CDS",265948,267963,".","-","0","ID=cds-KAH9599462.1;Parent=rna-gnl|WGS:JAJSEB|jg2947.t1;Dbxref=NCBI_GP:KAH9599462.1;Name=KAH9599462.1;gbkey=CDS;locus_tag=LSM04_002586;orig_transcript_id=gnl|WGS:JAJSEB|jg2947.t1;product=ABC transporter;protein_id=KAH9599462.1",2016
"JAJSEB010000016.1","Genbank","gene",268803,269117,".","-",".","ID=gene-LSM04_004037;Name=LSM04_004037;gbkey=Gene;gene_biotype=protein_coding;locus_tag=LSM04_004037",315
"JAJSEB010000016.1","Genbank","mRNA",268803,269117,".","-",".","ID=rna-gnl|WGS:JAJSEB|jg2948.t1;Parent=gene-LSM04_004037;gbkey=mRNA;locus_tag=LSM04_004037;orig_protein_id=gnl|WGS:JAJSEB|jg2948.t1.CDS1;orig_transcript_id=gnl|WGS:JAJSEB|jg2948.t1;product=Tim10-like",315
"JAJSEB010000016.1","Genbank","exon",268803,269117,".","-",".","ID=exon-gnl|WGS:JAJSEB|jg2948.t1-1;Parent=rna-gnl|WGS:JAJSEB|jg2948.t1;gbkey=mRNA;locus_tag=LSM04_004037;orig_protein_id=gnl|WGS:JAJSEB|jg2948.t1.CDS1;orig_transcript_id=gnl|WGS:JAJSEB|jg2948.t1;product=Tim10-like",315
"JAJSEB010000016.1","Genbank","CDS",268803,269117,".","-","0","ID=cds-KAH9599491.1;Parent=rna-gnl|WGS:JAJSEB|jg2948.t1;Dbxref=NCBI_GP:KAH9599491.1;Name=KAH9599491.1;gbkey=CDS;locus_tag=LSM04_004037;orig_transcript_id=gnl|WGS:JAJSEB|jg2948.t1;product=Tim10-like;protein_id=KAH9599491.1",315
"JAJSEB010000016.1","Genbank","mRNA",269848,270141,".","-",".","ID=rna-gnl|WGS:JAJSEB|jg2949.t1;Parent=gene-LSM04_000302;gbkey=mRNA;locus_tag=LSM04_000302;orig_protein_id=gnl|WGS:JAJSEB|jg2949.t1.CDS1;orig_transcript_id=gnl|WGS:JAJSEB|jg2949.t1;product=hypothetical protein",294
"JAJSEB010000016.1","Genbank","exon",269848,270141,".","-",".","ID=exon-gnl|WGS:JAJSEB|jg2949.t1-1;Parent=rna-gnl|WGS:JAJSEB|jg2949.t1;gbkey=mRNA;locus_tag=LSM04_000302;orig_protein_id=gnl|WGS:JAJSEB|jg2949.t1.CDS1;orig_transcript_id=gnl|WGS:JAJSEB|jg2949.t1;product=hypothetical protein",294
"JAJSEB010000016.1","Genbank","CDS",269848,270141,".","-","0","ID=cds-KAH9599417.1;Parent=rna-gnl|WGS:JAJSEB|jg2949.t1;Dbxref=NCBI_GP:KAH9599417.1;Name=KAH9599417.1;gbkey=CDS;locus_tag=LSM04_000302;orig_transcript_id=gnl|WGS:JAJSEB|jg2949.t1;product=hypothetical protein;protein_id=KAH9599417.1",294
"JAJSEB010000020.1","Genbank","gene",76113,78212,".","-",".","ID=gene-LSM04_004320;Name=LSM04_004320;gbkey=Gene;gene_biotype=protein_coding;locus_tag=LSM04_004320",2100
"JAJSEB010000020.1","Genbank","mRNA",76113,78212,".","-",".","ID=rna-gnl|WGS:JAJSEB|jg2323.t1;Parent=gene-LSM04_004320;gbkey=mRNA;locus_tag=LSM04_004320;orig_protein_id=gnl|WGS:JAJSEB|jg2323.t1.CDS1;orig_transcript_id=gnl|WGS:JAJSEB|jg2323.t1;product=hypothetical protein",2100
"JAJSEB010000020.1","Genbank","exon",76113,78212,".","-",".","ID=exon-gnl|WGS:JAJSEB|jg2323.t1-1;Parent=rna-gnl|WGS:JAJSEB|jg2323.t1;gbkey=mRNA;locus_tag=LSM04_004320;orig_protein_id=gnl|WGS:JAJSEB|jg2323.t1.CDS1;orig_transcript_id=gnl|WGS:JAJSEB|jg2323.t1;product=hypothetical protein",2100
"JAJSEB010000020.1","Genbank","CDS",76113,78212,".","-","0","ID=cds-KAH9598370.1;Parent=rna-gnl|WGS:JAJSEB|jg2323.t1;Dbxref=NCBI_GP:KAH9598370.1;Name=KAH9598370.1;gbkey=CDS;locus_tag=LSM04_004320;orig_transcript_id=gnl|WGS:JAJSEB|jg2323.t1;product=hypothetical protein;protein_id=KAH9598370.1",2100
"JAJSEB010000020.1","Genbank","gene",78509,78905,".","-",".","ID=gene-LSM04_000504;Name=LSM04_000504;gbkey=Gene;gene_biotype=protein_coding;locus_tag=LSM04_000504",397
"JAJSEB010000020.1","Genbank","mRNA",78509,78905,".","-",".","ID=rna-gnl|WGS:JAJSEB|jg2324.t1;Parent=gene-LSM04_000504;gbkey=mRNA;locus_tag=LSM04_000504;orig_protein_id=gnl|WGS:JAJSEB|jg2324.t1.CDS1;orig_transcript_id=gnl|WGS:JAJSEB|jg2324.t1;product=hypothetical protein",397
"JAJSEB010000020.1","Genbank","exon",78638,78905,".","-",".","ID=exon-gnl|WGS:JAJSEB|jg2324.t1-1;Parent=rna-gnl|WGS:JAJSEB|jg2324.t1;gbkey=mRNA;locus_tag=LSM04_000504;orig_protein_id=gnl|WGS:JAJSEB|jg2324.t1.CDS1;orig_transcript_id=gnl|WGS:JAJSEB|jg2324.t1;product=hypothetical protein",268
"JAJSEB010000020.1","Genbank","exon",78509,78591,".","-",".","ID=exon-gnl|WGS:JAJSEB|jg2324.t1-2;Parent=rna-gnl|WGS:JAJSEB|jg2324.t1;gbkey=mRNA;locus_tag=LSM04_000504;orig_protein_id=gnl|WGS:JAJSEB|jg2324.t1.CDS1;orig_transcript_id=gnl|WGS:JAJSEB|jg2324.t1;product=hypothetical protein",83
"JAJSEB010000020.1","Genbank","CDS",78638,78905,".","-","0","ID=cds-KAH9598298.1;Parent=rna-gnl|WGS:JAJSEB|jg2324.t1;Dbxref=NCBI_GP:KAH9598298.1;Name=KAH9598298.1;gbkey=CDS;locus_tag=LSM04_000504;orig_transcript_id=gnl|WGS:JAJSEB|jg2324.t1;product=hypothetical protein;protein_id=KAH9598298.1",268
"JAJSEB010000020.1","Genbank","CDS",78509,78591,".","-","2","ID=cds-KAH9598298.1;Parent=rna-gnl|WGS:JAJSEB|jg2324.t1;Dbxref=NCBI_GP:KAH9598298.1;Name=KAH9598298.1;gbkey=CDS;locus_tag=LSM04_000504;orig_transcript_id=gnl|WGS:JAJSEB|jg2324.t1;product=hypothetical protein;protein_id=KAH9598298.1",83
"JAJSEB010000020.1","Genbank","gene",81207,85952,".","-",".","ID=gene-LSM04_003948;Name=LSM04_003948;gbkey=Gene;gene_biotype=protein_coding;locus_tag=LSM04_003948",4746
"JAJSEB010000020.1","Genbank","mRNA",81207,85952,".","-",".","ID=rna-gnl|WGS:JAJSEB|jg2325.t1;Parent=gene-LSM04_003948;gbkey=mRNA;locus_tag=LSM04_003948;orig_protein_id=gnl|WGS:JAJSEB|jg2325.t1.CDS1;orig_transcript_id=gnl|WGS:JAJSEB|jg2325.t1;product=hypothetical protein",4746
"JAJSEB010000020.1","Genbank","exon",81207,85952,".","-",".","ID=exon-gnl|WGS:JAJSEB|jg2325.t1-1;Parent=rna-gnl|WGS:JAJSEB|jg2325.t1;gbkey=mRNA;locus_tag=LSM04_003948;orig_protein_id=gnl|WGS:JAJSEB|jg2325.t1.CDS1;orig_transcript_id=gnl|WGS:JAJSEB|jg2325.t1;product=hypothetical protein",4746
"JAJSEB010000020.1","Genbank","CDS",81207,85952,".","-","0","ID=cds-KAH9598361.1;Parent=rna-gnl|WGS:JAJSEB|jg2325.t1;Dbxref=NCBI_GP:KAH9598361.1;Name=KAH9598361.1;gbkey=CDS;locus_tag=LSM04_003948;orig_transcript_id=gnl|WGS:JAJSEB|jg2325.t1;product=hypothetical protein;protein_id=KAH9598361.1",4746
"JAJSEB010000020.1","Genbank","gene",88714,90684,".","-",".","ID=gene-LSM04_001725;Name=LSM04_001725;gbkey=Gene;gene_biotype=protein_coding;locus_tag=LSM04_001725",1971
"JAJSEB010000020.1","Genbank","mRNA",88714,90684,".","-",".","ID=rna-gnl|WGS:JAJSEB|jg2326.t1;Parent=gene-LSM04_001725;gbkey=mRNA;locus_tag=LSM04_001725;orig_protein_id=gnl|WGS:JAJSEB|jg2326.t1.CDS1;orig_transcript_id=gnl|WGS:JAJSEB|jg2326.t1;product=DnaJ domain",1971
"JAJSEB010000020.1","Genbank","exon",89244,90684,".","-",".","ID=exon-gnl|WGS:JAJSEB|jg2326.t1-1;Parent=rna-gnl|WGS:JAJSEB|jg2326.t1;gbkey=mRNA;locus_tag=LSM04_001725;orig_protein_id=gnl|WGS:JAJSEB|jg2326.t1.CDS1;orig_transcript_id=gnl|WGS:JAJSEB|jg2326.t1;product=DnaJ domain",1441
"JAJSEB010000020.1","Genbank","exon",88714,89087,".","-",".","ID=exon-gnl|WGS:JAJSEB|jg2326.t1-2;Parent=rna-gnl|WGS:JAJSEB|jg2326.t1;gbkey=mRNA;locus_tag=LSM04_001725;orig_protein_id=gnl|WGS:JAJSEB|jg2326.t1.CDS1;orig_transcript_id=gnl|WGS:JAJSEB|jg2326.t1;product=DnaJ domain",374
"JAJSEB010000020.1","Genbank","CDS",89244,90684,".","-","0","ID=cds-KAH9598321.1;Parent=rna-gnl|WGS:JAJSEB|jg2326.t1;Dbxref=NCBI_GP:KAH9598321.1;Name=KAH9598321.1;gbkey=CDS;locus_tag=LSM04_001725;orig_transcript_id=gnl|WGS:JAJSEB|jg2326.t1;product=DnaJ domain;protein_id=KAH9598321.1",1441
"JAJSEB010000020.1","Genbank","CDS",88714,89087,".","-","2","ID=cds-KAH9598321.1;Parent=rna-gnl|WGS:JAJSEB|jg2326.t1;Dbxref=NCBI_GP:KAH9598321.1;Name=KAH9598321.1;gbkey=CDS;locus_tag=LSM04_001725;orig_transcript_id=gnl|WGS:JAJSEB|jg2326.t1;product=DnaJ domain;protein_id=KAH9598321.1",374
"JAJSEB010000020.1","Genbank","gene",92510,94342,".","-",".","ID=gene-LSM04_004092;Name=LSM04_004092;gbkey=Gene;gene_biotype=protein_coding;locus_tag=LSM04_004092",1833
"JAJSEB010000020.1","Genbank","mRNA",92510,94342,".","-",".","ID=rna-gnl|WGS:JAJSEB|jg2327.t1;Parent=gene-LSM04_004092;gbkey=mRNA;locus_tag=LSM04_004092;orig_protein_id=gnl|WGS:JAJSEB|jg2327.t1.CDS1;orig_transcript_id=gnl|WGS:JAJSEB|jg2327.t1;product=hypothetical protein",1833
"JAJSEB010000020.1","Genbank","exon",92510,94342,".","-",".","ID=exon-gnl|WGS:JAJSEB|jg2327.t1-1;Parent=rna-gnl|WGS:JAJSEB|jg2327.t1;gbkey=mRNA;locus_tag=LSM04_004092;orig_protein_id=gnl|WGS:JAJSEB|jg2327.t1.CDS1;orig_transcript_id=gnl|WGS:JAJSEB|jg2327.t1;product=hypothetical protein",1833
"JAJSEB010000020.1","Genbank","CDS",92510,94342,".","-","0","ID=cds-KAH9598365.1;Parent=rna-gnl|WGS:JAJSEB|jg2327.t1;Dbxref=NCBI_GP:KAH9598365.1;Name=KAH9598365.1;gbkey=CDS;locus_tag=LSM04_004092;orig_transcript_id=gnl|WGS:JAJSEB|jg2327.t1;product=hypothetical protein;protein_id=KAH9598365.1",1833
"JAJSEB010000020.1","Genbank","gene",95004,97076,".","-",".","ID=gene-LSM04_006020;Name=LSM04_006020;gbkey=Gene;gene_biotype=protein_coding;locus_tag=LSM04_006020",2073
"JAJSEB010000020.1","Genbank","mRNA",95004,97076,".","-",".","ID=rna-gnl|WGS:JAJSEB|jg2328.t1;Parent=gene-LSM04_006020;gbkey=mRNA;locus_tag=LSM04_006020;orig_protein_id=gnl|WGS:JAJSEB|jg2328.t1.CDS1;orig_transcript_id=gnl|WGS:JAJSEB|jg2328.t1;product=hypothetical protein",2073
"JAJSEB010000020.1","Genbank","exon",95004,97076,".","-",".","ID=exon-gnl|WGS:JAJSEB|jg2328.t1-1;Parent=rna-gnl|WGS:JAJSEB|jg2328.t1;gbkey=mRNA;locus_tag=LSM04_006020;orig_protein_id=gnl|WGS:JAJSEB|jg2328.t1.CDS1;orig_transcript_id=gnl|WGS:JAJSEB|jg2328.t1;product=hypothetical protein",2073
"JAJSEB010000020.1","Genbank","CDS",95004,97076,".","-","0","ID=cds-KAH9598402.1;Parent=rna-gnl|WGS:JAJSEB|jg2328.t1;Dbxref=NCBI_GP:KAH9598402.1;Name=KAH9598402.1;gbkey=CDS;locus_tag=LSM04_006020;orig_transcript_id=gnl|WGS:JAJSEB|jg2328.t1;product=hypothetical protein;protein_id=KAH9598402.1",2073
"JAJSEB010000020.1","Genbank","gene",98167,99444,".","-",".","ID=gene-LSM04_001666;Name=LSM04_001666;gbkey=Gene;gene_biotype=protein_coding;locus_tag=LSM04_001666",1278
"JAJSEB010000020.1","Genbank","mRNA",98167,99444,".","-",".","ID=rna-gnl|WGS:JAJSEB|jg2329.t1;Parent=gene-LSM04_001666;gbkey=mRNA;locus_tag=LSM04_001666;orig_protein_id=gnl|WGS:JAJSEB|jg2329.t1.CDS1;orig_transcript_id=gnl|WGS:JAJSEB|jg2329.t1;product=hypothetical protein",1278
"JAJSEB010000020.1","Genbank","exon",98167,99444,".","-",".","ID=exon-gnl|WGS:JAJSEB|jg2329.t1-1;Parent=rna-gnl|WGS:JAJSEB|jg2329.t1;gbkey=mRNA;locus_tag=LSM04_001666;orig_protein_id=gnl|WGS:JAJSEB|jg2329.t1.CDS1;orig_transcript_id=gnl|WGS:JAJSEB|jg2329.t1;product=hypothetical protein",1278
"JAJSEB010000020.1","Genbank","CDS",98167,99444,".","-","0","ID=cds-KAH9598319.1;Parent=rna-gnl|WGS:JAJSEB|jg2329.t1;Dbxref=NCBI_GP:KAH9598319.1;Name=KAH9598319.1;gbkey=CDS;locus_tag=LSM04_001666;orig_transcript_id=gnl|WGS:JAJSEB|jg2329.t1;product=hypothetical protein;protein_id=KAH9598319.1",1278
"JAJSEB010000020.1","Genbank","gene",101071,101955,".","-",".","ID=gene-LSM04_005839;Name=LSM04_005839;gbkey=Gene;gene_biotype=protein_coding;locus_tag=LSM04_005839",885
"JAJSEB010000020.1","Genbank","mRNA",101071,101955,".","-",".","ID=rna-gnl|WGS:JAJSEB|jg2330.t1;Parent=gene-LSM04_005839;gbkey=mRNA;locus_tag=LSM04_005839;orig_protein_id=gnl|WGS:JAJSEB|jg2330.t1.CDS1;orig_transcript_id=gnl|WGS:JAJSEB|jg2330.t1;product=hypothetical protein",885
"JAJSEB010000020.1","Genbank","exon",101071,101955,".","-",".","ID=exon-gnl|WGS:JAJSEB|jg2330.t1-1;Parent=rna-gnl|WGS:JAJSEB|jg2330.t1;gbkey=mRNA;locus_tag=LSM04_005839;orig_protein_id=gnl|WGS:JAJSEB|jg2330.t1.CDS1;orig_transcript_id=gnl|WGS:JAJSEB|jg2330.t1;product=hypothetical protein",885
"JAJSEB010000020.1","Genbank","CDS",101071,101955,".","-","0","ID=cds-KAH9598397.1;Parent=rna-gnl|WGS:JAJSEB|jg2330.t1;Dbxref=NCBI_GP:KAH9598397.1;Name=KAH9598397.1;gbkey=CDS;locus_tag=LSM04_005839;orig_transcript_id=gnl|WGS:JAJSEB|jg2330.t1;product=hypothetical protein;protein_id=KAH9598397.1",885
"JAJSEB010000020.1","Genbank","gene",102044,102382,".","-",".","ID=gene-LSM04_008553;Name=LSM04_008553;gbkey=Gene;gene_biotype=protein_coding;locus_tag=LSM04_008553",339
"JAJSEB010000020.1","Genbank","mRNA",102044,102382,".","-",".","ID=rna-gnl|WGS:JAJSEB|jg2331.t1;Parent=gene-LSM04_008553;gbkey=mRNA;locus_tag=LSM04_008553;orig_protein_id=gnl|WGS:JAJSEB|jg2331.t1.CDS1;orig_transcript_id=gnl|WGS:JAJSEB|jg2331.t1;product=hypothetical protein",339
"JAJSEB010000020.1","Genbank","exon",102044,102382,".","-",".","ID=exon-gnl|WGS:JAJSEB|jg2331.t1-1;Parent=rna-gnl|WGS:JAJSEB|jg2331.t1;gbkey=mRNA;locus_tag=LSM04_008553;orig_protein_id=gnl|WGS:JAJSEB|jg2331.t1.CDS1;orig_transcript_id=gnl|WGS:JAJSEB|jg2331.t1;product=hypothetical protein",339
"JAJSEB010000020.1","Genbank","CDS",102044,102382,".","-","0","ID=cds-KAH9598452.1;Parent=rna-gnl|WGS:JAJSEB|jg2331.t1;Dbxref=NCBI_GP:KAH9598452.1;Name=KAH9598452.1;gbkey=CDS;locus_tag=LSM04_008553;orig_transcript_id=gnl|WGS:JAJSEB|jg2331.t1;product=hypothetical protein;protein_id=KAH9598452.1",339
"JAJSEB010000020.1","Genbank","gene",102792,104159,".","-",".","ID=gene-LSM04_001932;Name=LSM04_001932;gbkey=Gene;gene_biotype=protein_coding;locus_tag=LSM04_001932",1368
"JAJSEB010000020.1","Genbank","mRNA",102792,104159,".","-",".","ID=rna-gnl|WGS:JAJSEB|jg2332.t1;Parent=gene-LSM04_001932;gbkey=mRNA;locus_tag=LSM04_001932;orig_protein_id=gnl|WGS:JAJSEB|jg2332.t1.CDS1;orig_transcript_id=gnl|WGS:JAJSEB|jg2332.t1;product=Ribonuclease H2 subunit B",1368
"JAJSEB010000020.1","Genbank","exon",102792,104159,".","-",".","ID=exon-gnl|WGS:JAJSEB|jg2332.t1-1;Parent=rna-gnl|WGS:JAJSEB|jg2332.t1;gbkey=mRNA;locus_tag=LSM04_001932;orig_protein_id=gnl|WGS:JAJSEB|jg2332.t1.CDS1;orig_transcript_id=gnl|WGS:JAJSEB|jg2332.t1;product=Ribonuclease H2 subunit B",1368
"JAJSEB010000020.1","Genbank","CDS",102792,104159,".","-","0","ID=cds-KAH9598323.1;Parent=rna-gnl|WGS:JAJSEB|jg2332.t1;Dbxref=NCBI_GP:KAH9598323.1;Name=KAH9598323.1;gbkey=CDS;locus_tag=LSM04_001932;orig_transcript_id=gnl|WGS:JAJSEB|jg2332.t1;product=Ribonuclease H2 subunit B;protein_id=KAH9598323.1",1368
"JAJSEB010000020.1","Genbank","gene",105313,105642,".","-",".","ID=gene-LSM04_000381;Name=LSM04_000381;gbkey=Gene;gene_biotype=protein_coding;locus_tag=LSM04_000381",330
"JAJSEB010000020.1","Genbank","mRNA",105313,105642,".","-",".","ID=rna-gnl|WGS:JAJSEB|jg2333.t1;Parent=gene-LSM04_000381;gbkey=mRNA;locus_tag=LSM04_000381;orig_protein_id=gnl|WGS:JAJSEB|jg2333.t1.CDS1;orig_transcript_id=gnl|WGS:JAJSEB|jg2333.t1;product=Protein of unknown function DUF962",330
"JAJSEB010000020.1","Genbank","exon",105313,105642,".","-",".","ID=exon-gnl|WGS:JAJSEB|jg2333.t1-1;Parent=rna-gnl|WGS:JAJSEB|jg2333.t1;gbkey=mRNA;locus_tag=LSM04_000381;orig_protein_id=gnl|WGS:JAJSEB|jg2333.t1.CDS1;orig_transcript_id=gnl|WGS:JAJSEB|jg2333.t1;product=Protein of unknown function DUF962",330
"JAJSEB010000020.1","Genbank","CDS",105313,105642,".","-","0","ID=cds-KAH9598295.1;Parent=rna-gnl|WGS:JAJSEB|jg2333.t1;Dbxref=NCBI_GP:KAH9598295.1;Name=KAH9598295.1;gbkey=CDS;locus_tag=LSM04_000381;orig_transcript_id=gnl|WGS:JAJSEB|jg2333.t1;product=Protein of unknown function DUF962;protein_id=KAH9598295.1",330
"JAJSEB010000020.1","Genbank","gene",106303,108504,".","-",".","ID=gene-LSM04_003255;Name=LSM04_003255;gbkey=Gene;gene_biotype=protein_coding;locus_tag=LSM04_003255",2202
"JAJSEB010000020.1","Genbank","mRNA",106303,108504,".","-",".","ID=rna-gnl|WGS:JAJSEB|jg2334.t1;Parent=gene-LSM04_003255;gbkey=mRNA;locus_tag=LSM04_003255;orig_protein_id=gnl|WGS:JAJSEB|jg2334.t1.CDS1;orig_transcript_id=gnl|WGS:JAJSEB|jg2334.t1;product=Leucine-rich repeat",2202
"JAJSEB010000020.1","Genbank","exon",106303,108504,".","-",".","ID=exon-gnl|WGS:JAJSEB|jg2334.t1-1;Parent=rna-gnl|WGS:JAJSEB|jg2334.t1;gbkey=mRNA;locus_tag=LSM04_003255;orig_protein_id=gnl|WGS:JAJSEB|jg2334.t1.CDS1;orig_transcript_id=gnl|WGS:JAJSEB|jg2334.t1;product=Leucine-rich repeat",2202
"JAJSEB010000020.1","Genbank","CDS",106303,108504,".","-","0","ID=cds-KAH9598342.1;Parent=rna-gnl|WGS:JAJSEB|jg2334.t1;Dbxref=NCBI_GP:KAH9598342.1;Name=KAH9598342.1;gbkey=CDS;locus_tag=LSM04_003255;orig_transcript_id=gnl|WGS:JAJSEB|jg2334.t1;product=Leucine-rich repeat;protein_id=KAH9598342.1",2202
"JAJSEB010000020.1","Genbank","gene",109111,109605,".","-",".","ID=gene-LSM04_006932;Name=LSM04_006932;gbkey=Gene;gene_biotype=protein_coding;locus_tag=LSM04_006932",495
"JAJSEB010000020.1","Genbank","mRNA",109111,109605,".","-",".","ID=rna-gnl|WGS:JAJSEB|jg2335.t1;Parent=gene-LSM04_006932;gbkey=mRNA;locus_tag=LSM04_006932;orig_protein_id=gnl|WGS:JAJSEB|jg2335.t1.CDS1;orig_transcript_id=gnl|WGS:JAJSEB|jg2335.t1;product=hypothetical protein",495
"JAJSEB010000020.1","Genbank","exon",109111,109605,".","-",".","ID=exon-gnl|WGS:JAJSEB|jg2335.t1-1;Parent=rna-gnl|WGS:JAJSEB|jg2335.t1;gbkey=mRNA;locus_tag=LSM04_006932;orig_protein_id=gnl|WGS:JAJSEB|jg2335.t1.CDS1;orig_transcript_id=gnl|WGS:JAJSEB|jg2335.t1;product=hypothetical protein",495
"JAJSEB010000020.1","Genbank","CDS",109111,109605,".","-","0","ID=cds-KAH9598419.1;Parent=rna-gnl|WGS:JAJSEB|jg2335.t1;Dbxref=NCBI_GP:KAH9598419.1;Name=KAH9598419.1;gbkey=CDS;locus_tag=LSM04_006932;orig_transcript_id=gnl|WGS:JAJSEB|jg2335.t1;product=hypothetical protein;protein_id=KAH9598419.1",495
"JAJSEB010000020.1","Genbank","gene",110181,111401,".","-",".","ID=gene-LSM04_007241;Name=LSM04_007241;gbkey=Gene;gene_biotype=protein_coding;locus_tag=LSM04_007241",1221
"JAJSEB010000020.1","Genbank","mRNA",110181,111401,".","-",".","ID=rna-gnl|WGS:JAJSEB|jg2336.t1;Parent=gene-LSM04_007241;gbkey=mRNA;locus_tag=LSM04_007241;orig_protein_id=gnl|WGS:JAJSEB|jg2336.t1.CDS1;orig_transcript_id=gnl|WGS:JAJSEB|jg2336.t1;product=Bardet-Biedl syndrome 5 protein",1221
"JAJSEB010000020.1","Genbank","exon",110181,111401,".","-",".","ID=exon-gnl|WGS:JAJSEB|jg2336.t1-1;Parent=rna-gnl|WGS:JAJSEB|jg2336.t1;gbkey=mRNA;locus_tag=LSM04_007241;orig_protein_id=gnl|WGS:JAJSEB|jg2336.t1.CDS1;orig_transcript_id=gnl|WGS:JAJSEB|jg2336.t1;product=Bardet-Biedl syndrome 5 protein",1221
"JAJSEB010000020.1","Genbank","CDS",110181,111401,".","-","0","ID=cds-KAH9598426.1;Parent=rna-gnl|WGS:JAJSEB|jg2336.t1;Dbxref=NCBI_GP:KAH9598426.1;Name=KAH9598426.1;gbkey=CDS;locus_tag=LSM04_007241;orig_transcript_id=gnl|WGS:JAJSEB|jg2336.t1;product=Bardet-Biedl syndrome 5 protein;protein_id=KAH9598426.1",1221
"JAJSEB010000020.1","Genbank","gene",112167,113654,".","-",".","ID=gene-LSM04_008502;Name=LSM04_008502;gbkey=Gene;gene_biotype=protein_coding;locus_tag=LSM04_008502",1488
"JAJSEB010000020.1","Genbank","mRNA",112167,113654,".","-",".","ID=rna-gnl|WGS:JAJSEB|jg2337.t1;Parent=gene-LSM04_008502;gbkey=mRNA;locus_tag=LSM04_008502;orig_protein_id=gnl|WGS:JAJSEB|jg2337.t1.CDS1;orig_transcript_id=gnl|WGS:JAJSEB|jg2337.t1;product=Protein kinase domain",1488
"JAJSEB010000020.1","Genbank","exon",112167,113654,".","-",".","ID=exon-gnl|WGS:JAJSEB|jg2337.t1-1;Parent=rna-gnl|WGS:JAJSEB|jg2337.t1;gbkey=mRNA;locus_tag=LSM04_008502;orig_protein_id=gnl|WGS:JAJSEB|jg2337.t1.CDS1;orig_transcript_id=gnl|WGS:JAJSEB|jg2337.t1;product=Protein kinase domain",1488
"JAJSEB010000020.1","Genbank","CDS",112167,113654,".","-","0","ID=cds-KAH9598450.1;Parent=rna-gnl|WGS:JAJSEB|jg2337.t1;Dbxref=NCBI_GP:KAH9598450.1;Name=KAH9598450.1;gbkey=CDS;locus_tag=LSM04_008502;orig_transcript_id=gnl|WGS:JAJSEB|jg2337.t1;product=Protein kinase domain;protein_id=KAH9598450.1",1488
"JAJSEB010000020.1","Genbank","gene",115002,116015,".","-",".","ID=gene-LSM04_009087;Name=LSM04_009087;gbkey=Gene;gene_biotype=protein_coding;locus_tag=LSM04_009087",1014
"JAJSEB010000020.1","Genbank","mRNA",115002,116015,".","-",".","ID=rna-gnl|WGS:JAJSEB|jg2338.t1;Parent=gene-LSM04_009087;gbkey=mRNA;locus_tag=LSM04_009087;orig_protein_id=gnl|WGS:JAJSEB|jg2338.t1.CDS1;orig_transcript_id=gnl|WGS:JAJSEB|jg2338.t1;product=hypothetical protein",1014
"JAJSEB010000020.1","Genbank","exon",115002,116015,".","-",".","ID=exon-gnl|WGS:JAJSEB|jg2338.t1-1;Parent=rna-gnl|WGS:JAJSEB|jg2338.t1;gbkey=mRNA;locus_tag=LSM04_009087;orig_protein_id=gnl|WGS:JAJSEB|jg2338.t1.CDS1;orig_transcript_id=gnl|WGS:JAJSEB|jg2338.t1;product=hypothetical protein",1014
"JAJSEB010000020.1","Genbank","CDS",115002,116015,".","-","0","ID=cds-KAH9598459.1;Parent=rna-gnl|WGS:JAJSEB|jg2338.t1;Dbxref=NCBI_GP:KAH9598459.1;Name=KAH9598459.1;gbkey=CDS;locus_tag=LSM04_009087;orig_transcript_id=gnl|WGS:JAJSEB|jg2338.t1;product=hypothetical protein;protein_id=KAH9598459.1",1014
"JAJSEB010000020.1","Genbank","gene",118300,121104,".","-",".","ID=gene-LSM04_005519;Name=LSM04_005519;gbkey=Gene;gene_biotype=protein_coding;locus_tag=LSM04_005519",2805
"JAJSEB010000020.1","Genbank","mRNA",118300,121104,".","-",".","ID=rna-gnl|WGS:JAJSEB|jg2339.t1;Parent=gene-LSM04_005519;gbkey=mRNA;locus_tag=LSM04_005519;orig_protein_id=gnl|WGS:JAJSEB|jg2339.t1.CDS1;orig_transcript_id=gnl|WGS:JAJSEB|jg2339.t1;product=Calcineurin-like phosphoesterase domain",2805
"JAJSEB010000020.1","Genbank","exon",118300,121104,".","-",".","ID=exon-gnl|WGS:JAJSEB|jg2339.t1-1;Parent=rna-gnl|WGS:JAJSEB|jg2339.t1;gbkey=mRNA;locus_tag=LSM04_005519;orig_protein_id=gnl|WGS:JAJSEB|jg2339.t1.CDS1;orig_transcript_id=gnl|WGS:JAJSEB|jg2339.t1;product=Calcineurin-like phosphoesterase domain",2805
"JAJSEB010000020.1","Genbank","CDS",118300,121104,".","-","0","ID=cds-KAH9598391.1;Parent=rna-gnl|WGS:JAJSEB|jg2339.t1;Dbxref=NCBI_GP:KAH9598391.1;Name=KAH9598391.1;gbkey=CDS;locus_tag=LSM04_005519;orig_transcript_id=gnl|WGS:JAJSEB|jg2339.t1;product=Calcineurin-like phosphoesterase domain;protein_id=KAH9598391.1",2805
"JAJSEB010000020.1","Genbank","gene",123444,125786,".","-",".","ID=gene-LSM04_008081;Name=LSM04_008081;gbkey=Gene;gene_biotype=protein_coding;locus_tag=LSM04_008081",2343
"JAJSEB010000020.1","Genbank","mRNA",123444,125786,".","-",".","ID=rna-gnl|WGS:JAJSEB|jg2340.t2;Parent=gene-LSM04_008081;gbkey=mRNA;locus_tag=LSM04_008081;orig_protein_id=gnl|WGS:JAJSEB|jg2340.t2.CDS1;orig_transcript_id=gnl|WGS:JAJSEB|jg2340.t2;product=hypothetical protein",2343
"JAJSEB010000020.1","Genbank","exon",123444,125786,".","-",".","ID=exon-gnl|WGS:JAJSEB|jg2340.t2-1;Parent=rna-gnl|WGS:JAJSEB|jg2340.t2;gbkey=mRNA;locus_tag=LSM04_008081;orig_protein_id=gnl|WGS:JAJSEB|jg2340.t2.CDS1;orig_transcript_id=gnl|WGS:JAJSEB|jg2340.t2;product=hypothetical protein",2343
"JAJSEB010000020.1","Genbank","CDS",123444,125786,".","-","0","ID=cds-KAH9598443.1;Parent=rna-gnl|WGS:JAJSEB|jg2340.t2;Dbxref=NCBI_GP:KAH9598443.1;Name=KAH9598443.1;gbkey=CDS;locus_tag=LSM04_008081;orig_transcript_id=gnl|WGS:JAJSEB|jg2340.t2;product=hypothetical protein;protein_id=KAH9598443.1",2343
"JAJSEB010000020.1","Genbank","mRNA",123444,125465,".","-",".","ID=rna-gnl|WGS:JAJSEB|jg2340.t1;Parent=gene-LSM04_008081;gbkey=mRNA;locus_tag=LSM04_008081;orig_protein_id=gnl|WGS:JAJSEB|jg2340.t1.CDS1;orig_transcript_id=gnl|WGS:JAJSEB|jg2340.t1;product=hypothetical protein",2022
"JAJSEB010000020.1","Genbank","exon",123444,125465,".","-",".","ID=exon-gnl|WGS:JAJSEB|jg2340.t1-1;Parent=rna-gnl|WGS:JAJSEB|jg2340.t1;gbkey=mRNA;locus_tag=LSM04_008081;orig_protein_id=gnl|WGS:JAJSEB|jg2340.t1.CDS1;orig_transcript_id=gnl|WGS:JAJSEB|jg2340.t1;product=hypothetical protein",2022
"JAJSEB010000020.1","Genbank","CDS",123444,125465,".","-","0","ID=cds-KAH9598442.1;Parent=rna-gnl|WGS:JAJSEB|jg2340.t1;Dbxref=NCBI_GP:KAH9598442.1;Name=KAH9598442.1;gbkey=CDS;locus_tag=LSM04_008081;orig_transcript_id=gnl|WGS:JAJSEB|jg2340.t1;product=hypothetical protein;protein_id=KAH9598442.1",2022
"JAJSEB010000020.1","Genbank","gene",127340,129589,".","-",".","ID=gene-LSM04_002967;Name=LSM04_002967;gbkey=Gene;gene_biotype=protein_coding;locus_tag=LSM04_002967",2250
"JAJSEB010000020.1","Genbank","mRNA",127340,129589,".","-",".","ID=rna-gnl|WGS:JAJSEB|jg2341.t1;Parent=gene-LSM04_002967;gbkey=mRNA;locus_tag=LSM04_002967;orig_protein_id=gnl|WGS:JAJSEB|jg2341.t1.CDS1;orig_transcript_id=gnl|WGS:JAJSEB|jg2341.t1;product=Prim-pol family 5",2250
"JAJSEB010000020.1","Genbank","exon",127340,129589,".","-",".","ID=exon-gnl|WGS:JAJSEB|jg2341.t1-1;Parent=rna-gnl|WGS:JAJSEB|jg2341.t1;gbkey=mRNA;locus_tag=LSM04_002967;orig_protein_id=gnl|WGS:JAJSEB|jg2341.t1.CDS1;orig_transcript_id=gnl|WGS:JAJSEB|jg2341.t1;product=Prim-pol family 5",2250
"JAJSEB010000020.1","Genbank","CDS",127340,129589,".","-","0","ID=cds-KAH9598338.1;Parent=rna-gnl|WGS:JAJSEB|jg2341.t1;Dbxref=NCBI_GP:KAH9598338.1;Name=KAH9598338.1;gbkey=CDS;locus_tag=LSM04_002967;orig_transcript_id=gnl|WGS:JAJSEB|jg2341.t1;product=Prim-pol family 5;protein_id=KAH9598338.1",2250
"JAJSEB010000020.1","Genbank","gene",131084,132785,".","-",".","ID=gene-LSM04_006972;Name=LSM04_006972;gbkey=Gene;gene_biotype=protein_coding;locus_tag=LSM04_006972",1702
"JAJSEB010000020.1","Genbank","mRNA",131084,132785,".","-",".","ID=rna-gnl|WGS:JAJSEB|jg2342.t1;Parent=gene-LSM04_006972;gbkey=mRNA;locus_tag=LSM04_006972;orig_protein_id=gnl|WGS:JAJSEB|jg2342.t1.CDS1;orig_transcript_id=gnl|WGS:JAJSEB|jg2342.t1;product=Aminotransferase",1702
"JAJSEB010000020.1","Genbank","exon",131277,132785,".","-",".","ID=exon-gnl|WGS:JAJSEB|jg2342.t1-1;Parent=rna-gnl|WGS:JAJSEB|jg2342.t1;gbkey=mRNA;locus_tag=LSM04_006972;orig_protein_id=gnl|WGS:JAJSEB|jg2342.t1.CDS1;orig_transcript_id=gnl|WGS:JAJSEB|jg2342.t1;product=Aminotransferase",1509
"JAJSEB010000020.1","Genbank","exon",131084,131128,".","-",".","ID=exon-gnl|WGS:JAJSEB|jg2342.t1-2;Parent=rna-gnl|WGS:JAJSEB|jg2342.t1;gbkey=mRNA;locus_tag=LSM04_006972;orig_protein_id=gnl|WGS:JAJSEB|jg2342.t1.CDS1;orig_transcript_id=gnl|WGS:JAJSEB|jg2342.t1;product=Aminotransferase",45
"JAJSEB010000020.1","Genbank","CDS",131277,132785,".","-","0","ID=cds-KAH9598420.1;Parent=rna-gnl|WGS:JAJSEB|jg2342.t1;Dbxref=NCBI_GP:KAH9598420.1;Name=KAH9598420.1;gbkey=CDS;locus_tag=LSM04_006972;orig_transcript_id=gnl|WGS:JAJSEB|jg2342.t1;product=Aminotransferase;protein_id=KAH9598420.1",1509
"JAJSEB010000020.1","Genbank","CDS",131084,131128,".","-","0","ID=cds-KAH9598420.1;Parent=rna-gnl|WGS:JAJSEB|jg2342.t1;Dbxref=NCBI_GP:KAH9598420.1;Name=KAH9598420.1;gbkey=CDS;locus_tag=LSM04_006972;orig_transcript_id=gnl|WGS:JAJSEB|jg2342.t1;product=Aminotransferase;protein_id=KAH9598420.1",45
"JAJSEB010000020.1","Genbank","gene",133247,133591,".","+",".","ID=gene-LSM04_006901;Name=LSM04_006901;gbkey=Gene;gene_biotype=protein_coding;locus_tag=LSM04_006901",345
"JAJSEB010000020.1","Genbank","mRNA",133247,133591,".","+",".","ID=rna-gnl|WGS:JAJSEB|jg2343.t1;Parent=gene-LSM04_006901;gbkey=mRNA;locus_tag=LSM04_006901;orig_protein_id=gnl|WGS:JAJSEB|jg2343.t1.CDS1;orig_transcript_id=gnl|WGS:JAJSEB|jg2343.t1;product=hypothetical protein",345
"JAJSEB010000020.1","Genbank","exon",133247,133591,".","+",".","ID=exon-gnl|WGS:JAJSEB|jg2343.t1-1;Parent=rna-gnl|WGS:JAJSEB|jg2343.t1;gbkey=mRNA;locus_tag=LSM04_006901;orig_protein_id=gnl|WGS:JAJSEB|jg2343.t1.CDS1;orig_transcript_id=gnl|WGS:JAJSEB|jg2343.t1;product=hypothetical protein",345
"JAJSEB010000020.1","Genbank","CDS",133247,133591,".","+","0","ID=cds-KAH9598417.1;Parent=rna-gnl|WGS:JAJSEB|jg2343.t1;Dbxref=NCBI_GP:KAH9598417.1;Name=KAH9598417.1;gbkey=CDS;locus_tag=LSM04_006901;orig_transcript_id=gnl|WGS:JAJSEB|jg2343.t1;product=hypothetical protein;protein_id=KAH9598417.1",345
"JAJSEB010000020.1","Genbank","gene",134550,136052,".","-",".","ID=gene-LSM04_005297;Name=LSM04_005297;gbkey=Gene;gene_biotype=protein_coding;locus_tag=LSM04_005297",1503
"JAJSEB010000020.1","Genbank","mRNA",134550,136052,".","-",".","ID=rna-gnl|WGS:JAJSEB|jg2344.t1;Parent=gene-LSM04_005297;gbkey=mRNA;locus_tag=LSM04_005297;orig_protein_id=gnl|WGS:JAJSEB|jg2344.t1.CDS1;orig_transcript_id=gnl|WGS:JAJSEB|jg2344.t1;product=Aminotransferase",1503
"JAJSEB010000020.1","Genbank","exon",134550,136052,".","-",".","ID=exon-gnl|WGS:JAJSEB|jg2344.t1-1;Parent=rna-gnl|WGS:JAJSEB|jg2344.t1;gbkey=mRNA;locus_tag=LSM04_005297;orig_protein_id=gnl|WGS:JAJSEB|jg2344.t1.CDS1;orig_transcript_id=gnl|WGS:JAJSEB|jg2344.t1;product=Aminotransferase",1503
"JAJSEB010000020.1","Genbank","CDS",134550,136052,".","-","0","ID=cds-KAH9598386.1;Parent=rna-gnl|WGS:JAJSEB|jg2344.t1;Dbxref=NCBI_GP:KAH9598386.1;Name=KAH9598386.1;gbkey=CDS;locus_tag=LSM04_005297;orig_transcript_id=gnl|WGS:JAJSEB|jg2344.t1;product=Aminotransferase;protein_id=KAH9598386.1",1503
"JAJSEB010000020.1","Genbank","gene",136497,139112,".","-",".","ID=gene-LSM04_001015;Name=LSM04_001015;gbkey=Gene;gene_biotype=protein_coding;locus_tag=LSM04_001015",2616
"JAJSEB010000020.1","Genbank","mRNA",136497,139112,".","-",".","ID=rna-gnl|WGS:JAJSEB|jg2345.t1;Parent=gene-LSM04_001015;gbkey=mRNA;locus_tag=LSM04_001015;orig_protein_id=gnl|WGS:JAJSEB|jg2345.t1.CDS1;orig_transcript_id=gnl|WGS:JAJSEB|jg2345.t1;product=hypothetical protein",2616
"JAJSEB010000020.1","Genbank","exon",136497,139112,".","-",".","ID=exon-gnl|WGS:JAJSEB|jg2345.t1-1;Parent=rna-gnl|WGS:JAJSEB|jg2345.t1;gbkey=mRNA;locus_tag=LSM04_001015;orig_protein_id=gnl|WGS:JAJSEB|jg2345.t1.CDS1;orig_transcript_id=gnl|WGS:JAJSEB|jg2345.t1;product=hypothetical protein",2616
"JAJSEB010000020.1","Genbank","CDS",136497,139112,".","-","0","ID=cds-KAH9598305.1;Parent=rna-gnl|WGS:JAJSEB|jg2345.t1;Dbxref=NCBI_GP:KAH9598305.1;Name=KAH9598305.1;gbkey=CDS;locus_tag=LSM04_001015;orig_transcript_id=gnl|WGS:JAJSEB|jg2345.t1;product=hypothetical protein;protein_id=KAH9598305.1",2616
"JAJSEB010000020.1","Genbank","gene",140004,142643,".","-",".","ID=gene-LSM04_009200;Name=LSM04_009200;gbkey=Gene;gene_biotype=protein_coding;locus_tag=LSM04_009200",2640
"JAJSEB010000020.1","Genbank","mRNA",140004,142643,".","-",".","ID=rna-gnl|WGS:JAJSEB|jg2346.t1;Parent=gene-LSM04_009200;gbkey=mRNA;locus_tag=LSM04_009200;orig_protein_id=gnl|WGS:JAJSEB|jg2346.t1.CDS1;orig_transcript_id=gnl|WGS:JAJSEB|jg2346.t1;product=hypothetical protein",2640
"JAJSEB010000020.1","Genbank","exon",140004,142643,".","-",".","ID=exon-gnl|WGS:JAJSEB|jg2346.t1-1;Parent=rna-gnl|WGS:JAJSEB|jg2346.t1;gbkey=mRNA;locus_tag=LSM04_009200;orig_protein_id=gnl|WGS:JAJSEB|jg2346.t1.CDS1;orig_transcript_id=gnl|WGS:JAJSEB|jg2346.t1;product=hypothetical protein",2640
"JAJSEB010000020.1","Genbank","CDS",140004,142643,".","-","0","ID=cds-KAH9598464.1;Parent=rna-gnl|WGS:JAJSEB|jg2346.t1;Dbxref=NCBI_GP:KAH9598464.1;Name=KAH9598464.1;gbkey=CDS;locus_tag=LSM04_009200;orig_transcript_id=gnl|WGS:JAJSEB|jg2346.t1;product=hypothetical protein;protein_id=KAH9598464.1",2640
"JAJSEB010000020.1","Genbank","gene",143549,145336,".","-",".","ID=gene-LSM04_006417;Name=LSM04_006417;gbkey=Gene;gene_biotype=protein_coding;locus_tag=LSM04_006417",1788
"JAJSEB010000020.1","Genbank","mRNA",143549,145336,".","-",".","ID=rna-gnl|WGS:JAJSEB|jg2347.t1;Parent=gene-LSM04_006417;gbkey=mRNA;locus_tag=LSM04_006417;orig_protein_id=gnl|WGS:JAJSEB|jg2347.t1.CDS1;orig_transcript_id=gnl|WGS:JAJSEB|jg2347.t1;product=hypothetical protein",1788
"JAJSEB010000020.1","Genbank","exon",143549,145336,".","-",".","ID=exon-gnl|WGS:JAJSEB|jg2347.t1-1;Parent=rna-gnl|WGS:JAJSEB|jg2347.t1;gbkey=mRNA;locus_tag=LSM04_006417;orig_protein_id=gnl|WGS:JAJSEB|jg2347.t1.CDS1;orig_transcript_id=gnl|WGS:JAJSEB|jg2347.t1;product=hypothetical protein",1788
"JAJSEB010000020.1","Genbank","CDS",143549,145336,".","-","0","ID=cds-KAH9598410.1;Parent=rna-gnl|WGS:JAJSEB|jg2347.t1;Dbxref=NCBI_GP:KAH9598410.1;Name=KAH9598410.1;gbkey=CDS;locus_tag=LSM04_006417;orig_transcript_id=gnl|WGS:JAJSEB|jg2347.t1;product=hypothetical protein;protein_id=KAH9598410.1",1788
"JAJSEB010000033.1","Genbank","gene",123647,126994,".","+",".","ID=gene-LSM04_008278;Name=LSM04_008278;gbkey=Gene;gene_biotype=protein_coding;locus_tag=LSM04_008278",3348
"JAJSEB010000033.1","Genbank","mRNA",123647,126994,".","+",".","ID=rna-gnl|WGS:JAJSEB|jg908.t1;Parent=gene-LSM04_008278;gbkey=mRNA;locus_tag=LSM04_008278;orig_protein_id=gnl|WGS:JAJSEB|jg908.t1.CDS1;orig_transcript_id=gnl|WGS:JAJSEB|jg908.t1;product=hypothetical protein",3348
"JAJSEB010000033.1","Genbank","exon",123647,126994,".","+",".","ID=exon-gnl|WGS:JAJSEB|jg908.t1-1;Parent=rna-gnl|WGS:JAJSEB|jg908.t1;gbkey=mRNA;locus_tag=LSM04_008278;orig_protein_id=gnl|WGS:JAJSEB|jg908.t1.CDS1;orig_transcript_id=gnl|WGS:JAJSEB|jg908.t1;product=hypothetical protein",3348
"JAJSEB010000033.1","Genbank","CDS",123647,126994,".","+","0","ID=cds-KAH9588799.1;Parent=rna-gnl|WGS:JAJSEB|jg908.t1;Dbxref=NCBI_GP:KAH9588799.1;Name=KAH9588799.1;gbkey=CDS;locus_tag=LSM04_008278;orig_transcript_id=gnl|WGS:JAJSEB|jg908.t1;product=hypothetical protein;protein_id=KAH9588799.1",3348
"JAJSEB010000033.1","Genbank","gene",127953,128387,".","+",".","ID=gene-LSM04_007845;Name=LSM04_007845;gbkey=Gene;gene_biotype=protein_coding;locus_tag=LSM04_007845",435
"JAJSEB010000033.1","Genbank","mRNA",127953,128387,".","+",".","ID=rna-gnl|WGS:JAJSEB|jg909.t1;Parent=gene-LSM04_007845;gbkey=mRNA;locus_tag=LSM04_007845;orig_protein_id=gnl|WGS:JAJSEB|jg909.t1.CDS1;orig_transcript_id=gnl|WGS:JAJSEB|jg909.t1;product=hypothetical protein",435
"JAJSEB010000033.1","Genbank","exon",127953,128387,".","+",".","ID=exon-gnl|WGS:JAJSEB|jg909.t1-1;Parent=rna-gnl|WGS:JAJSEB|jg909.t1;gbkey=mRNA;locus_tag=LSM04_007845;orig_protein_id=gnl|WGS:JAJSEB|jg909.t1.CDS1;orig_transcript_id=gnl|WGS:JAJSEB|jg909.t1;product=hypothetical protein",435
"JAJSEB010000033.1","Genbank","CDS",127953,128387,".","+","0","ID=cds-KAH9588794.1;Parent=rna-gnl|WGS:JAJSEB|jg909.t1;Dbxref=NCBI_GP:KAH9588794.1;Name=KAH9588794.1;gbkey=CDS;locus_tag=LSM04_007845;orig_transcript_id=gnl|WGS:JAJSEB|jg909.t1;product=hypothetical protein;protein_id=KAH9588794.1",435
"JAJSEB010000033.1","Genbank","gene",129696,130850,".","+",".","ID=gene-LSM04_006477;Name=LSM04_006477;gbkey=Gene;gene_biotype=protein_coding;locus_tag=LSM04_006477",1155
"JAJSEB010000033.1","Genbank","mRNA",129696,130850,".","+",".","ID=rna-gnl|WGS:JAJSEB|jg910.t1;Parent=gene-LSM04_006477;gbkey=mRNA;locus_tag=LSM04_006477;orig_protein_id=gnl|WGS:JAJSEB|jg910.t1.CDS1;orig_transcript_id=gnl|WGS:JAJSEB|jg910.t1;product=Mitochondrial glycoprotein",1155
"JAJSEB010000033.1","Genbank","exon",129696,130850,".","+",".","ID=exon-gnl|WGS:JAJSEB|jg910.t1-1;Parent=rna-gnl|WGS:JAJSEB|jg910.t1;gbkey=mRNA;locus_tag=LSM04_006477;orig_protein_id=gnl|WGS:JAJSEB|jg910.t1.CDS1;orig_transcript_id=gnl|WGS:JAJSEB|jg910.t1;product=Mitochondrial glycoprotein",1155
"JAJSEB010000033.1","Genbank","CDS",129696,130850,".","+","0","ID=cds-KAH9588775.1;Parent=rna-gnl|WGS:JAJSEB|jg910.t1;Dbxref=NCBI_GP:KAH9588775.1;Name=KAH9588775.1;gbkey=CDS;locus_tag=LSM04_006477;orig_transcript_id=gnl|WGS:JAJSEB|jg910.t1;product=Mitochondrial glycoprotein;protein_id=KAH9588775.1",1155
"JAJSEB010000033.1","Genbank","gene",131156,132637,".","+",".","ID=gene-LSM04_000565;Name=LSM04_000565;gbkey=Gene;gene_biotype=protein_coding;locus_tag=LSM04_000565",1482
"JAJSEB010000033.1","Genbank","mRNA",131156,132637,".","+",".","ID=rna-gnl|WGS:JAJSEB|jg911.t1;Parent=gene-LSM04_000565;gbkey=mRNA;locus_tag=LSM04_000565;orig_protein_id=gnl|WGS:JAJSEB|jg911.t1.CDS1;orig_transcript_id=gnl|WGS:JAJSEB|jg911.t1;product=zinc finger protein",1482
"JAJSEB010000033.1","Genbank","exon",131156,132637,".","+",".","ID=exon-gnl|WGS:JAJSEB|jg911.t1-1;Parent=rna-gnl|WGS:JAJSEB|jg911.t1;gbkey=mRNA;locus_tag=LSM04_000565;orig_protein_id=gnl|WGS:JAJSEB|jg911.t1.CDS1;orig_transcript_id=gnl|WGS:JAJSEB|jg911.t1;product=zinc finger protein",1482
"JAJSEB010000033.1","Genbank","CDS",131156,132637,".","+","0","ID=cds-KAH9588706.1;Parent=rna-gnl|WGS:JAJSEB|jg911.t1;Dbxref=NCBI_GP:KAH9588706.1;Name=KAH9588706.1;gbkey=CDS;locus_tag=LSM04_000565;orig_transcript_id=gnl|WGS:JAJSEB|jg911.t1;product=zinc finger protein;protein_id=KAH9588706.1",1482
"JAJSEB010000033.1","Genbank","gene",133153,133674,".","+",".","ID=gene-LSM04_004677;Name=LSM04_004677;gbkey=Gene;gene_biotype=protein_coding;locus_tag=LSM04_004677",522
"JAJSEB010000033.1","Genbank","mRNA",133153,133674,".","+",".","ID=rna-gnl|WGS:JAJSEB|jg912.t1;Parent=gene-LSM04_004677;gbkey=mRNA;locus_tag=LSM04_004677;orig_protein_id=gnl|WGS:JAJSEB|jg912.t1.CDS1;orig_transcript_id=gnl|WGS:JAJSEB|jg912.t1;product=Vesicle transport protein",522
"JAJSEB010000033.1","Genbank","exon",133153,133674,".","+",".","ID=exon-gnl|WGS:JAJSEB|jg912.t1-1;Parent=rna-gnl|WGS:JAJSEB|jg912.t1;gbkey=mRNA;locus_tag=LSM04_004677;orig_protein_id=gnl|WGS:JAJSEB|jg912.t1.CDS1;orig_transcript_id=gnl|WGS:JAJSEB|jg912.t1;product=Vesicle transport protein",522
"JAJSEB010000033.1","Genbank","CDS",133153,133674,".","+","0","ID=cds-KAH9588754.1;Parent=rna-gnl|WGS:JAJSEB|jg912.t1;Dbxref=NCBI_GP:KAH9588754.1;Name=KAH9588754.1;gbkey=CDS;locus_tag=LSM04_004677;orig_transcript_id=gnl|WGS:JAJSEB|jg912.t1;product=Vesicle transport protein;protein_id=KAH9588754.1",522
"JAJSEB010000033.1","Genbank","gene",134112,137000,".","+",".","ID=gene-LSM04_001975;Name=LSM04_001975;gbkey=Gene;gene_biotype=protein_coding;locus_tag=LSM04_001975",2889
"JAJSEB010000033.1","Genbank","mRNA",134112,137000,".","+",".","ID=rna-gnl|WGS:JAJSEB|jg913.t1;Parent=gene-LSM04_001975;gbkey=mRNA;locus_tag=LSM04_001975;orig_protein_id=gnl|WGS:JAJSEB|jg913.t1.CDS1;orig_transcript_id=gnl|WGS:JAJSEB|jg913.t1;product=hypothetical protein",2889
"JAJSEB010000033.1","Genbank","exon",134112,137000,".","+",".","ID=exon-gnl|WGS:JAJSEB|jg913.t1-1;Parent=rna-gnl|WGS:JAJSEB|jg913.t1;gbkey=mRNA;locus_tag=LSM04_001975;orig_protein_id=gnl|WGS:JAJSEB|jg913.t1.CDS1;orig_transcript_id=gnl|WGS:JAJSEB|jg913.t1;product=hypothetical protein",2889
"JAJSEB010000033.1","Genbank","CDS",134112,137000,".","+","0","ID=cds-KAH9588727.1;Parent=rna-gnl|WGS:JAJSEB|jg913.t1;Dbxref=NCBI_GP:KAH9588727.1;Name=KAH9588727.1;gbkey=CDS;locus_tag=LSM04_001975;orig_transcript_id=gnl|WGS:JAJSEB|jg913.t1;product=hypothetical protein;protein_id=KAH9588727.1",2889
"JAJSEB010000033.1","Genbank","gene",137796,138761,".","+",".","ID=gene-LSM04_006830;Name=LSM04_006830;gbkey=Gene;gene_biotype=protein_coding;locus_tag=LSM04_006830",966
"JAJSEB010000033.1","Genbank","mRNA",137796,138761,".","+",".","ID=rna-gnl|WGS:JAJSEB|jg914.t1;Parent=gene-LSM04_006830;gbkey=mRNA;locus_tag=LSM04_006830;orig_protein_id=gnl|WGS:JAJSEB|jg914.t1.CDS1;orig_transcript_id=gnl|WGS:JAJSEB|jg914.t1;product=Nucleoside phosphorylase domain",966
"JAJSEB010000033.1","Genbank","exon",137796,138761,".","+",".","ID=exon-gnl|WGS:JAJSEB|jg914.t1-1;Parent=rna-gnl|WGS:JAJSEB|jg914.t1;gbkey=mRNA;locus_tag=LSM04_006830;orig_protein_id=gnl|WGS:JAJSEB|jg914.t1.CDS1;orig_transcript_id=gnl|WGS:JAJSEB|jg914.t1;product=Nucleoside phosphorylase domain",966
"JAJSEB010000033.1","Genbank","CDS",137796,138761,".","+","0","ID=cds-KAH9588779.1;Parent=rna-gnl|WGS:JAJSEB|jg914.t1;Dbxref=NCBI_GP:KAH9588779.1;Name=KAH9588779.1;gbkey=CDS;locus_tag=LSM04_006830;orig_transcript_id=gnl|WGS:JAJSEB|jg914.t1;product=Nucleoside phosphorylase domain;protein_id=KAH9588779.1",966
"JAJSEB010000033.1","Genbank","gene",139623,142535,".","+",".","ID=gene-LSM04_004842;Name=LSM04_004842;gbkey=Gene;gene_biotype=protein_coding;locus_tag=LSM04_004842",2913
"JAJSEB010000033.1","Genbank","mRNA",139623,142535,".","+",".","ID=rna-gnl|WGS:JAJSEB|jg915.t1;Parent=gene-LSM04_004842;gbkey=mRNA;locus_tag=LSM04_004842;orig_protein_id=gnl|WGS:JAJSEB|jg915.t1.CDS1;orig_transcript_id=gnl|WGS:JAJSEB|jg915.t1;product=hypothetical protein",2913
"JAJSEB010000033.1","Genbank","exon",139623,142535,".","+",".","ID=exon-gnl|WGS:JAJSEB|jg915.t1-1;Parent=rna-gnl|WGS:JAJSEB|jg915.t1;gbkey=mRNA;locus_tag=LSM04_004842;orig_protein_id=gnl|WGS:JAJSEB|jg915.t1.CDS1;orig_transcript_id=gnl|WGS:JAJSEB|jg915.t1;product=hypothetical protein",2913
"JAJSEB010000033.1","Genbank","CDS",139623,142535,".","+","0","ID=cds-KAH9588755.1;Parent=rna-gnl|WGS:JAJSEB|jg915.t1;Dbxref=NCBI_GP:KAH9588755.1;Name=KAH9588755.1;gbkey=CDS;locus_tag=LSM04_004842;orig_transcript_id=gnl|WGS:JAJSEB|jg915.t1;product=hypothetical protein;protein_id=KAH9588755.1",2913
"JAJSEB010000033.1","Genbank","gene",144055,146004,".","+",".","ID=gene-LSM04_000354;Name=LSM04_000354;gbkey=Gene;gene_biotype=protein_coding;locus_tag=LSM04_000354",1950
"JAJSEB010000033.1","Genbank","mRNA",144055,146004,".","+",".","ID=rna-gnl|WGS:JAJSEB|jg916.t1;Parent=gene-LSM04_000354;gbkey=mRNA;locus_tag=LSM04_000354;orig_protein_id=gnl|WGS:JAJSEB|jg916.t1.CDS1;orig_transcript_id=gnl|WGS:JAJSEB|jg916.t1;product=hypothetical protein",1950
"JAJSEB010000033.1","Genbank","exon",144055,146004,".","+",".","ID=exon-gnl|WGS:JAJSEB|jg916.t1-1;Parent=rna-gnl|WGS:JAJSEB|jg916.t1;gbkey=mRNA;locus_tag=LSM04_000354;orig_protein_id=gnl|WGS:JAJSEB|jg916.t1.CDS1;orig_transcript_id=gnl|WGS:JAJSEB|jg916.t1;product=hypothetical protein",1950
"JAJSEB010000033.1","Genbank","CDS",144055,146004,".","+","0","ID=cds-KAH9588703.1;Parent=rna-gnl|WGS:JAJSEB|jg916.t1;Dbxref=NCBI_GP:KAH9588703.1;Name=KAH9588703.1;gbkey=CDS;locus_tag=LSM04_000354;orig_transcript_id=gnl|WGS:JAJSEB|jg916.t1;product=hypothetical protein;protein_id=KAH9588703.1",1950
"JAJSEB010000033.1","Genbank","gene",147526,148011,".","+",".","ID=gene-LSM04_007068;Name=LSM04_007068;gbkey=Gene;gene_biotype=protein_coding;locus_tag=LSM04_007068",486
"JAJSEB010000033.1","Genbank","mRNA",147526,148011,".","+",".","ID=rna-gnl|WGS:JAJSEB|jg917.t1;Parent=gene-LSM04_007068;gbkey=mRNA;locus_tag=LSM04_007068;orig_protein_id=gnl|WGS:JAJSEB|jg917.t1.CDS1;orig_transcript_id=gnl|WGS:JAJSEB|jg917.t1;product=hypothetical protein",486
"JAJSEB010000033.1","Genbank","exon",147526,148011,".","+",".","ID=exon-gnl|WGS:JAJSEB|jg917.t1-1;Parent=rna-gnl|WGS:JAJSEB|jg917.t1;gbkey=mRNA;locus_tag=LSM04_007068;orig_protein_id=gnl|WGS:JAJSEB|jg917.t1.CDS1;orig_transcript_id=gnl|WGS:JAJSEB|jg917.t1;product=hypothetical protein",486
"JAJSEB010000033.1","Genbank","CDS",147526,148011,".","+","0","ID=cds-KAH9588782.1;Parent=rna-gnl|WGS:JAJSEB|jg917.t1;Dbxref=NCBI_GP:KAH9588782.1;Name=KAH9588782.1;gbkey=CDS;locus_tag=LSM04_007068;orig_transcript_id=gnl|WGS:JAJSEB|jg917.t1;product=hypothetical protein;protein_id=KAH9588782.1",486
"JAJSEB010000033.1","Genbank","gene",148543,152904,".","+",".","ID=gene-LSM04_000860;Name=LSM04_000860;gbkey=Gene;gene_biotype=protein_coding;locus_tag=LSM04_000860",4362
"JAJSEB010000033.1","Genbank","mRNA",148543,152904,".","+",".","ID=rna-gnl|WGS:JAJSEB|jg918.t1;Parent=gene-LSM04_000860;gbkey=mRNA;locus_tag=LSM04_000860;orig_protein_id=gnl|WGS:JAJSEB|jg918.t1.CDS1;orig_transcript_id=gnl|WGS:JAJSEB|jg918.t1;product=hypothetical protein",4362
"JAJSEB010000033.1","Genbank","exon",148543,152904,".","+",".","ID=exon-gnl|WGS:JAJSEB|jg918.t1-1;Parent=rna-gnl|WGS:JAJSEB|jg918.t1;gbkey=mRNA;locus_tag=LSM04_000860;orig_protein_id=gnl|WGS:JAJSEB|jg918.t1.CDS1;orig_transcript_id=gnl|WGS:JAJSEB|jg918.t1;product=hypothetical protein",4362
"JAJSEB010000033.1","Genbank","CDS",148543,152904,".","+","0","ID=cds-KAH9588710.1;Parent=rna-gnl|WGS:JAJSEB|jg918.t1;Dbxref=NCBI_GP:KAH9588710.1;Name=KAH9588710.1;gbkey=CDS;locus_tag=LSM04_000860;orig_transcript_id=gnl|WGS:JAJSEB|jg918.t1;product=hypothetical protein;protein_id=KAH9588710.1",4362
"JAJSEB010000033.1","Genbank","gene",153919,154770,".","+",".","ID=gene-LSM04_005816;Name=LSM04_005816;gbkey=Gene;gene_biotype=protein_coding;locus_tag=LSM04_005816",852
"JAJSEB010000033.1","Genbank","mRNA",153919,154770,".","+",".","ID=rna-gnl|WGS:JAJSEB|jg919.t1;Parent=gene-LSM04_005816;gbkey=mRNA;locus_tag=LSM04_005816;orig_protein_id=gnl|WGS:JAJSEB|jg919.t1.CDS1;orig_transcript_id=gnl|WGS:JAJSEB|jg919.t1;product=hypothetical protein",852
"JAJSEB010000033.1","Genbank","exon",153919,154770,".","+",".","ID=exon-gnl|WGS:JAJSEB|jg919.t1-1;Parent=rna-gnl|WGS:JAJSEB|jg919.t1;gbkey=mRNA;locus_tag=LSM04_005816;orig_protein_id=gnl|WGS:JAJSEB|jg919.t1.CDS1;orig_transcript_id=gnl|WGS:JAJSEB|jg919.t1;product=hypothetical protein",852
"JAJSEB010000033.1","Genbank","CDS",153919,154770,".","+","0","ID=cds-KAH9588766.1;Parent=rna-gnl|WGS:JAJSEB|jg919.t1;Dbxref=NCBI_GP:KAH9588766.1;Name=KAH9588766.1;gbkey=CDS;locus_tag=LSM04_005816;orig_transcript_id=gnl|WGS:JAJSEB|jg919.t1;product=hypothetical protein;protein_id=KAH9588766.1",852
"JAJSEB010000033.1","Genbank","gene",155463,160970,".","+",".","ID=gene-LSM04_007335;Name=LSM04_007335;gbkey=Gene;gene_biotype=protein_coding;locus_tag=LSM04_007335",5508
"JAJSEB010000033.1","Genbank","mRNA",155463,160970,".","+",".","ID=rna-gnl|WGS:JAJSEB|jg920.t1;Parent=gene-LSM04_007335;gbkey=mRNA;locus_tag=LSM04_007335;orig_protein_id=gnl|WGS:JAJSEB|jg920.t1.CDS1;orig_transcript_id=gnl|WGS:JAJSEB|jg920.t1;product=Cleavage/polyadenylation specificity factor",5508
"JAJSEB010000033.1","Genbank","exon",155463,160680,".","+",".","ID=exon-gnl|WGS:JAJSEB|jg920.t1-1;Parent=rna-gnl|WGS:JAJSEB|jg920.t1;gbkey=mRNA;locus_tag=LSM04_007335;orig_protein_id=gnl|WGS:JAJSEB|jg920.t1.CDS1;orig_transcript_id=gnl|WGS:JAJSEB|jg920.t1;product=Cleavage/polyadenylation specificity factor",5218
"JAJSEB010000033.1","Genbank","exon",160771,160970,".","+",".","ID=exon-gnl|WGS:JAJSEB|jg920.t1-2;Parent=rna-gnl|WGS:JAJSEB|jg920.t1;gbkey=mRNA;locus_tag=LSM04_007335;orig_protein_id=gnl|WGS:JAJSEB|jg920.t1.CDS1;orig_transcript_id=gnl|WGS:JAJSEB|jg920.t1;product=Cleavage/polyadenylation specificity factor",200
"JAJSEB010000033.1","Genbank","CDS",155463,160680,".","+","0","ID=cds-KAH9588783.1;Parent=rna-gnl|WGS:JAJSEB|jg920.t1;Dbxref=NCBI_GP:KAH9588783.1;Name=KAH9588783.1;gbkey=CDS;locus_tag=LSM04_007335;orig_transcript_id=gnl|WGS:JAJSEB|jg920.t1;product=Cleavage/polyadenylation specificity factor;protein_id=KAH9588783.1",5218
"JAJSEB010000033.1","Genbank","CDS",160771,160970,".","+","2","ID=cds-KAH9588783.1;Parent=rna-gnl|WGS:JAJSEB|jg920.t1;Dbxref=NCBI_GP:KAH9588783.1;Name=KAH9588783.1;gbkey=CDS;locus_tag=LSM04_007335;orig_transcript_id=gnl|WGS:JAJSEB|jg920.t1;product=Cleavage/polyadenylation specificity factor;protein_id=KAH9588783.1",200
"JAJSEB010000033.1","Genbank","gene",161759,163257,".","+",".","ID=gene-LSM04_000792;Name=LSM04_000792;gbkey=Gene;gene_biotype=protein_coding;locus_tag=LSM04_000792",1499
"JAJSEB010000033.1","Genbank","mRNA",161759,163257,".","+",".","ID=rna-gnl|WGS:JAJSEB|jg921.t1;Parent=gene-LSM04_000792;gbkey=mRNA;locus_tag=LSM04_000792;orig_protein_id=gnl|WGS:JAJSEB|jg921.t1.CDS1;orig_transcript_id=gnl|WGS:JAJSEB|jg921.t1;product=hypothetical protein",1499
"JAJSEB010000033.1","Genbank","exon",161759,162587,".","+",".","ID=exon-gnl|WGS:JAJSEB|jg921.t1-1;Parent=rna-gnl|WGS:JAJSEB|jg921.t1;gbkey=mRNA;locus_tag=LSM04_000792;orig_protein_id=gnl|WGS:JAJSEB|jg921.t1.CDS1;orig_transcript_id=gnl|WGS:JAJSEB|jg921.t1;product=hypothetical protein",829
"JAJSEB010000033.1","Genbank","exon",163019,163257,".","+",".","ID=exon-gnl|WGS:JAJSEB|jg921.t1-2;Parent=rna-gnl|WGS:JAJSEB|jg921.t1;gbkey=mRNA;locus_tag=LSM04_000792;orig_protein_id=gnl|WGS:JAJSEB|jg921.t1.CDS1;orig_transcript_id=gnl|WGS:JAJSEB|jg921.t1;product=hypothetical protein",239
"JAJSEB010000033.1","Genbank","CDS",161759,162587,".","+","0","ID=cds-KAH9588709.1;Parent=rna-gnl|WGS:JAJSEB|jg921.t1;Dbxref=NCBI_GP:KAH9588709.1;Name=KAH9588709.1;gbkey=CDS;locus_tag=LSM04_000792;orig_transcript_id=gnl|WGS:JAJSEB|jg921.t1;product=hypothetical protein;protein_id=KAH9588709.1",829
"JAJSEB010000033.1","Genbank","CDS",163019,163257,".","+","2","ID=cds-KAH9588709.1;Parent=rna-gnl|WGS:JAJSEB|jg921.t1;Dbxref=NCBI_GP:KAH9588709.1;Name=KAH9588709.1;gbkey=CDS;locus_tag=LSM04_000792;orig_transcript_id=gnl|WGS:JAJSEB|jg921.t1;product=hypothetical protein;protein_id=KAH9588709.1",239
"JAJSEB010000033.1","Genbank","gene",163377,163905,".","-",".","ID=gene-LSM04_009519;Name=LSM04_009519;gbkey=Gene;gene_biotype=protein_coding;locus_tag=LSM04_009519",529
"JAJSEB010000033.1","Genbank","mRNA",163377,163905,".","-",".","ID=rna-gnl|WGS:JAJSEB|jg923.t1;Parent=gene-LSM04_009519;gbkey=mRNA;locus_tag=LSM04_009519;orig_protein_id=gnl|WGS:JAJSEB|jg923.t1.CDS1;orig_transcript_id=gnl|WGS:JAJSEB|jg923.t1;product=hypothetical protein",529
"JAJSEB010000033.1","Genbank","exon",163604,163905,".","-",".","ID=exon-gnl|WGS:JAJSEB|jg923.t1-1;Parent=rna-gnl|WGS:JAJSEB|jg923.t1;gbkey=mRNA;locus_tag=LSM04_009519;orig_protein_id=gnl|WGS:JAJSEB|jg923.t1.CDS1;orig_transcript_id=gnl|WGS:JAJSEB|jg923.t1;product=hypothetical protein",302
"JAJSEB010000033.1","Genbank","exon",163377,163545,".","-",".","ID=exon-gnl|WGS:JAJSEB|jg923.t1-2;Parent=rna-gnl|WGS:JAJSEB|jg923.t1;gbkey=mRNA;locus_tag=LSM04_009519;orig_protein_id=gnl|WGS:JAJSEB|jg923.t1.CDS1;orig_transcript_id=gnl|WGS:JAJSEB|jg923.t1;product=hypothetical protein",169
"JAJSEB010000033.1","Genbank","CDS",163604,163905,".","-","0","ID=cds-KAH9588812.1;Parent=rna-gnl|WGS:JAJSEB|jg923.t1;Dbxref=NCBI_GP:KAH9588812.1;Name=KAH9588812.1;gbkey=CDS;locus_tag=LSM04_009519;orig_transcript_id=gnl|WGS:JAJSEB|jg923.t1;product=hypothetical protein;protein_id=KAH9588812.1",302
"JAJSEB010000033.1","Genbank","CDS",163377,163545,".","-","1","ID=cds-KAH9588812.1;Parent=rna-gnl|WGS:JAJSEB|jg923.t1;Dbxref=NCBI_GP:KAH9588812.1;Name=KAH9588812.1;gbkey=CDS;locus_tag=LSM04_009519;orig_transcript_id=gnl|WGS:JAJSEB|jg923.t1;product=hypothetical protein;protein_id=KAH9588812.1",169
"JAJSEB010000033.1","Genbank","gene",163463,164593,".","+",".","ID=gene-LSM04_005861;Name=LSM04_005861;gbkey=Gene;gene_biotype=protein_coding;locus_tag=LSM04_005861",1131
"JAJSEB010000033.1","Genbank","mRNA",163463,164593,".","+",".","ID=rna-gnl|WGS:JAJSEB|jg922.t1;Parent=gene-LSM04_005861;gbkey=mRNA;locus_tag=LSM04_005861;orig_protein_id=gnl|WGS:JAJSEB|jg922.t1.CDS1;orig_transcript_id=gnl|WGS:JAJSEB|jg922.t1;product=Cleavage/polyadenylation specificity factor",1131
"JAJSEB010000033.1","Genbank","exon",163463,163672,".","+",".","ID=exon-gnl|WGS:JAJSEB|jg922.t1-1;Parent=rna-gnl|WGS:JAJSEB|jg922.t1;gbkey=mRNA;locus_tag=LSM04_005861;orig_protein_id=gnl|WGS:JAJSEB|jg922.t1.CDS1;orig_transcript_id=gnl|WGS:JAJSEB|jg922.t1;product=Cleavage/polyadenylation specificity factor",210
"JAJSEB010000033.1","Genbank","exon",163766,164593,".","+",".","ID=exon-gnl|WGS:JAJSEB|jg922.t1-2;Parent=rna-gnl|WGS:JAJSEB|jg922.t1;gbkey=mRNA;locus_tag=LSM04_005861;orig_protein_id=gnl|WGS:JAJSEB|jg922.t1.CDS1;orig_transcript_id=gnl|WGS:JAJSEB|jg922.t1;product=Cleavage/polyadenylation specificity factor",828
"JAJSEB010000033.1","Genbank","CDS",163463,163672,".","+","0","ID=cds-KAH9588767.1;Parent=rna-gnl|WGS:JAJSEB|jg922.t1;Dbxref=NCBI_GP:KAH9588767.1;Name=KAH9588767.1;gbkey=CDS;locus_tag=LSM04_005861;orig_transcript_id=gnl|WGS:JAJSEB|jg922.t1;product=Cleavage/polyadenylation specificity factor;protein_id=KAH9588767.1",210
"JAJSEB010000033.1","Genbank","CDS",163766,164593,".","+","0","ID=cds-KAH9588767.1;Parent=rna-gnl|WGS:JAJSEB|jg922.t1;Dbxref=NCBI_GP:KAH9588767.1;Name=KAH9588767.1;gbkey=CDS;locus_tag=LSM04_005861;orig_transcript_id=gnl|WGS:JAJSEB|jg922.t1;product=Cleavage/polyadenylation specificity factor;protein_id=KAH9588767.1",828
"JAJSEB010000033.1","Genbank","gene",165388,166267,".","+",".","ID=gene-LSM04_000590;Name=LSM04_000590;gbkey=Gene;gene_biotype=protein_coding;locus_tag=LSM04_000590",880
"JAJSEB010000033.1","Genbank","mRNA",165388,166267,".","+",".","ID=rna-gnl|WGS:JAJSEB|jg924.t1;Parent=gene-LSM04_000590;gbkey=mRNA;locus_tag=LSM04_000590;orig_protein_id=gnl|WGS:JAJSEB|jg924.t1.CDS1;orig_transcript_id=gnl|WGS:JAJSEB|jg924.t1;product=hypothetical protein",880
"JAJSEB010000033.1","Genbank","exon",165388,165709,".","+",".","ID=exon-gnl|WGS:JAJSEB|jg924.t1-1;Parent=rna-gnl|WGS:JAJSEB|jg924.t1;gbkey=mRNA;locus_tag=LSM04_000590;orig_protein_id=gnl|WGS:JAJSEB|jg924.t1.CDS1;orig_transcript_id=gnl|WGS:JAJSEB|jg924.t1;product=hypothetical protein",322
"JAJSEB010000033.1","Genbank","exon",165774,166267,".","+",".","ID=exon-gnl|WGS:JAJSEB|jg924.t1-2;Parent=rna-gnl|WGS:JAJSEB|jg924.t1;gbkey=mRNA;locus_tag=LSM04_000590;orig_protein_id=gnl|WGS:JAJSEB|jg924.t1.CDS1;orig_transcript_id=gnl|WGS:JAJSEB|jg924.t1;product=hypothetical protein",494
"JAJSEB010000033.1","Genbank","CDS",165388,165709,".","+","0","ID=cds-KAH9588708.1;Parent=rna-gnl|WGS:JAJSEB|jg924.t1;Dbxref=NCBI_GP:KAH9588708.1;Name=KAH9588708.1;gbkey=CDS;locus_tag=LSM04_000590;orig_transcript_id=gnl|WGS:JAJSEB|jg924.t1;product=hypothetical protein;protein_id=KAH9588708.1",322
"JAJSEB010000033.1","Genbank","CDS",165774,166267,".","+","2","ID=cds-KAH9588708.1;Parent=rna-gnl|WGS:JAJSEB|jg924.t1;Dbxref=NCBI_GP:KAH9588708.1;Name=KAH9588708.1;gbkey=CDS;locus_tag=LSM04_000590;orig_transcript_id=gnl|WGS:JAJSEB|jg924.t1;product=hypothetical protein;protein_id=KAH9588708.1",494
"JAJSEB010000033.1","Genbank","gene",166678,167043,".","+",".","ID=gene-LSM04_007995;Name=LSM04_007995;gbkey=Gene;gene_biotype=protein_coding;locus_tag=LSM04_007995",366
"JAJSEB010000033.1","Genbank","mRNA",166678,167043,".","+",".","ID=rna-gnl|WGS:JAJSEB|jg925.t1;Parent=gene-LSM04_007995;gbkey=mRNA;locus_tag=LSM04_007995;orig_protein_id=gnl|WGS:JAJSEB|jg925.t1.CDS1;orig_transcript_id=gnl|WGS:JAJSEB|jg925.t1;product=hypothetical protein",366
"JAJSEB010000033.1","Genbank","exon",166678,166810,".","+",".","ID=exon-gnl|WGS:JAJSEB|jg925.t1-1;Parent=rna-gnl|WGS:JAJSEB|jg925.t1;gbkey=mRNA;locus_tag=LSM04_007995;orig_protein_id=gnl|WGS:JAJSEB|jg925.t1.CDS1;orig_transcript_id=gnl|WGS:JAJSEB|jg925.t1;product=hypothetical protein",133
"JAJSEB010000033.1","Genbank","exon",166850,167043,".","+",".","ID=exon-gnl|WGS:JAJSEB|jg925.t1-2;Parent=rna-gnl|WGS:JAJSEB|jg925.t1;gbkey=mRNA;locus_tag=LSM04_007995;orig_protein_id=gnl|WGS:JAJSEB|jg925.t1.CDS1;orig_transcript_id=gnl|WGS:JAJSEB|jg925.t1;product=hypothetical protein",194
"JAJSEB010000033.1","Genbank","CDS",166678,166810,".","+","0","ID=cds-KAH9588797.1;Parent=rna-gnl|WGS:JAJSEB|jg925.t1;Dbxref=NCBI_GP:KAH9588797.1;Name=KAH9588797.1;gbkey=CDS;locus_tag=LSM04_007995;orig_transcript_id=gnl|WGS:JAJSEB|jg925.t1;product=hypothetical protein;protein_id=KAH9588797.1",133
"JAJSEB010000033.1","Genbank","CDS",166850,167043,".","+","2","ID=cds-KAH9588797.1;Parent=rna-gnl|WGS:JAJSEB|jg925.t1;Dbxref=NCBI_GP:KAH9588797.1;Name=KAH9588797.1;gbkey=CDS;locus_tag=LSM04_007995;orig_transcript_id=gnl|WGS:JAJSEB|jg925.t1;product=hypothetical protein;protein_id=KAH9588797.1",194
"JAJSEB010000033.1","Genbank","gene",167095,168225,".","+",".","ID=gene-LSM04_007896;Name=LSM04_007896;gbkey=Gene;gene_biotype=protein_coding;locus_tag=LSM04_007896",1131
"JAJSEB010000033.1","Genbank","mRNA",167095,168225,".","+",".","ID=rna-gnl|WGS:JAJSEB|jg926.t1;Parent=gene-LSM04_007896;gbkey=mRNA;locus_tag=LSM04_007896;orig_protein_id=gnl|WGS:JAJSEB|jg926.t1.CDS1;orig_transcript_id=gnl|WGS:JAJSEB|jg926.t1;product=Cleavage/polyadenylation specificity factor",1131
"JAJSEB010000033.1","Genbank","exon",167095,167304,".","+",".","ID=exon-gnl|WGS:JAJSEB|jg926.t1-1;Parent=rna-gnl|WGS:JAJSEB|jg926.t1;gbkey=mRNA;locus_tag=LSM04_007896;orig_protein_id=gnl|WGS:JAJSEB|jg926.t1.CDS1;orig_transcript_id=gnl|WGS:JAJSEB|jg926.t1;product=Cleavage/polyadenylation specificity factor",210
"JAJSEB010000033.1","Genbank","exon",167398,168225,".","+",".","ID=exon-gnl|WGS:JAJSEB|jg926.t1-2;Parent=rna-gnl|WGS:JAJSEB|jg926.t1;gbkey=mRNA;locus_tag=LSM04_007896;orig_protein_id=gnl|WGS:JAJSEB|jg926.t1.CDS1;orig_transcript_id=gnl|WGS:JAJSEB|jg926.t1;product=Cleavage/polyadenylation specificity factor",828
"JAJSEB010000033.1","Genbank","CDS",167095,167304,".","+","0","ID=cds-KAH9588795.1;Parent=rna-gnl|WGS:JAJSEB|jg926.t1;Dbxref=NCBI_GP:KAH9588795.1;Name=KAH9588795.1;gbkey=CDS;locus_tag=LSM04_007896;orig_transcript_id=gnl|WGS:JAJSEB|jg926.t1;product=Cleavage/polyadenylation specificity factor;protein_id=KAH9588795.1",210
"JAJSEB010000033.1","Genbank","CDS",167398,168225,".","+","0","ID=cds-KAH9588795.1;Parent=rna-gnl|WGS:JAJSEB|jg926.t1;Dbxref=NCBI_GP:KAH9588795.1;Name=KAH9588795.1;gbkey=CDS;locus_tag=LSM04_007896;orig_transcript_id=gnl|WGS:JAJSEB|jg926.t1;product=Cleavage/polyadenylation specificity factor;protein_id=KAH9588795.1",828
"JAJSEB010000033.1","Genbank","gene",169022,169899,".","+",".","ID=gene-LSM04_007441;Name=LSM04_007441;gbkey=Gene;gene_biotype=protein_coding;locus_tag=LSM04_007441",878
"JAJSEB010000033.1","Genbank","mRNA",169022,169899,".","+",".","ID=rna-gnl|WGS:JAJSEB|jg927.t1;Parent=gene-LSM04_007441;gbkey=mRNA;locus_tag=LSM04_007441;orig_protein_id=gnl|WGS:JAJSEB|jg927.t1.CDS1;orig_transcript_id=gnl|WGS:JAJSEB|jg927.t1;product=hypothetical protein",878
"JAJSEB010000033.1","Genbank","exon",169022,169342,".","+",".","ID=exon-gnl|WGS:JAJSEB|jg927.t1-1;Parent=rna-gnl|WGS:JAJSEB|jg927.t1;gbkey=mRNA;locus_tag=LSM04_007441;orig_protein_id=gnl|WGS:JAJSEB|jg927.t1.CDS1;orig_transcript_id=gnl|WGS:JAJSEB|jg927.t1;product=hypothetical protein",321
"JAJSEB010000033.1","Genbank","exon",169426,169899,".","+",".","ID=exon-gnl|WGS:JAJSEB|jg927.t1-2;Parent=rna-gnl|WGS:JAJSEB|jg927.t1;gbkey=mRNA;locus_tag=LSM04_007441;orig_protein_id=gnl|WGS:JAJSEB|jg927.t1.CDS1;orig_transcript_id=gnl|WGS:JAJSEB|jg927.t1;product=hypothetical protein",474
"JAJSEB010000033.1","Genbank","CDS",169022,169342,".","+","0","ID=cds-KAH9588786.1;Parent=rna-gnl|WGS:JAJSEB|jg927.t1;Dbxref=NCBI_GP:KAH9588786.1;Name=KAH9588786.1;gbkey=CDS;locus_tag=LSM04_007441;orig_transcript_id=gnl|WGS:JAJSEB|jg927.t1;product=hypothetical protein;protein_id=KAH9588786.1",321
"JAJSEB010000033.1","Genbank","CDS",169426,169899,".","+","0","ID=cds-KAH9588786.1;Parent=rna-gnl|WGS:JAJSEB|jg927.t1;Dbxref=NCBI_GP:KAH9588786.1;Name=KAH9588786.1;gbkey=CDS;locus_tag=LSM04_007441;orig_transcript_id=gnl|WGS:JAJSEB|jg927.t1;product=hypothetical protein;protein_id=KAH9588786.1",474
"JAJSEB010000033.1","Genbank","gene",170309,170674,".","+",".","ID=gene-LSM04_004250;Name=LSM04_004250;gbkey=Gene;gene_biotype=protein_coding;locus_tag=LSM04_004250",366
"JAJSEB010000033.1","Genbank","mRNA",170309,170674,".","+",".","ID=rna-gnl|WGS:JAJSEB|jg928.t1;Parent=gene-LSM04_004250;gbkey=mRNA;locus_tag=LSM04_004250;orig_protein_id=gnl|WGS:JAJSEB|jg928.t1.CDS1;orig_transcript_id=gnl|WGS:JAJSEB|jg928.t1;product=hypothetical protein",366
"JAJSEB010000033.1","Genbank","exon",170309,170441,".","+",".","ID=exon-gnl|WGS:JAJSEB|jg928.t1-1;Parent=rna-gnl|WGS:JAJSEB|jg928.t1;gbkey=mRNA;locus_tag=LSM04_004250;orig_protein_id=gnl|WGS:JAJSEB|jg928.t1.CDS1;orig_transcript_id=gnl|WGS:JAJSEB|jg928.t1;product=hypothetical protein",133
"JAJSEB010000033.1","Genbank","exon",170481,170674,".","+",".","ID=exon-gnl|WGS:JAJSEB|jg928.t1-2;Parent=rna-gnl|WGS:JAJSEB|jg928.t1;gbkey=mRNA;locus_tag=LSM04_004250;orig_protein_id=gnl|WGS:JAJSEB|jg928.t1.CDS1;orig_transcript_id=gnl|WGS:JAJSEB|jg928.t1;product=hypothetical protein",194
"JAJSEB010000033.1","Genbank","CDS",170309,170441,".","+","0","ID=cds-KAH9588749.1;Parent=rna-gnl|WGS:JAJSEB|jg928.t1;Dbxref=NCBI_GP:KAH9588749.1;Name=KAH9588749.1;gbkey=CDS;locus_tag=LSM04_004250;orig_transcript_id=gnl|WGS:JAJSEB|jg928.t1;product=hypothetical protein;protein_id=KAH9588749.1",133
"JAJSEB010000033.1","Genbank","CDS",170481,170674,".","+","2","ID=cds-KAH9588749.1;Parent=rna-gnl|WGS:JAJSEB|jg928.t1;Dbxref=NCBI_GP:KAH9588749.1;Name=KAH9588749.1;gbkey=CDS;locus_tag=LSM04_004250;orig_transcript_id=gnl|WGS:JAJSEB|jg928.t1;product=hypothetical protein;protein_id=KAH9588749.1",194
"JAJSEB010000048.1","Genbank","gene",185438,187627,".","-",".","ID=gene-LSM04_004860;Name=LSM04_004860;gbkey=Gene;gene_biotype=protein_coding;locus_tag=LSM04_004860",2190
"JAJSEB010000048.1","Genbank","mRNA",185438,187627,".","-",".","ID=rna-gnl|WGS:JAJSEB|jg9393.t1;Parent=gene-LSM04_004860;gbkey=mRNA;locus_tag=LSM04_004860;orig_protein_id=gnl|WGS:JAJSEB|jg9393.t1.CDS1;orig_transcript_id=gnl|WGS:JAJSEB|jg9393.t1;product=hypothetical protein",2190
"JAJSEB010000048.1","Genbank","exon",186190,187627,".","-",".","ID=exon-gnl|WGS:JAJSEB|jg9393.t1-1;Parent=rna-gnl|WGS:JAJSEB|jg9393.t1;gbkey=mRNA;locus_tag=LSM04_004860;orig_protein_id=gnl|WGS:JAJSEB|jg9393.t1.CDS1;orig_transcript_id=gnl|WGS:JAJSEB|jg9393.t1;product=hypothetical protein",1438
"JAJSEB010000048.1","Genbank","exon",185438,185820,".","-",".","ID=exon-gnl|WGS:JAJSEB|jg9393.t1-2;Parent=rna-gnl|WGS:JAJSEB|jg9393.t1;gbkey=mRNA;locus_tag=LSM04_004860;orig_protein_id=gnl|WGS:JAJSEB|jg9393.t1.CDS1;orig_transcript_id=gnl|WGS:JAJSEB|jg9393.t1;product=hypothetical protein",383
"JAJSEB010000048.1","Genbank","CDS",186190,187627,".","-","0","ID=cds-KAH9582093.1;Parent=rna-gnl|WGS:JAJSEB|jg9393.t1;Dbxref=NCBI_GP:KAH9582093.1;Name=KAH9582093.1;gbkey=CDS;locus_tag=LSM04_004860;orig_transcript_id=gnl|WGS:JAJSEB|jg9393.t1;product=hypothetical protein;protein_id=KAH9582093.1",1438
"JAJSEB010000048.1","Genbank","CDS",185438,185820,".","-","2","ID=cds-KAH9582093.1;Parent=rna-gnl|WGS:JAJSEB|jg9393.t1;Dbxref=NCBI_GP:KAH9582093.1;Name=KAH9582093.1;gbkey=CDS;locus_tag=LSM04_004860;orig_transcript_id=gnl|WGS:JAJSEB|jg9393.t1;product=hypothetical protein;protein_id=KAH9582093.1",383
"JAJSEB010000048.1","Genbank","gene",188341,188742,".","-",".","ID=gene-LSM04_003450;Name=LSM04_003450;gbkey=Gene;gene_biotype=protein_coding;locus_tag=LSM04_003450",402
"JAJSEB010000048.1","Genbank","mRNA",188341,188742,".","-",".","ID=rna-gnl|WGS:JAJSEB|jg9394.t1;Parent=gene-LSM04_003450;gbkey=mRNA;locus_tag=LSM04_003450;orig_protein_id=gnl|WGS:JAJSEB|jg9394.t1.CDS1;orig_transcript_id=gnl|WGS:JAJSEB|jg9394.t1;product=hypothetical protein",402
"JAJSEB010000048.1","Genbank","exon",188341,188742,".","-",".","ID=exon-gnl|WGS:JAJSEB|jg9394.t1-1;Parent=rna-gnl|WGS:JAJSEB|jg9394.t1;gbkey=mRNA;locus_tag=LSM04_003450;orig_protein_id=gnl|WGS:JAJSEB|jg9394.t1.CDS1;orig_transcript_id=gnl|WGS:JAJSEB|jg9394.t1;product=hypothetical protein",402
"JAJSEB010000048.1","Genbank","CDS",188341,188742,".","-","0","ID=cds-KAH9582046.1;Parent=rna-gnl|WGS:JAJSEB|jg9394.t1;Dbxref=NCBI_GP:KAH9582046.1;Name=KAH9582046.1;gbkey=CDS;locus_tag=LSM04_003450;orig_transcript_id=gnl|WGS:JAJSEB|jg9394.t1;product=hypothetical protein;protein_id=KAH9582046.1",402
"JAJSEB010000048.1","Genbank","gene",189214,189600,".","-",".","ID=gene-LSM04_007920;Name=LSM04_007920;gbkey=Gene;gene_biotype=protein_coding;locus_tag=LSM04_007920",387
"JAJSEB010000048.1","Genbank","mRNA",189214,189600,".","-",".","ID=rna-gnl|WGS:JAJSEB|jg9395.t1;Parent=gene-LSM04_007920;gbkey=mRNA;locus_tag=LSM04_007920;orig_protein_id=gnl|WGS:JAJSEB|jg9395.t1.CDS1;orig_transcript_id=gnl|WGS:JAJSEB|jg9395.t1;product=hypothetical protein",387
"JAJSEB010000048.1","Genbank","exon",189214,189600,".","-",".","ID=exon-gnl|WGS:JAJSEB|jg9395.t1-1;Parent=rna-gnl|WGS:JAJSEB|jg9395.t1;gbkey=mRNA;locus_tag=LSM04_007920;orig_protein_id=gnl|WGS:JAJSEB|jg9395.t1.CDS1;orig_transcript_id=gnl|WGS:JAJSEB|jg9395.t1;product=hypothetical protein",387
"JAJSEB010000048.1","Genbank","CDS",189214,189600,".","-","0","ID=cds-KAH9582226.1;Parent=rna-gnl|WGS:JAJSEB|jg9395.t1;Dbxref=NCBI_GP:KAH9582226.1;Name=KAH9582226.1;gbkey=CDS;locus_tag=LSM04_007920;orig_transcript_id=gnl|WGS:JAJSEB|jg9395.t1;product=hypothetical protein;protein_id=KAH9582226.1",387
"JAJSEB010000048.1","Genbank","gene",189897,190697,".","-",".","ID=gene-LSM04_000498;Name=LSM04_000498;gbkey=Gene;gene_biotype=protein_coding;locus_tag=LSM04_000498",801
"JAJSEB010000048.1","Genbank","mRNA",189897,190697,".","-",".","ID=rna-gnl|WGS:JAJSEB|jg9396.t1;Parent=gene-LSM04_000498;gbkey=mRNA;locus_tag=LSM04_000498;orig_protein_id=gnl|WGS:JAJSEB|jg9396.t1.CDS1;orig_transcript_id=gnl|WGS:JAJSEB|jg9396.t1;product=Protein of unknown function DUF938",801
"JAJSEB010000048.1","Genbank","exon",189897,190697,".","-",".","ID=exon-gnl|WGS:JAJSEB|jg9396.t1-1;Parent=rna-gnl|WGS:JAJSEB|jg9396.t1;gbkey=mRNA;locus_tag=LSM04_000498;orig_protein_id=gnl|WGS:JAJSEB|jg9396.t1.CDS1;orig_transcript_id=gnl|WGS:JAJSEB|jg9396.t1;product=Protein of unknown function DUF938",801
"JAJSEB010000048.1","Genbank","CDS",189897,190697,".","-","0","ID=cds-KAH9581919.1;Parent=rna-gnl|WGS:JAJSEB|jg9396.t1;Dbxref=NCBI_GP:KAH9581919.1;Name=KAH9581919.1;gbkey=CDS;locus_tag=LSM04_000498;orig_transcript_id=gnl|WGS:JAJSEB|jg9396.t1;product=Protein of unknown function DUF938;protein_id=KAH9581919.1",801
"JAJSEB010000048.1","Genbank","gene",191617,192888,".","-",".","ID=gene-LSM04_006049;Name=LSM04_006049;gbkey=Gene;gene_biotype=protein_coding;locus_tag=LSM04_006049",1272
"JAJSEB010000048.1","Genbank","mRNA",191617,192888,".","-",".","ID=rna-gnl|WGS:JAJSEB|jg9397.t1;Parent=gene-LSM04_006049;gbkey=mRNA;locus_tag=LSM04_006049;orig_protein_id=gnl|WGS:JAJSEB|jg9397.t1.CDS1;orig_transcript_id=gnl|WGS:JAJSEB|jg9397.t1;product=Aminotransferase",1272
"JAJSEB010000048.1","Genbank","exon",191617,192888,".","-",".","ID=exon-gnl|WGS:JAJSEB|jg9397.t1-1;Parent=rna-gnl|WGS:JAJSEB|jg9397.t1;gbkey=mRNA;locus_tag=LSM04_006049;orig_protein_id=gnl|WGS:JAJSEB|jg9397.t1.CDS1;orig_transcript_id=gnl|WGS:JAJSEB|jg9397.t1;product=Aminotransferase",1272
"JAJSEB010000048.1","Genbank","CDS",191617,192888,".","-","0","ID=cds-KAH9582135.1;Parent=rna-gnl|WGS:JAJSEB|jg9397.t1;Dbxref=NCBI_GP:KAH9582135.1;Name=KAH9582135.1;gbkey=CDS;locus_tag=LSM04_006049;orig_transcript_id=gnl|WGS:JAJSEB|jg9397.t1;product=Aminotransferase;protein_id=KAH9582135.1",1272
"JAJSEB010000048.1","Genbank","gene",193527,194836,".","-",".","ID=gene-LSM04_002866;Name=LSM04_002866;gbkey=Gene;gene_biotype=protein_coding;locus_tag=LSM04_002866",1310
"JAJSEB010000048.1","Genbank","mRNA",193527,194836,".","-",".","ID=rna-gnl|WGS:JAJSEB|jg9398.t1;Parent=gene-LSM04_002866;gbkey=mRNA;locus_tag=LSM04_002866;orig_protein_id=gnl|WGS:JAJSEB|jg9398.t1.CDS1;orig_transcript_id=gnl|WGS:JAJSEB|jg9398.t1;product=Aminotransferase",1310
"JAJSEB010000048.1","Genbank","exon",193972,194836,".","-",".","ID=exon-gnl|WGS:JAJSEB|jg9398.t1-1;Parent=rna-gnl|WGS:JAJSEB|jg9398.t1;gbkey=mRNA;locus_tag=LSM04_002866;orig_protein_id=gnl|WGS:JAJSEB|jg9398.t1.CDS1;orig_transcript_id=gnl|WGS:JAJSEB|jg9398.t1;product=Aminotransferase",865
"JAJSEB010000048.1","Genbank","exon",193527,193930,".","-",".","ID=exon-gnl|WGS:JAJSEB|jg9398.t1-2;Parent=rna-gnl|WGS:JAJSEB|jg9398.t1;gbkey=mRNA;locus_tag=LSM04_002866;orig_protein_id=gnl|WGS:JAJSEB|jg9398.t1.CDS1;orig_transcript_id=gnl|WGS:JAJSEB|jg9398.t1;product=Aminotransferase",404
"JAJSEB010000048.1","Genbank","CDS",193972,194836,".","-","0","ID=cds-KAH9582018.1;Parent=rna-gnl|WGS:JAJSEB|jg9398.t1;Dbxref=NCBI_GP:KAH9582018.1;Name=KAH9582018.1;gbkey=CDS;locus_tag=LSM04_002866;orig_transcript_id=gnl|WGS:JAJSEB|jg9398.t1;product=Aminotransferase;protein_id=KAH9582018.1",865
"JAJSEB010000048.1","Genbank","CDS",193527,193930,".","-","2","ID=cds-KAH9582018.1;Parent=rna-gnl|WGS:JAJSEB|jg9398.t1;Dbxref=NCBI_GP:KAH9582018.1;Name=KAH9582018.1;gbkey=CDS;locus_tag=LSM04_002866;orig_transcript_id=gnl|WGS:JAJSEB|jg9398.t1;product=Aminotransferase;protein_id=KAH9582018.1",404
"JAJSEB010000048.1","Genbank","gene",195652,196959,".","-",".","ID=gene-LSM04_001925;Name=LSM04_001925;gbkey=Gene;gene_biotype=protein_coding;locus_tag=LSM04_001925",1308
"JAJSEB010000048.1","Genbank","mRNA",195652,196959,".","-",".","ID=rna-gnl|WGS:JAJSEB|jg9399.t1;Parent=gene-LSM04_001925;gbkey=mRNA;locus_tag=LSM04_001925;orig_protein_id=gnl|WGS:JAJSEB|jg9399.t1.CDS1;orig_transcript_id=gnl|WGS:JAJSEB|jg9399.t1;product=Aminotransferase",1308
"JAJSEB010000048.1","Genbank","exon",195652,196959,".","-",".","ID=exon-gnl|WGS:JAJSEB|jg9399.t1-1;Parent=rna-gnl|WGS:JAJSEB|jg9399.t1;gbkey=mRNA;locus_tag=LSM04_001925;orig_protein_id=gnl|WGS:JAJSEB|jg9399.t1.CDS1;orig_transcript_id=gnl|WGS:JAJSEB|jg9399.t1;product=Aminotransferase",1308
"JAJSEB010000048.1","Genbank","CDS",195652,196959,".","-","0","ID=cds-KAH9581982.1;Parent=rna-gnl|WGS:JAJSEB|jg9399.t1;Dbxref=NCBI_GP:KAH9581982.1;Name=KAH9581982.1;gbkey=CDS;locus_tag=LSM04_001925;orig_transcript_id=gnl|WGS:JAJSEB|jg9399.t1;product=Aminotransferase;protein_id=KAH9581982.1",1308
"JAJSEB010000048.1","Genbank","gene",197777,199084,".","-",".","ID=gene-LSM04_005125;Name=LSM04_005125;gbkey=Gene;gene_biotype=protein_coding;locus_tag=LSM04_005125",1308
"JAJSEB010000048.1","Genbank","mRNA",197777,199084,".","-",".","ID=rna-gnl|WGS:JAJSEB|jg9400.t1;Parent=gene-LSM04_005125;gbkey=mRNA;locus_tag=LSM04_005125;orig_protein_id=gnl|WGS:JAJSEB|jg9400.t1.CDS1;orig_transcript_id=gnl|WGS:JAJSEB|jg9400.t1;product=Aminotransferase",1308
"JAJSEB010000048.1","Genbank","exon",197777,199084,".","-",".","ID=exon-gnl|WGS:JAJSEB|jg9400.t1-1;Parent=rna-gnl|WGS:JAJSEB|jg9400.t1;gbkey=mRNA;locus_tag=LSM04_005125;orig_protein_id=gnl|WGS:JAJSEB|jg9400.t1.CDS1;orig_transcript_id=gnl|WGS:JAJSEB|jg9400.t1;product=Aminotransferase",1308
"JAJSEB010000048.1","Genbank","CDS",197777,199084,".","-","0","ID=cds-KAH9582104.1;Parent=rna-gnl|WGS:JAJSEB|jg9400.t1;Dbxref=NCBI_GP:KAH9582104.1;Name=KAH9582104.1;gbkey=CDS;locus_tag=LSM04_005125;orig_transcript_id=gnl|WGS:JAJSEB|jg9400.t1;product=Aminotransferase;protein_id=KAH9582104.1",1308
"JAJSEB010000048.1","Genbank","gene",200030,201199,".","-",".","ID=gene-LSM04_001497;Name=LSM04_001497;gbkey=Gene;gene_biotype=protein_coding;locus_tag=LSM04_001497",1170
"JAJSEB010000048.1","Genbank","mRNA",200030,201199,".","-",".","ID=rna-gnl|WGS:JAJSEB|jg9401.t1;Parent=gene-LSM04_001497;gbkey=mRNA;locus_tag=LSM04_001497;orig_protein_id=gnl|WGS:JAJSEB|jg9401.t1.CDS1;orig_transcript_id=gnl|WGS:JAJSEB|jg9401.t1;product=Aminotransferase",1170
"JAJSEB010000048.1","Genbank","exon",200030,201199,".","-",".","ID=exon-gnl|WGS:JAJSEB|jg9401.t1-1;Parent=rna-gnl|WGS:JAJSEB|jg9401.t1;gbkey=mRNA;locus_tag=LSM04_001497;orig_protein_id=gnl|WGS:JAJSEB|jg9401.t1.CDS1;orig_transcript_id=gnl|WGS:JAJSEB|jg9401.t1;product=Aminotransferase",1170
"JAJSEB010000048.1","Genbank","CDS",200030,201199,".","-","0","ID=cds-KAH9581953.1;Parent=rna-gnl|WGS:JAJSEB|jg9401.t1;Dbxref=NCBI_GP:KAH9581953.1;Name=KAH9581953.1;gbkey=CDS;locus_tag=LSM04_001497;orig_transcript_id=gnl|WGS:JAJSEB|jg9401.t1;product=Aminotransferase;protein_id=KAH9581953.1",1170
"JAJSEB010000048.1","Genbank","gene",202009,203316,".","-",".","ID=gene-LSM04_001876;Name=LSM04_001876;gbkey=Gene;gene_biotype=protein_coding;locus_tag=LSM04_001876",1308
"JAJSEB010000048.1","Genbank","mRNA",202009,203316,".","-",".","ID=rna-gnl|WGS:JAJSEB|jg9402.t1;Parent=gene-LSM04_001876;gbkey=mRNA;locus_tag=LSM04_001876;orig_protein_id=gnl|WGS:JAJSEB|jg9402.t1.CDS1;orig_transcript_id=gnl|WGS:JAJSEB|jg9402.t1;product=Aminotransferase",1308
"JAJSEB010000048.1","Genbank","exon",202009,203316,".","-",".","ID=exon-gnl|WGS:JAJSEB|jg9402.t1-1;Parent=rna-gnl|WGS:JAJSEB|jg9402.t1;gbkey=mRNA;locus_tag=LSM04_001876;orig_protein_id=gnl|WGS:JAJSEB|jg9402.t1.CDS1;orig_transcript_id=gnl|WGS:JAJSEB|jg9402.t1;product=Aminotransferase",1308
"JAJSEB010000048.1","Genbank","CDS",202009,203316,".","-","0","ID=cds-KAH9581980.1;Parent=rna-gnl|WGS:JAJSEB|jg9402.t1;Dbxref=NCBI_GP:KAH9581980.1;Name=KAH9581980.1;gbkey=CDS;locus_tag=LSM04_001876;orig_transcript_id=gnl|WGS:JAJSEB|jg9402.t1;product=Aminotransferase;protein_id=KAH9581980.1",1308
"JAJSEB010000048.1","Genbank","gene",204134,205441,".","-",".","ID=gene-LSM04_001411;Name=LSM04_001411;gbkey=Gene;gene_biotype=protein_coding;locus_tag=LSM04_001411",1308
"JAJSEB010000048.1","Genbank","mRNA",204134,205441,".","-",".","ID=rna-gnl|WGS:JAJSEB|jg9403.t1;Parent=gene-LSM04_001411;gbkey=mRNA;locus_tag=LSM04_001411;orig_protein_id=gnl|WGS:JAJSEB|jg9403.t1.CDS1;orig_transcript_id=gnl|WGS:JAJSEB|jg9403.t1;product=Aminotransferase",1308
"JAJSEB010000048.1","Genbank","exon",204134,205441,".","-",".","ID=exon-gnl|WGS:JAJSEB|jg9403.t1-1;Parent=rna-gnl|WGS:JAJSEB|jg9403.t1;gbkey=mRNA;locus_tag=LSM04_001411;orig_protein_id=gnl|WGS:JAJSEB|jg9403.t1.CDS1;orig_transcript_id=gnl|WGS:JAJSEB|jg9403.t1;product=Aminotransferase",1308
"JAJSEB010000048.1","Genbank","CDS",204134,205441,".","-","0","ID=cds-KAH9581949.1;Parent=rna-gnl|WGS:JAJSEB|jg9403.t1;Dbxref=NCBI_GP:KAH9581949.1;Name=KAH9581949.1;gbkey=CDS;locus_tag=LSM04_001411;orig_transcript_id=gnl|WGS:JAJSEB|jg9403.t1;product=Aminotransferase;protein_id=KAH9581949.1",1308
"JAJSEB010000048.1","Genbank","gene",206253,207560,".","-",".","ID=gene-LSM04_003752;Name=LSM04_003752;gbkey=Gene;gene_biotype=protein_coding;locus_tag=LSM04_003752",1308
"JAJSEB010000048.1","Genbank","mRNA",206253,207560,".","-",".","ID=rna-gnl|WGS:JAJSEB|jg9404.t1;Parent=gene-LSM04_003752;gbkey=mRNA;locus_tag=LSM04_003752;orig_protein_id=gnl|WGS:JAJSEB|jg9404.t1.CDS1;orig_transcript_id=gnl|WGS:JAJSEB|jg9404.t1;product=Aminotransferase",1308
"JAJSEB010000048.1","Genbank","exon",206253,207560,".","-",".","ID=exon-gnl|WGS:JAJSEB|jg9404.t1-1;Parent=rna-gnl|WGS:JAJSEB|jg9404.t1;gbkey=mRNA;locus_tag=LSM04_003752;orig_protein_id=gnl|WGS:JAJSEB|jg9404.t1.CDS1;orig_transcript_id=gnl|WGS:JAJSEB|jg9404.t1;product=Aminotransferase",1308
"JAJSEB010000048.1","Genbank","CDS",206253,207560,".","-","0","ID=cds-KAH9582053.1;Parent=rna-gnl|WGS:JAJSEB|jg9404.t1;Dbxref=NCBI_GP:KAH9582053.1;Name=KAH9582053.1;gbkey=CDS;locus_tag=LSM04_003752;orig_transcript_id=gnl|WGS:JAJSEB|jg9404.t1;product=Aminotransferase;protein_id=KAH9582053.1",1308
"JAJSEB010000048.1","Genbank","gene",208377,209684,".","-",".","ID=gene-LSM04_009462;Name=LSM04_009462;gbkey=Gene;gene_biotype=protein_coding;locus_tag=LSM04_009462",1308
"JAJSEB010000048.1","Genbank","mRNA",208377,209684,".","-",".","ID=rna-gnl|WGS:JAJSEB|jg9405.t1;Parent=gene-LSM04_009462;gbkey=mRNA;locus_tag=LSM04_009462;orig_protein_id=gnl|WGS:JAJSEB|jg9405.t1.CDS1;orig_transcript_id=gnl|WGS:JAJSEB|jg9405.t1;product=Aminotransferase",1308
"JAJSEB010000048.1","Genbank","exon",208377,209684,".","-",".","ID=exon-gnl|WGS:JAJSEB|jg9405.t1-1;Parent=rna-gnl|WGS:JAJSEB|jg9405.t1;gbkey=mRNA;locus_tag=LSM04_009462;orig_protein_id=gnl|WGS:JAJSEB|jg9405.t1.CDS1;orig_transcript_id=gnl|WGS:JAJSEB|jg9405.t1;product=Aminotransferase",1308
"JAJSEB010000048.1","Genbank","CDS",208377,209684,".","-","0","ID=cds-KAH9582297.1;Parent=rna-gnl|WGS:JAJSEB|jg9405.t1;Dbxref=NCBI_GP:KAH9582297.1;Name=KAH9582297.1;gbkey=CDS;locus_tag=LSM04_009462;orig_transcript_id=gnl|WGS:JAJSEB|jg9405.t1;product=Aminotransferase;protein_id=KAH9582297.1",1308
"JAJSEB010000048.1","Genbank","gene",210509,211816,".","-",".","ID=gene-LSM04_002109;Name=LSM04_002109;gbkey=Gene;gene_biotype=protein_coding;locus_tag=LSM04_002109",1308
"JAJSEB010000048.1","Genbank","mRNA",210509,211816,".","-",".","ID=rna-gnl|WGS:JAJSEB|jg9406.t1;Parent=gene-LSM04_002109;gbkey=mRNA;locus_tag=LSM04_002109;orig_protein_id=gnl|WGS:JAJSEB|jg9406.t1.CDS1;orig_transcript_id=gnl|WGS:JAJSEB|jg9406.t1;product=Aminotransferase",1308
"JAJSEB010000048.1","Genbank","exon",210509,211816,".","-",".","ID=exon-gnl|WGS:JAJSEB|jg9406.t1-1;Parent=rna-gnl|WGS:JAJSEB|jg9406.t1;gbkey=mRNA;locus_tag=LSM04_002109;orig_protein_id=gnl|WGS:JAJSEB|jg9406.t1.CDS1;orig_transcript_id=gnl|WGS:JAJSEB|jg9406.t1;product=Aminotransferase",1308
"JAJSEB010000048.1","Genbank","CDS",210509,211816,".","-","0","ID=cds-KAH9581991.1;Parent=rna-gnl|WGS:JAJSEB|jg9406.t1;Dbxref=NCBI_GP:KAH9581991.1;Name=KAH9581991.1;gbkey=CDS;locus_tag=LSM04_002109;orig_transcript_id=gnl|WGS:JAJSEB|jg9406.t1;product=Aminotransferase;protein_id=KAH9581991.1",1308
"JAJSEB010000048.1","Genbank","gene",212630,213937,".","-",".","ID=gene-LSM04_006569;Name=LSM04_006569;gbkey=Gene;gene_biotype=protein_coding;locus_tag=LSM04_006569",1308
"JAJSEB010000048.1","Genbank","mRNA",212630,213937,".","-",".","ID=rna-gnl|WGS:JAJSEB|jg9407.t1;Parent=gene-LSM04_006569;gbkey=mRNA;locus_tag=LSM04_006569;orig_protein_id=gnl|WGS:JAJSEB|jg9407.t1.CDS1;orig_transcript_id=gnl|WGS:JAJSEB|jg9407.t1;product=Aminotransferase",1308
"JAJSEB010000048.1","Genbank","exon",212630,213937,".","-",".","ID=exon-gnl|WGS:JAJSEB|jg9407.t1-1;Parent=rna-gnl|WGS:JAJSEB|jg9407.t1;gbkey=mRNA;locus_tag=LSM04_006569;orig_protein_id=gnl|WGS:JAJSEB|jg9407.t1.CDS1;orig_transcript_id=gnl|WGS:JAJSEB|jg9407.t1;product=Aminotransferase",1308
"JAJSEB010000048.1","Genbank","CDS",212630,213937,".","-","0","ID=cds-KAH9582159.1;Parent=rna-gnl|WGS:JAJSEB|jg9407.t1;Dbxref=NCBI_GP:KAH9582159.1;Name=KAH9582159.1;gbkey=CDS;locus_tag=LSM04_006569;orig_transcript_id=gnl|WGS:JAJSEB|jg9407.t1;product=Aminotransferase;protein_id=KAH9582159.1",1308
"JAJSEB010000048.1","Genbank","gene",214752,216059,".","-",".","ID=gene-LSM04_005998;Name=LSM04_005998;gbkey=Gene;gene_biotype=protein_coding;locus_tag=LSM04_005998",1308
"JAJSEB010000048.1","Genbank","mRNA",214752,216059,".","-",".","ID=rna-gnl|WGS:JAJSEB|jg9408.t1;Parent=gene-LSM04_005998;gbkey=mRNA;locus_tag=LSM04_005998;orig_protein_id=gnl|WGS:JAJSEB|jg9408.t1.CDS1;orig_transcript_id=gnl|WGS:JAJSEB|jg9408.t1;product=Aminotransferase",1308
"JAJSEB010000048.1","Genbank","exon",214752,216059,".","-",".","ID=exon-gnl|WGS:JAJSEB|jg9408.t1-1;Parent=rna-gnl|WGS:JAJSEB|jg9408.t1;gbkey=mRNA;locus_tag=LSM04_005998;orig_protein_id=gnl|WGS:JAJSEB|jg9408.t1.CDS1;orig_transcript_id=gnl|WGS:JAJSEB|jg9408.t1;product=Aminotransferase",1308
"JAJSEB010000048.1","Genbank","CDS",214752,216059,".","-","0","ID=cds-KAH9582134.1;Parent=rna-gnl|WGS:JAJSEB|jg9408.t1;Dbxref=NCBI_GP:KAH9582134.1;Name=KAH9582134.1;gbkey=CDS;locus_tag=LSM04_005998;orig_transcript_id=gnl|WGS:JAJSEB|jg9408.t1;product=Aminotransferase;protein_id=KAH9582134.1",1308
"JAJSEB010000048.1","Genbank","gene",217399,218397,".","-",".","ID=gene-LSM04_003131;Name=LSM04_003131;gbkey=Gene;gene_biotype=protein_coding;locus_tag=LSM04_003131",999
"JAJSEB010000048.1","Genbank","mRNA",217399,218397,".","-",".","ID=rna-gnl|WGS:JAJSEB|jg9409.t1;Parent=gene-LSM04_003131;gbkey=mRNA;locus_tag=LSM04_003131;orig_protein_id=gnl|WGS:JAJSEB|jg9409.t1.CDS1;orig_transcript_id=gnl|WGS:JAJSEB|jg9409.t1;product=Glyceraldehyde 3-phosphate dehydrogenase",999
"JAJSEB010000048.1","Genbank","exon",217399,218397,".","-",".","ID=exon-gnl|WGS:JAJSEB|jg9409.t1-1;Parent=rna-gnl|WGS:JAJSEB|jg9409.t1;gbkey=mRNA;locus_tag=LSM04_003131;orig_protein_id=gnl|WGS:JAJSEB|jg9409.t1.CDS1;orig_transcript_id=gnl|WGS:JAJSEB|jg9409.t1;product=Glyceraldehyde 3-phosphate dehydrogenase",999
"JAJSEB010000048.1","Genbank","CDS",217399,218397,".","-","0","ID=cds-KAH9582031.1;Parent=rna-gnl|WGS:JAJSEB|jg9409.t1;Dbxref=NCBI_GP:KAH9582031.1;Name=KAH9582031.1;gbkey=CDS;locus_tag=LSM04_003131;orig_transcript_id=gnl|WGS:JAJSEB|jg9409.t1;product=Glyceraldehyde 3-phosphate dehydrogenase;protein_id=KAH9582031.1",999
"JAJSEB010000048.1","Genbank","gene",218863,220098,".","-",".","ID=gene-LSM04_006517;Name=LSM04_006517;gbkey=Gene;gene_biotype=protein_coding;locus_tag=LSM04_006517",1236
"JAJSEB010000048.1","Genbank","mRNA",218863,220098,".","-",".","ID=rna-gnl|WGS:JAJSEB|jg9410.t1;Parent=gene-LSM04_006517;gbkey=mRNA;locus_tag=LSM04_006517;orig_protein_id=gnl|WGS:JAJSEB|jg9410.t1.CDS1;orig_transcript_id=gnl|WGS:JAJSEB|jg9410.t1;product=Aminotransferase",1236
"JAJSEB010000048.1","Genbank","exon",218863,220098,".","-",".","ID=exon-gnl|WGS:JAJSEB|jg9410.t1-1;Parent=rna-gnl|WGS:JAJSEB|jg9410.t1;gbkey=mRNA;locus_tag=LSM04_006517;orig_protein_id=gnl|WGS:JAJSEB|jg9410.t1.CDS1;orig_transcript_id=gnl|WGS:JAJSEB|jg9410.t1;product=Aminotransferase",1236
"JAJSEB010000048.1","Genbank","CDS",218863,220098,".","-","0","ID=cds-KAH9582156.1;Parent=rna-gnl|WGS:JAJSEB|jg9410.t1;Dbxref=NCBI_GP:KAH9582156.1;Name=KAH9582156.1;gbkey=CDS;locus_tag=LSM04_006517;orig_transcript_id=gnl|WGS:JAJSEB|jg9410.t1;product=Aminotransferase;protein_id=KAH9582156.1",1236
"JAJSEB010000048.1","Genbank","gene",220426,221454,".","-",".","ID=gene-LSM04_004959;Name=LSM04_004959;gbkey=Gene;gene_biotype=protein_coding;locus_tag=LSM04_004959",1029
"JAJSEB010000048.1","Genbank","mRNA",220426,221454,".","-",".","ID=rna-gnl|WGS:JAJSEB|jg9411.t1;Parent=gene-LSM04_004959;gbkey=mRNA;locus_tag=LSM04_004959;orig_protein_id=gnl|WGS:JAJSEB|jg9411.t1.CDS1;orig_transcript_id=gnl|WGS:JAJSEB|jg9411.t1;product=Short-chain dehydrogenase/reductase SDR",1029
"JAJSEB010000048.1","Genbank","exon",220426,221454,".","-",".","ID=exon-gnl|WGS:JAJSEB|jg9411.t1-1;Parent=rna-gnl|WGS:JAJSEB|jg9411.t1;gbkey=mRNA;locus_tag=LSM04_004959;orig_protein_id=gnl|WGS:JAJSEB|jg9411.t1.CDS1;orig_transcript_id=gnl|WGS:JAJSEB|jg9411.t1;product=Short-chain dehydrogenase/reductase SDR",1029
"JAJSEB010000048.1","Genbank","CDS",220426,221454,".","-","0","ID=cds-KAH9582095.1;Parent=rna-gnl|WGS:JAJSEB|jg9411.t1;Dbxref=NCBI_GP:KAH9582095.1;Name=KAH9582095.1;gbkey=CDS;locus_tag=LSM04_004959;orig_transcript_id=gnl|WGS:JAJSEB|jg9411.t1;product=Short-chain dehydrogenase/reductase SDR;protein_id=KAH9582095.1",1029
"JAJSEB010000048.1","Genbank","gene",221777,222712,".","-",".","ID=gene-LSM04_005589;Name=LSM04_005589;gbkey=Gene;gene_biotype=protein_coding;locus_tag=LSM04_005589",936
"JAJSEB010000048.1","Genbank","mRNA",221777,222712,".","-",".","ID=rna-gnl|WGS:JAJSEB|jg9412.t1;Parent=gene-LSM04_005589;gbkey=mRNA;locus_tag=LSM04_005589;orig_protein_id=gnl|WGS:JAJSEB|jg9412.t1.CDS1;orig_transcript_id=gnl|WGS:JAJSEB|jg9412.t1;product=Endonuclease V",936
"JAJSEB010000048.1","Genbank","exon",221777,222712,".","-",".","ID=exon-gnl|WGS:JAJSEB|jg9412.t1-1;Parent=rna-gnl|WGS:JAJSEB|jg9412.t1;gbkey=mRNA;locus_tag=LSM04_005589;orig_protein_id=gnl|WGS:JAJSEB|jg9412.t1.CDS1;orig_transcript_id=gnl|WGS:JAJSEB|jg9412.t1;product=Endonuclease V",936
"JAJSEB010000048.1","Genbank","CDS",221777,222712,".","-","0","ID=cds-KAH9582123.1;Parent=rna-gnl|WGS:JAJSEB|jg9412.t1;Dbxref=NCBI_GP:KAH9582123.1;Name=KAH9582123.1;gbkey=CDS;locus_tag=LSM04_005589;orig_transcript_id=gnl|WGS:JAJSEB|jg9412.t1;product=Endonuclease V;protein_id=KAH9582123.1",936
"JAJSEB010000048.1","Genbank","gene",223514,224644,".","-",".","ID=gene-LSM04_007828;Name=LSM04_007828;gbkey=Gene;gene_biotype=protein_coding;locus_tag=LSM04_007828",1131
"JAJSEB010000048.1","Genbank","mRNA",223514,224644,".","-",".","ID=rna-gnl|WGS:JAJSEB|jg9413.t1;Parent=gene-LSM04_007828;gbkey=mRNA;locus_tag=LSM04_007828;orig_protein_id=gnl|WGS:JAJSEB|jg9413.t1.CDS1;orig_transcript_id=gnl|WGS:JAJSEB|jg9413.t1;product=Glucokinase",1131
"JAJSEB010000048.1","Genbank","exon",223514,224644,".","-",".","ID=exon-gnl|WGS:JAJSEB|jg9413.t1-1;Parent=rna-gnl|WGS:JAJSEB|jg9413.t1;gbkey=mRNA;locus_tag=LSM04_007828;orig_protein_id=gnl|WGS:JAJSEB|jg9413.t1.CDS1;orig_transcript_id=gnl|WGS:JAJSEB|jg9413.t1;product=Glucokinase",1131
"JAJSEB010000048.1","Genbank","CDS",223514,224644,".","-","0","ID=cds-KAH9582222.1;Parent=rna-gnl|WGS:JAJSEB|jg9413.t1;Dbxref=NCBI_GP:KAH9582222.1;Name=KAH9582222.1;gbkey=CDS;locus_tag=LSM04_007828;orig_transcript_id=gnl|WGS:JAJSEB|jg9413.t1;product=Glucokinase;protein_id=KAH9582222.1",1131
"JAJSEB010000048.1","Genbank","gene",224956,225915,".","-",".","ID=gene-LSM04_005096;Name=LSM04_005096;gbkey=Gene;gene_biotype=protein_coding;locus_tag=LSM04_005096",960
"JAJSEB010000048.1","Genbank","mRNA",224956,225915,".","-",".","ID=rna-gnl|WGS:JAJSEB|jg9414.t1;Parent=gene-LSM04_005096;gbkey=mRNA;locus_tag=LSM04_005096;orig_protein_id=gnl|WGS:JAJSEB|jg9414.t1.CDS1;orig_transcript_id=gnl|WGS:JAJSEB|jg9414.t1;product=hypothetical protein",960
"JAJSEB010000048.1","Genbank","exon",224956,225915,".","-",".","ID=exon-gnl|WGS:JAJSEB|jg9414.t1-1;Parent=rna-gnl|WGS:JAJSEB|jg9414.t1;gbkey=mRNA;locus_tag=LSM04_005096;orig_protein_id=gnl|WGS:JAJSEB|jg9414.t1.CDS1;orig_transcript_id=gnl|WGS:JAJSEB|jg9414.t1;product=hypothetical protein",960
"JAJSEB010000048.1","Genbank","CDS",224956,225915,".","-","0","ID=cds-KAH9582103.1;Parent=rna-gnl|WGS:JAJSEB|jg9414.t1;Dbxref=NCBI_GP:KAH9582103.1;Name=KAH9582103.1;gbkey=CDS;locus_tag=LSM04_005096;orig_transcript_id=gnl|WGS:JAJSEB|jg9414.t1;product=hypothetical protein;protein_id=KAH9582103.1",960
"JAJSEB010000048.1","Genbank","gene",226661,227791,".","-",".","ID=gene-LSM04_003932;Name=LSM04_003932;gbkey=Gene;gene_biotype=protein_coding;locus_tag=LSM04_003932",1131
"JAJSEB010000048.1","Genbank","mRNA",226661,227791,".","-",".","ID=rna-gnl|WGS:JAJSEB|jg9415.t1;Parent=gene-LSM04_003932;gbkey=mRNA;locus_tag=LSM04_003932;orig_protein_id=gnl|WGS:JAJSEB|jg9415.t1.CDS1;orig_transcript_id=gnl|WGS:JAJSEB|jg9415.t1;product=Glucokinase",1131
"JAJSEB010000048.1","Genbank","exon",226661,227791,".","-",".","ID=exon-gnl|WGS:JAJSEB|jg9415.t1-1;Parent=rna-gnl|WGS:JAJSEB|jg9415.t1;gbkey=mRNA;locus_tag=LSM04_003932;orig_protein_id=gnl|WGS:JAJSEB|jg9415.t1.CDS1;orig_transcript_id=gnl|WGS:JAJSEB|jg9415.t1;product=Glucokinase",1131
"JAJSEB010000048.1","Genbank","CDS",226661,227791,".","-","0","ID=cds-KAH9582060.1;Parent=rna-gnl|WGS:JAJSEB|jg9415.t1;Dbxref=NCBI_GP:KAH9582060.1;Name=KAH9582060.1;gbkey=CDS;locus_tag=LSM04_003932;orig_transcript_id=gnl|WGS:JAJSEB|jg9415.t1;product=Glucokinase;protein_id=KAH9582060.1",1131
"JAJSEB010000048.1","Genbank","gene",228104,229063,".","-",".","ID=gene-LSM04_003915;Name=LSM04_003915;gbkey=Gene;gene_biotype=protein_coding;locus_tag=LSM04_003915",960
"JAJSEB010000048.1","Genbank","mRNA",228104,229063,".","-",".","ID=rna-gnl|WGS:JAJSEB|jg9416.t1;Parent=gene-LSM04_003915;gbkey=mRNA;locus_tag=LSM04_003915;orig_protein_id=gnl|WGS:JAJSEB|jg9416.t1.CDS1;orig_transcript_id=gnl|WGS:JAJSEB|jg9416.t1;product=hypothetical protein",960
"JAJSEB010000048.1","Genbank","exon",228104,229063,".","-",".","ID=exon-gnl|WGS:JAJSEB|jg9416.t1-1;Parent=rna-gnl|WGS:JAJSEB|jg9416.t1;gbkey=mRNA;locus_tag=LSM04_003915;orig_protein_id=gnl|WGS:JAJSEB|jg9416.t1.CDS1;orig_transcript_id=gnl|WGS:JAJSEB|jg9416.t1;product=hypothetical protein",960
"JAJSEB010000048.1","Genbank","CDS",228104,229063,".","-","0","ID=cds-KAH9582059.1;Parent=rna-gnl|WGS:JAJSEB|jg9416.t1;Dbxref=NCBI_GP:KAH9582059.1;Name=KAH9582059.1;gbkey=CDS;locus_tag=LSM04_003915;orig_transcript_id=gnl|WGS:JAJSEB|jg9416.t1;product=hypothetical protein;protein_id=KAH9582059.1",960
"JAJSEB010000048.1","Genbank","gene",229811,230941,".","-",".","ID=gene-LSM04_007590;Name=LSM04_007590;gbkey=Gene;gene_biotype=protein_coding;locus_tag=LSM04_007590",1131
"JAJSEB010000048.1","Genbank","mRNA",229811,230941,".","-",".","ID=rna-gnl|WGS:JAJSEB|jg9417.t1;Parent=gene-LSM04_007590;gbkey=mRNA;locus_tag=LSM04_007590;orig_protein_id=gnl|WGS:JAJSEB|jg9417.t1.CDS1;orig_transcript_id=gnl|WGS:JAJSEB|jg9417.t1;product=Glucokinase",1131
"JAJSEB010000048.1","Genbank","exon",229811,230941,".","-",".","ID=exon-gnl|WGS:JAJSEB|jg9417.t1-1;Parent=rna-gnl|WGS:JAJSEB|jg9417.t1;gbkey=mRNA;locus_tag=LSM04_007590;orig_protein_id=gnl|WGS:JAJSEB|jg9417.t1.CDS1;orig_transcript_id=gnl|WGS:JAJSEB|jg9417.t1;product=Glucokinase",1131
"JAJSEB010000048.1","Genbank","CDS",229811,230941,".","-","0","ID=cds-KAH9582210.1;Parent=rna-gnl|WGS:JAJSEB|jg9417.t1;Dbxref=NCBI_GP:KAH9582210.1;Name=KAH9582210.1;gbkey=CDS;locus_tag=LSM04_007590;orig_transcript_id=gnl|WGS:JAJSEB|jg9417.t1;product=Glucokinase;protein_id=KAH9582210.1",1131
"JAJSEB010000048.1","Genbank","gene",231254,232212,".","-",".","ID=gene-LSM04_002164;Name=LSM04_002164;gbkey=Gene;gene_biotype=protein_coding;locus_tag=LSM04_002164",959
"JAJSEB010000048.1","Genbank","mRNA",231254,232212,".","-",".","ID=rna-gnl|WGS:JAJSEB|jg9418.t1;Parent=gene-LSM04_002164;gbkey=mRNA;locus_tag=LSM04_002164;orig_protein_id=gnl|WGS:JAJSEB|jg9418.t1.CDS1;orig_transcript_id=gnl|WGS:JAJSEB|jg9418.t1;product=hypothetical protein",959
"JAJSEB010000048.1","Genbank","exon",231990,232212,".","-",".","ID=exon-gnl|WGS:JAJSEB|jg9418.t1-1;Parent=rna-gnl|WGS:JAJSEB|jg9418.t1;gbkey=mRNA;locus_tag=LSM04_002164;orig_protein_id=gnl|WGS:JAJSEB|jg9418.t1.CDS1;orig_transcript_id=gnl|WGS:JAJSEB|jg9418.t1;product=hypothetical protein",223
"JAJSEB010000048.1","Genbank","exon",231254,231951,".","-",".","ID=exon-gnl|WGS:JAJSEB|jg9418.t1-2;Parent=rna-gnl|WGS:JAJSEB|jg9418.t1;gbkey=mRNA;locus_tag=LSM04_002164;orig_protein_id=gnl|WGS:JAJSEB|jg9418.t1.CDS1;orig_transcript_id=gnl|WGS:JAJSEB|jg9418.t1;product=hypothetical protein",698
"JAJSEB010000048.1","Genbank","CDS",231990,232212,".","-","0","ID=cds-KAH9581993.1;Parent=rna-gnl|WGS:JAJSEB|jg9418.t1;Dbxref=NCBI_GP:KAH9581993.1;Name=KAH9581993.1;gbkey=CDS;locus_tag=LSM04_002164;orig_transcript_id=gnl|WGS:JAJSEB|jg9418.t1;product=hypothetical protein;protein_id=KAH9581993.1",223
"JAJSEB010000048.1","Genbank","CDS",231254,231951,".","-","2","ID=cds-KAH9581993.1;Parent=rna-gnl|WGS:JAJSEB|jg9418.t1;Dbxref=NCBI_GP:KAH9581993.1;Name=KAH9581993.1;gbkey=CDS;locus_tag=LSM04_002164;orig_transcript_id=gnl|WGS:JAJSEB|jg9418.t1;product=hypothetical protein;protein_id=KAH9581993.1",698
"JAJSEB010000048.1","Genbank","gene",233062,234084,".","-",".","ID=gene-LSM04_001829;Name=LSM04_001829;gbkey=Gene;gene_biotype=protein_coding;locus_tag=LSM04_001829",1023
"JAJSEB010000048.1","Genbank","mRNA",233062,234084,".","-",".","ID=rna-gnl|WGS:JAJSEB|jg9419.t1;Parent=gene-LSM04_001829;gbkey=mRNA;locus_tag=LSM04_001829;orig_protein_id=gnl|WGS:JAJSEB|jg9419.t1.CDS1;orig_transcript_id=gnl|WGS:JAJSEB|jg9419.t1;product=hypothetical protein",1023
"JAJSEB010000048.1","Genbank","exon",233062,234084,".","-",".","ID=exon-gnl|WGS:JAJSEB|jg9419.t1-1;Parent=rna-gnl|WGS:JAJSEB|jg9419.t1;gbkey=mRNA;locus_tag=LSM04_001829;orig_protein_id=gnl|WGS:JAJSEB|jg9419.t1.CDS1;orig_transcript_id=gnl|WGS:JAJSEB|jg9419.t1;product=hypothetical protein",1023
"JAJSEB010000048.1","Genbank","CDS",233062,234084,".","-","0","ID=cds-KAH9581974.1;Parent=rna-gnl|WGS:JAJSEB|jg9419.t1;Dbxref=NCBI_GP:KAH9581974.1;Name=KAH9581974.1;gbkey=CDS;locus_tag=LSM04_001829;orig_transcript_id=gnl|WGS:JAJSEB|jg9419.t1;product=hypothetical protein;protein_id=KAH9581974.1",1023
"JAJSEB010000048.1","Genbank","gene",234840,236465,".","-",".","ID=gene-LSM04_000564;Name=LSM04_000564;gbkey=Gene;gene_biotype=protein_coding;locus_tag=LSM04_000564",1626
"JAJSEB010000048.1","Genbank","mRNA",234840,236465,".","-",".","ID=rna-gnl|WGS:JAJSEB|jg9420.t2;Parent=gene-LSM04_000564;gbkey=mRNA;locus_tag=LSM04_000564;orig_protein_id=gnl|WGS:JAJSEB|jg9420.t2.CDS1;orig_transcript_id=gnl|WGS:JAJSEB|jg9420.t2;product=hypothetical protein",1626
"JAJSEB010000048.1","Genbank","exon",234840,236465,".","-",".","ID=exon-gnl|WGS:JAJSEB|jg9420.t2-1;Parent=rna-gnl|WGS:JAJSEB|jg9420.t2;gbkey=mRNA;locus_tag=LSM04_000564;orig_protein_id=gnl|WGS:JAJSEB|jg9420.t2.CDS1;orig_transcript_id=gnl|WGS:JAJSEB|jg9420.t2;product=hypothetical protein",1626
"JAJSEB010000048.1","Genbank","CDS",234840,236465,".","-","0","ID=cds-KAH9581921.1;Parent=rna-gnl|WGS:JAJSEB|jg9420.t2;Dbxref=NCBI_GP:KAH9581921.1;Name=KAH9581921.1;gbkey=CDS;locus_tag=LSM04_000564;orig_transcript_id=gnl|WGS:JAJSEB|jg9420.t2;product=hypothetical protein;protein_id=KAH9581921.1",1626
"JAJSEB010000048.1","Genbank","mRNA",234840,235805,".","-",".","ID=rna-gnl|WGS:JAJSEB|jg9420.t1;Parent=gene-LSM04_000564;gbkey=mRNA;locus_tag=LSM04_000564;orig_protein_id=gnl|WGS:JAJSEB|jg9420.t1.CDS1;orig_transcript_id=gnl|WGS:JAJSEB|jg9420.t1;product=hypothetical protein",966
"JAJSEB010000048.1","Genbank","exon",234840,235805,".","-",".","ID=exon-gnl|WGS:JAJSEB|jg9420.t1-1;Parent=rna-gnl|WGS:JAJSEB|jg9420.t1;gbkey=mRNA;locus_tag=LSM04_000564;orig_protein_id=gnl|WGS:JAJSEB|jg9420.t1.CDS1;orig_transcript_id=gnl|WGS:JAJSEB|jg9420.t1;product=hypothetical protein",966
"JAJSEB010000048.1","Genbank","CDS",234840,235805,".","-","0","ID=cds-KAH9581920.1;Parent=rna-gnl|WGS:JAJSEB|jg9420.t1;Dbxref=NCBI_GP:KAH9581920.1;Name=KAH9581920.1;gbkey=CDS;locus_tag=LSM04_000564;orig_transcript_id=gnl|WGS:JAJSEB|jg9420.t1;product=hypothetical protein;protein_id=KAH9581920.1",966
"JAJSEB010000048.1","Genbank","gene",237000,238112,".","-",".","ID=gene-LSM04_005209;Name=LSM04_005209;gbkey=Gene;gene_biotype=protein_coding;locus_tag=LSM04_005209",1113
"JAJSEB010000048.1","Genbank","mRNA",237000,238112,".","-",".","ID=rna-gnl|WGS:JAJSEB|jg9421.t1;Parent=gene-LSM04_005209;gbkey=mRNA;locus_tag=LSM04_005209;orig_protein_id=gnl|WGS:JAJSEB|jg9421.t1.CDS1;orig_transcript_id=gnl|WGS:JAJSEB|jg9421.t1;product=hypothetical protein",1113
"JAJSEB010000048.1","Genbank","exon",237000,238112,".","-",".","ID=exon-gnl|WGS:JAJSEB|jg9421.t1-1;Parent=rna-gnl|WGS:JAJSEB|jg9421.t1;gbkey=mRNA;locus_tag=LSM04_005209;orig_protein_id=gnl|WGS:JAJSEB|jg9421.t1.CDS1;orig_transcript_id=gnl|WGS:JAJSEB|jg9421.t1;product=hypothetical protein",1113
"JAJSEB010000048.1","Genbank","CDS",237000,238112,".","-","0","ID=cds-KAH9582111.1;Parent=rna-gnl|WGS:JAJSEB|jg9421.t1;Dbxref=NCBI_GP:KAH9582111.1;Name=KAH9582111.1;gbkey=CDS;locus_tag=LSM04_005209;orig_transcript_id=gnl|WGS:JAJSEB|jg9421.t1;product=hypothetical protein;protein_id=KAH9582111.1",1113
"JAJSEB010000048.1","Genbank","gene",239104,239922,".","-",".","ID=gene-LSM04_007796;Name=LSM04_007796;gbkey=Gene;gene_biotype=protein_coding;locus_tag=LSM04_007796",819
"JAJSEB010000048.1","Genbank","mRNA",239104,239922,".","-",".","ID=rna-gnl|WGS:JAJSEB|jg9422.t1;Parent=gene-LSM04_007796;gbkey=mRNA;locus_tag=LSM04_007796;orig_protein_id=gnl|WGS:JAJSEB|jg9422.t1.CDS1;orig_transcript_id=gnl|WGS:JAJSEB|jg9422.t1;product=Guanylate kinase/L-type calcium channel beta subunit",819
"JAJSEB010000048.1","Genbank","exon",239104,239922,".","-",".","ID=exon-gnl|WGS:JAJSEB|jg9422.t1-1;Parent=rna-gnl|WGS:JAJSEB|jg9422.t1;gbkey=mRNA;locus_tag=LSM04_007796;orig_protein_id=gnl|WGS:JAJSEB|jg9422.t1.CDS1;orig_transcript_id=gnl|WGS:JAJSEB|jg9422.t1;product=Guanylate kinase/L-type calcium channel beta subunit",819
"JAJSEB010000048.1","Genbank","CDS",239104,239922,".","-","0","ID=cds-KAH9582219.1;Parent=rna-gnl|WGS:JAJSEB|jg9422.t1;Dbxref=NCBI_GP:KAH9582219.1;Name=KAH9582219.1;gbkey=CDS;locus_tag=LSM04_007796;orig_transcript_id=gnl|WGS:JAJSEB|jg9422.t1;product=Guanylate kinase/L-type calcium channel beta subunit;protein_id=KAH9582219.1",819
"JAJSEB010000048.1","Genbank","gene",241253,242359,".","-",".","ID=gene-LSM04_001607;Name=LSM04_001607;gbkey=Gene;gene_biotype=protein_coding;locus_tag=LSM04_001607",1107
"JAJSEB010000048.1","Genbank","mRNA",241253,242359,".","-",".","ID=rna-gnl|WGS:JAJSEB|jg9423.t1;Parent=gene-LSM04_001607;gbkey=mRNA;locus_tag=LSM04_001607;orig_protein_id=gnl|WGS:JAJSEB|jg9423.t1.CDS1;orig_transcript_id=gnl|WGS:JAJSEB|jg9423.t1;product=TGS protein",1107
"JAJSEB010000048.1","Genbank","exon",241253,242359,".","-",".","ID=exon-gnl|WGS:JAJSEB|jg9423.t1-1;Parent=rna-gnl|WGS:JAJSEB|jg9423.t1;gbkey=mRNA;locus_tag=LSM04_001607;orig_protein_id=gnl|WGS:JAJSEB|jg9423.t1.CDS1;orig_transcript_id=gnl|WGS:JAJSEB|jg9423.t1;product=TGS protein",1107
"JAJSEB010000048.1","Genbank","CDS",241253,242359,".","-","0","ID=cds-KAH9581957.1;Parent=rna-gnl|WGS:JAJSEB|jg9423.t1;Dbxref=NCBI_GP:KAH9581957.1;Name=KAH9581957.1;gbkey=CDS;locus_tag=LSM04_001607;orig_transcript_id=gnl|WGS:JAJSEB|jg9423.t1;product=TGS protein;protein_id=KAH9581957.1",1107
"JAJSEB010000048.1","Genbank","gene",242994,249080,".","-",".","ID=gene-LSM04_007519;Name=LSM04_007519;gbkey=Gene;gene_biotype=protein_coding;locus_tag=LSM04_007519",6087
"JAJSEB010000048.1","Genbank","mRNA",242994,249080,".","-",".","ID=rna-gnl|WGS:JAJSEB|jg9424.t1;Parent=gene-LSM04_007519;gbkey=mRNA;locus_tag=LSM04_007519;orig_protein_id=gnl|WGS:JAJSEB|jg9424.t1.CDS1;orig_transcript_id=gnl|WGS:JAJSEB|jg9424.t1;product=Gamma tubulin complex component protein",6087
"JAJSEB010000048.1","Genbank","exon",242994,249080,".","-",".","ID=exon-gnl|WGS:JAJSEB|jg9424.t1-1;Parent=rna-gnl|WGS:JAJSEB|jg9424.t1;gbkey=mRNA;locus_tag=LSM04_007519;orig_protein_id=gnl|WGS:JAJSEB|jg9424.t1.CDS1;orig_transcript_id=gnl|WGS:JAJSEB|jg9424.t1;product=Gamma tubulin complex component protein",6087
"JAJSEB010000048.1","Genbank","CDS",242994,249080,".","-","0","ID=cds-KAH9582204.1;Parent=rna-gnl|WGS:JAJSEB|jg9424.t1;Dbxref=NCBI_GP:KAH9582204.1;Name=KAH9582204.1;gbkey=CDS;locus_tag=LSM04_007519;orig_transcript_id=gnl|WGS:JAJSEB|jg9424.t1;product=Gamma tubulin complex component protein;protein_id=KAH9582204.1",6087
"JAJSEB010000048.1","Genbank","gene",249520,251292,".","-",".","ID=gene-LSM04_001180;Name=LSM04_001180;gbkey=Gene;gene_biotype=protein_coding;locus_tag=LSM04_001180",1773
"JAJSEB010000048.1","Genbank","mRNA",249520,251292,".","-",".","ID=rna-gnl|WGS:JAJSEB|jg9425.t1;Parent=gene-LSM04_001180;gbkey=mRNA;locus_tag=LSM04_001180;orig_protein_id=gnl|WGS:JAJSEB|jg9425.t1.CDS1;orig_transcript_id=gnl|WGS:JAJSEB|jg9425.t1;product=Sec1-like protein",1773
"JAJSEB010000048.1","Genbank","exon",249520,251292,".","-",".","ID=exon-gnl|WGS:JAJSEB|jg9425.t1-1;Parent=rna-gnl|WGS:JAJSEB|jg9425.t1;gbkey=mRNA;locus_tag=LSM04_001180;orig_protein_id=gnl|WGS:JAJSEB|jg9425.t1.CDS1;orig_transcript_id=gnl|WGS:JAJSEB|jg9425.t1;product=Sec1-like protein",1773
"JAJSEB010000048.1","Genbank","CDS",249520,251292,".","-","0","ID=cds-KAH9581941.1;Parent=rna-gnl|WGS:JAJSEB|jg9425.t1;Dbxref=NCBI_GP:KAH9581941.1;Name=KAH9581941.1;gbkey=CDS;locus_tag=LSM04_001180;orig_transcript_id=gnl|WGS:JAJSEB|jg9425.t1;product=Sec1-like protein;protein_id=KAH9581941.1",1773
"JAJSEB010000048.1","Genbank","gene",251956,252795,".","-",".","ID=gene-LSM04_008731;Name=LSM04_008731;gbkey=Gene;gene_biotype=protein_coding;locus_tag=LSM04_008731",840
"JAJSEB010000048.1","Genbank","mRNA",251956,252795,".","-",".","ID=rna-gnl|WGS:JAJSEB|jg9426.t1;Parent=gene-LSM04_008731;gbkey=mRNA;locus_tag=LSM04_008731;orig_protein_id=gnl|WGS:JAJSEB|jg9426.t1.CDS1;orig_transcript_id=gnl|WGS:JAJSEB|jg9426.t1;product=BRCT domain",840
"JAJSEB010000048.1","Genbank","exon",251956,252795,".","-",".","ID=exon-gnl|WGS:JAJSEB|jg9426.t1-1;Parent=rna-gnl|WGS:JAJSEB|jg9426.t1;gbkey=mRNA;locus_tag=LSM04_008731;orig_protein_id=gnl|WGS:JAJSEB|jg9426.t1.CDS1;orig_transcript_id=gnl|WGS:JAJSEB|jg9426.t1;product=BRCT domain",840
"JAJSEB010000048.1","Genbank","CDS",251956,252795,".","-","0","ID=cds-KAH9582270.1;Parent=rna-gnl|WGS:JAJSEB|jg9426.t1;Dbxref=NCBI_GP:KAH9582270.1;Name=KAH9582270.1;gbkey=CDS;locus_tag=LSM04_008731;orig_transcript_id=gnl|WGS:JAJSEB|jg9426.t1;product=BRCT domain;protein_id=KAH9582270.1",840
